conid,start,end,open,high,low,close,volume,source
265598,2023-08-19T15:24:19.068302+00:00,2023-08-20T15:24:19.068302+00:00,189.0710302,190.3741691,188.9018901,190.2040155,1098,synthetic
265598,2023-08-20T15:24:19.068302+00:00,2023-08-21T15:24:19.068302+00:00,190.2040155,190.5238982,190.0755723,190.3953257,1105,synthetic
265598,2023-08-21T15:24:19.068302+00:00,2023-08-22T15:24:19.068302+00:00,190.3953257,190.4950653,188.964131,189.0631727,1112,synthetic
265598,2023-08-22T15:24:19.068302+00:00,2023-08-23T15:24:19.068302+00:00,189.0631727,189.2452186,187.8393469,188.0203887,1119,synthetic
265598,2023-08-23T15:24:19.068302+00:00,2023-08-24T15:24:19.068302+00:00,188.0203887,188.2389834,188.0194936,188.2380872,1126,synthetic
265598,2023-08-24T15:24:19.068302+00:00,2023-08-25T15:24:19.068302+00:00,188.2380872,188.9019259,188.0573277,188.7207029,1133,synthetic
265598,2023-08-25T15:24:19.068302+00:00,2023-08-26T15:24:19.068302+00:00,188.7207029,189.3342877,188.6203145,189.2336265,1140,synthetic
265598,2023-08-26T15:24:19.068302+00:00,2023-08-27T15:24:19.068302+00:00,189.2336265,190.2754378,189.1071732,190.1483733,1147,synthetic
265598,2023-08-27T15:24:19.068302+00:00,2023-08-28T15:24:19.068302+00:00,190.1483733,190.4970181,189.9774681,190.3259532,1154,synthetic
265598,2023-08-28T15:24:19.068302+00:00,2023-08-29T15:24:19.068302+00:00,190.3259532,190.3592232,188.9733954,189.0064348,1161,synthetic
265598,2023-08-29T15:24:19.068302+00:00,2023-08-30T15:24:19.068302+00:00,189.0064348,189.1944519,187.6830125,187.8698991,1168,synthetic
265598,2023-08-30T15:24:19.068302+00:00,2023-08-31T15:24:19.068302+00:00,187.8698991,188.2640057,187.8001405,188.1941267,1175,synthetic
265598,2023-08-31T15:24:19.068302+00:00,2023-09-01T15:24:19.068302+00:00,188.1941267,189.0882338,188.0452806,188.9387987,1182,synthetic
265598,2023-09-01T15:24:19.068302+00:00,2023-09-02T15:24:19.068302+00:00,188.9387987,189.5694236,188.7866045,189.4168443,1189,synthetic
265598,2023-09-02T15:24:19.068302+00:00,2023-09-03T15:24:19.068302+00:00,189.4168443,190.1438896,189.3507959,190.0776108,1196,synthetic
265598,2023-09-03T15:24:19.068302+00:00,2023-09-04T15:24:19.068302+00:00,190.0776108,190.3996458,189.8881127,190.2100158,1203,synthetic
265598,2023-09-04T15:24:19.068302+00:00,2023-09-05T15:24:19.068302+00:00,190.2100158,190.2477962,188.9188449,188.9563764,1210,synthetic
265598,2023-09-05T15:24:19.068302+00:00,2023-09-06T15:24:19.068302+00:00,188.9563764,189.1241521,187.5975318,187.7642491,1217,synthetic
265598,2023-09-06T15:24:19.068302+00:00,2023-09-07T15:24:19.068302+00:00,187.7642491,188.2824716,187.635428,188.1533835,1224,synthetic
265598,2023-09-07T15:24:19.068302+00:00,2023-09-08T15:24:19.068302+00:00,188.1533835,189.2386376,188.057189,189.1419377,1231,synthetic
265598,2023-09-08T15:24:19.068302+00:00,2023-09-09T15:24:19.068302+00:00,189.1419377,189.7972455,188.9590839,189.6139355,1238,synthetic
265598,2023-09-09T15:24:19.068302+00:00,2023-09-10T15:24:19.068302+00:00,189.6139355,190.0036843,189.6102409,189.9999822,1245,synthetic
265598,2023-09-10T15:24:19.068302+00:00,2023-09-11T15:24:19.068302+00:00,189.9999822,190.2322278,189.8183314,190.0505286,1252,synthetic
265598,2023-09-11T15:24:19.068302+00:00,2023-09-12T15:24:19.068302+00:00,190.0505286,190.1539831,188.8037622,188.9065939,1259,synthetic
265598,2023-09-12T15:24:19.068302+00:00,2023-09-13T15:24:19.068302+00:00,188.9065939,189.0307456,187.5837007,187.7070641,1266,synthetic
265598,2023-09-13T15:24:19.068302+00:00,2023-09-14T15:24:19.068302+00:00,187.7070641,188.2935634,187.5371598,188.1232824,1273,synthetic
265598,2023-09-14T15:24:19.068302+00:00,2023-09-15T15:24:19.068302+00:00,188.1232824,189.3526657,188.0931284,189.3223195,1280,synthetic
265598,2023-09-15T15:24:19.068302+00:00,2023-09-16T15:24:19.068302+00:00,189.3223195,190.0046575,189.1342933,189.8161409,1287,synthetic
265598,2023-09-16T15:24:19.068302+00:00,2023-09-17T15:24:19.068302+00:00,189.8161409,189.9960061,189.7430721,189.9228962,1294,synthetic
265598,2023-09-17T15:24:19.068302+00:00,2023-09-18T15:24:19.068302+00:00,189.9228962,190.0713821,189.7049726,189.8534041,1301,synthetic
265598,2023-09-18T15:24:19.068302+00:00,2023-09-19T15:24:19.068302+00:00,189.8534041,190.007975,188.6971326,188.8508872,1308,synthetic
265598,2023-09-19T15:24:19.068302+00:00,2023-09-20T15:24:19.068302+00:00,188.8508872,188.9141249,187.6360566,187.6989086,1315,synthetic
265598,2023-09-20T15:24:19.068302+00:00,2023-09-21T15:24:19.068302+00:00,187.6989086,188.2993699,187.5115866,188.111636,1322,synthetic
265598,2023-09-21T15:24:19.068302+00:00,2023-09-22T15:24:19.068302+00:00,188.111636,189.5148953,188.0715617,189.4745307,1329,synthetic
265598,2023-09-22T15:24:19.068302+00:00,2023-09-23T15:24:19.068302+00:00,189.4745307,190.1807247,189.3075965,190.0133158,1336,synthetic
265598,2023-09-23T15:24:19.068302+00:00,2023-09-24T15:24:19.068302+00:00,190.0133158,190.1457013,189.7199689,189.8522422,1343,synthetic
265598,2023-09-24T15:24:19.068302+00:00,2023-09-25T15:24:19.068302+00:00,189.8522422,189.9468922,189.5325348,189.6270725,1350,synthetic
265598,2023-09-25T15:24:19.068302+00:00,2023-09-26T15:24:19.068302+00:00,189.6270725,189.8110894,188.6008103,188.784009,1357,synthetic
265598,2023-09-26T15:24:19.068302+00:00,2023-09-27T15:24:19.068302+00:00,188.784009,188.7904663,187.7308964,187.7373179,1364,synthetic
265598,2023-09-27T15:24:19.068302+00:00,2023-09-28T15:24:19.068302+00:00,187.7373179,188.3048784,187.5586602,188.125851,1371,synthetic
265598,2023-09-28T15:24:19.068302+00:00,2023-09-29T15:24:19.068302+00:00,188.125851,189.701374,188.0211316,189.5958363,1378,synthetic
265598,2023-09-29T15:24:19.068302+00:00,2023-09-30T15:24:19.068302+00:00,189.5958363,190.3175698,189.4733493,190.1946959,1385,synthetic
265598,2023-09-30T15:24:19.068302+00:00,2023-10-01T15:24:19.068302+00:00,190.1946959,190.3680237,189.6189199,189.7918806,1392,synthetic
265598,2023-10-01T15:24:19.068302+00:00,2023-10-02T15:24:19.068302+00:00,189.7918806,189.8195403,189.3542927,189.3818926,1399,synthetic
265598,2023-10-02T15:24:19.068302+00:00,2023-10-03T15:24:19.068302+00:00,189.3818926,189.5696317,188.5152562,188.7023217,1406,synthetic
265598,2023-10-03T15:24:19.068302+00:00,2023-10-04T15:24:19.068302+00:00,188.7023217,188.7775183,187.7422336,187.8170774,1413,synthetic
265598,2023-10-04T15:24:19.068302+00:00,2023-10-05T15:24:19.068302+00:00,187.8170774,188.3175216,187.6719782,188.172148,1420,synthetic
265598,2023-10-05T15:24:19.068302+00:00,2023-10-06T15:24:19.068302+00:00,188.172148,189.8422677,188.0173537,189.6862279,1427,synthetic
265598,2023-10-06T15:24:19.068302+00:00,2023-10-07T15:24:19.068302+00:00,189.6862279,190.4108305,189.6253492,190.3497389,1434,synthetic
265598,2023-10-07T15:24:19.068302+00:00,2023-10-08T15:24:19.068302+00:00,190.3497389,190.5398633,189.5538217,189.7433405,1441,synthetic
265598,2023-10-08T15:24:19.068302+00:00,2023-10-09T15:24:19.068302+00:00,189.7433405,189.7864877,189.0863934,189.129401,1448,synthetic
265598,2023-10-09T15:24:19.068302+00:00,2023-10-10T15:24:19.068302+00:00,189.129401,189.2946957,188.439462,188.6042978,1455,synthetic
265598,2023-10-10T15:24:19.068302+00:00,2023-10-11T15:24:19.068302+00:00,188.6042978,188.7376795,187.7978175,187.9307229,1462,synthetic
265598,2023-10-11T15:24:19.068302+00:00,2023-10-12T15:24:19.068302+00:00,187.9307229,188.3463077,187.8394398,188.2548672,1469,synthetic
265598,2023-10-12T15:24:19.068302+00:00,2023-10-13T15:24:19.068302+00:00,188.2548672,189.9330164,188.0715325,189.7482274,1476,synthetic
265598,2023-10-13T15:24:19.068302+00:00,2023-10-14T15:24:19.068302+00:00,189.7482274,190.4782845,189.7389455,190.4689674,1483,synthetic
265598,2023-10-14T15:24:19.068302+00:00,2023-10-15T15:24:19.068302+00:00,190.4689674,190.6493433,189.5260996,189.7057528,1490,synthetic
265598,2023-10-15T15:24:19.068302+00:00,2023-10-16T15:24:19.068302+00:00,189.7057528,189.8136607,188.7740269,188.881466,1497,synthetic
265598,2023-10-16T15:24:19.068302+00:00,2023-10-17T15:24:19.068302+00:00,188.881466,189.0013554,188.3711765,188.490818,1504,synthetic
265598,2023-10-17T15:24:19.068302+00:00,2023-10-18T15:24:19.068302+00:00,188.490818,188.663717,187.8967038,188.0692161,1511,synthetic
265598,2023-10-18T15:24:19.068302+00:00,2023-10-19T15:24:19.068302+00:00,188.0692161,188.4006314,188.0445502,188.3759252,1518,synthetic
265598,2023-10-19T15:24:19.068302+00:00,2023-10-20T15:24:19.068302+00:00,188.3759252,189.9742211,188.189568,189.7864685,1525,synthetic
265598,2023-10-20T15:24:19.068302+00:00,2023-10-21T15:24:19.068302+00:00,189.7864685,190.6232355,189.708285,190.5447396,1532,synthetic
265598,2023-10-21T15:24:19.068302+00:00,2023-10-22T15:24:19.068302+00:00,190.5447396,190.6901487,189.5312768,189.676023,1539,synthetic
265598,2023-10-22T15:24:19.068302+00:00,2023-10-23T15:24:19.068302+00:00,189.676023,189.8336255,188.492667,188.6494165,1546,synthetic
265598,2023-10-23T15:24:19.068302+00:00,2023-10-24T15:24:19.068302+00:00,188.6494165,188.707325,188.3074133,188.3652346,1553,synthetic
265598,2023-10-24T15:24:19.068302+00:00,2023-10-25T15:24:19.068302+00:00,188.3652346,188.5534914,188.0346214,188.2227357,1560,synthetic
265598,2023-10-25T15:24:19.068302+00:00,2023-10-26T15:24:19.068302+00:00,188.2227357,188.5800449,188.17724,188.5344738,1567,synthetic
265598,2023-10-26T15:24:19.068302+00:00,2023-10-27T15:24:19.068302+00:00,188.5344738,189.971607,188.371066,189.8070963,1574,synthetic
265598,2023-10-27T15:24:19.068302+00:00,2023-10-28T15:24:19.068302+00:00,189.8070963,190.7086233,189.6709025,190.5718808,1581,synthetic
265598,2023-10-28T15:24:19.068302+00:00,2023-10-29T15:24:19.068302+00:00,190.5718808,190.6619838,189.5595589,189.6492257,1588,synthetic
265598,2023-10-29T15:24:19.068302+00:00,2023-10-30T15:24:19.068302+00:00,189.6492257,189.8345326,188.2590936,188.4432221,1595,synthetic
265598,2023-10-30T15:24:19.068302+00:00,2023-10-31T15:24:19.068302+00:00,188.4432221,188.4552105,188.2212194,188.2331945,1602,synthetic
265598,2023-10-31T15:24:19.068302+00:00,2023-11-01T15:24:19.068302+00:00,188.2331945,188.5590007,188.0558455,188.3815119,1609,synthetic
265598,2023-11-01T15:24:19.068302+00:00,2023-11-02T15:24:19.068302+00:00,188.3815119,188.8364202,188.2720875,188.7267952,1616,synthetic
265598,2023-11-02T15:24:19.068302+00:00,2023-11-03T15:24:19.068302+00:00,188.7267952,189.9353523,188.6091644,189.8170419,1623,synthetic
265598,2023-11-03T15:24:19.068302+00:00,2023-11-04T15:24:19.068302+00:00,189.8170419,190.7240025,189.6418321,190.5481179,1630,synthetic
265598,2023-11-04T15:24:19.068302+00:00,2023-11-05T15:24:19.068302+00:00,190.5481179,190.5703247,189.5970859,189.6191845,1637,synthetic
265598,2023-11-05T15:24:19.068302+00:00,2023-11-06T15:24:19.068302+00:00,189.6191845,189.8063436,188.0849662,188.2707943,1644,synthetic
265598,2023-11-06T15:24:19.068302+00:00,2023-11-07T15:24:19.068302+00:00,188.2707943,188.3508711,188.0222283,188.1022334,1651,synthetic
265598,2023-11-07T15:24:19.068302+00:00,2023-11-08T15:24:19.068302+00:00,188.1022334,188.6786985,187.9604937,188.5366315,1658,synthetic
265598,2023-11-08T15:24:19.068302+00:00,2023-11-09T15:24:19.068302+00:00,188.5366315,189.1049731,188.378448,188.9464458,1665,synthetic
265598,2023-11-09T15:24:19.068302+00:00,2023-11-10T15:24:19.068302+00:00,188.9464458,189.8788439,188.8911003,189.8232415,1672,synthetic
265598,2023-11-10T15:24:19.068302+00:00,2023-11-11T15:24:19.068302+00:00,189.8232415,190.6647205,189.6334532,190.4742814,1679,synthetic
265598,2023-11-11T15:24:19.068302+00:00,2023-11-12T15:24:19.068302+00:00,190.4742814,190.5230378,189.5306542,189.5791815,1686,synthetic
265598,2023-11-12T15:24:19.068302+00:00,2023-11-13T15:24:19.068302+00:00,189.5791815,189.7420846,187.9758035,188.1374678,1693,synthetic
265598,2023-11-13T15:24:19.068302+00:00,2023-11-14T15:24:19.068302+00:00,188.1374678,188.2743784,187.8443803,187.9811772,1700,synthetic
265598,2023-11-14T15:24:19.068302+00:00,2023-11-15T15:24:19.068302+00:00,187.9811772,188.7674928,187.8947477,188.6807416,1707,synthetic
265598,2023-11-15T15:24:19.068302+00:00,2023-11-16T15:24:19.068302+00:00,188.6807416,189.3700648,188.4958099,189.1846392,1714,synthetic
265598,2023-11-16T15:24:19.068302+00:00,2023-11-17T15:24:19.068302+00:00,189.1846392,189.8467368,189.1698249,189.8318718,1721,synthetic
265598,2023-11-17T15:24:19.068302+00:00,2023-11-18T15:24:19.068302+00:00,189.8318718,190.5326424,189.6539726,190.3542537,1728,synthetic
265598,2023-11-18T15:24:19.068302+00:00,2023-11-19T15:24:19.068302+00:00,190.3542537,190.4670936,189.4103842,189.5227312,1735,synthetic
265598,2023-11-19T15:24:19.068302+00:00,2023-11-20T15:24:19.068302+00:00,189.5227312,189.638663,187.9306755,188.0457039,1742,synthetic
265598,2023-11-20T15:24:19.068302+00:00,2023-11-21T15:24:19.068302+00:00,188.0457039,188.220325,187.7049358,187.8794025,1749,synthetic
265598,2023-11-21T15:24:19.068302+00:00,2023-11-22T15:24:19.068302+00:00,187.8794025,188.827832,187.8602566,188.8085915,1756,synthetic
265598,2023-11-22T15:24:19.068302+00:00,2023-11-23T15:24:19.068302+00:00,188.8085915,189.6173428,188.6226991,189.4308377,1763,synthetic
265598,2023-11-23T15:24:19.068302+00:00,2023-11-24T15:24:19.068302+00:00,189.4308377,189.9309422,189.3477519,189.8476736,1770,synthetic
265598,2023-11-24T15:24:19.068302+00:00,2023-11-25T15:24:19.068302+00:00,189.8476736,190.3361302,189.7064719,190.1946705,1777,synthetic
265598,2023-11-25T15:24:19.068302+00:00,2023-11-26T15:24:19.068302+00:00,190.1946705,190.3557516,189.283899,189.4443447,1784,synthetic
265598,2023-11-26T15:24:19.068302+00:00,2023-11-27T15:24:19.068302+00:00,189.4443447,189.4971629,187.9426283,187.9950425,1791,synthetic
265598,2023-11-27T15:24:19.068302+00:00,2023-11-28T15:24:19.068302+00:00,187.9950425,188.1830356,187.6182171,187.8060212,1798,synthetic
265598,2023-11-28T15:24:19.068302+00:00,2023-11-29T15:24:19.068302+00:00,187.8060212,188.9684066,187.7552797,188.9173649,1805,synthetic
265598,2023-11-29T15:24:19.068302+00:00,2023-11-30T15:24:19.068302+00:00,188.9173649,189.8350405,188.7564709,189.6735026,1812,synthetic
265598,2023-11-30T15:24:19.068302+00:00,2023-12-01T15:24:19.068302+00:00,189.6735026,190.0135029,189.5335735,189.8734263,1819,synthetic
265598,2023-12-01T15:24:19.068302+00:00,2023-12-02T15:24:19.068302+00:00,189.8734263,190.0892654,189.788619,190.0043997,1826,synthetic
265598,2023-12-02T15:24:19.068302+00:00,2023-12-03T15:24:19.068302+00:00,190.0043997,190.1911635,189.1541028,189.3402138,1833,synthetic
265598,2023-12-03T15:24:19.068302+00:00,2023-12-04T15:24:19.068302+00:00,189.3402138,189.3578181,187.9648216,187.9822997,1840,synthetic
265598,2023-12-04T15:24:19.068302+00:00,2023-12-05T15:24:19.068302+00:00,187.9822997,188.1574806,187.5940807,187.7690629,1847,synthetic
265598,2023-12-05T15:24:19.068302+00:00,2023-12-06T15:24:19.068302+00:00,187.7690629,189.1210468,187.6555408,189.0067765,1854,synthetic
265598,2023-12-06T15:24:19.068302+00:00,2023-12-07T15:24:19.068302+00:00,189.0067765,190.0148781,188.8933744,189.9009395,1861,synthetic
265598,2023-12-07T15:24:19.068302+00:00,2023-12-08T15:24:19.068302+00:00,189.9009395,190.086993,189.7235772,189.9096225,1868,synthetic
265598,2023-12-08T15:24:19.068302+00:00,2023-12-09T15:24:19.068302+00:00,189.9096225,189.9261914,189.7772844,189.7938431,1875,synthetic
265598,2023-12-09T15:24:19.068302+00:00,2023-12-10T15:24:19.068302+00:00,189.7938431,189.980196,189.0229706,189.208749,1882,synthetic
265598,2023-12-10T15:24:19.068302+00:00,2023-12-11T15:24:19.068302+00:00,189.208749,189.2942322,187.917056,188.001994,1889,synthetic
265598,2023-12-11T15:24:19.068302+00:00,2023-12-12T15:24:19.068302+00:00,188.001994,188.1399573,187.6369309,187.7747274,1896,synthetic
265598,2023-12-12T15:24:19.068302+00:00,2023-12-13T15:24:19.068302+00:00,187.7747274,189.2405254,187.6142429,189.0789263,1903,synthetic
265598,2023-12-13T15:24:19.068302+00:00,2023-12-14T15:24:19.068302+00:00,189.0789263,190.1524741,189.0288893,190.1021664,1910,synthetic
265598,2023-12-14T15:24:19.068302+00:00,2023-12-15T15:24:19.068302+00:00,190.1021664,190.2922586,189.7644286,189.954373,1917,synthetic
265598,2023-12-15T15:24:19.068302+00:00,2023-12-16T15:24:19.068302+00:00,189.954373,190.0083824,189.5202225,189.5741237,1924,synthetic
265598,2023-12-16T15:24:19.068302+00:00,2023-12-17T15:24:19.068302+00:00,189.5741237,189.7340966,188.8913884,189.0509198,1931,synthetic
265598,2023-12-17T15:24:19.068302+00:00,2023-12-18T15:24:19.068302+00:00,189.0509198,189.1922537,187.9063749,188.0469583,1938,synthetic
265598,2023-12-18T15:24:19.068302+00:00,2023-12-19T15:24:19.068302+00:00,188.0469583,188.1284633,187.7453665,187.8267761,1945,synthetic
265598,2023-12-19T15:24:19.068302+00:00,2023-12-20T15:24:19.068302+00:00,187.8267761,189.3243319,187.6416642,189.1379277,1952,synthetic
265598,2023-12-20T15:24:19.068302+00:00,2023-12-21T15:24:19.068302+00:00,189.1379277,190.2882071,189.1175712,190.2677289,1959,synthetic
265598,2023-12-21T15:24:19.068302+00:00,2023-12-22T15:24:19.068302+00:00,190.2677289,190.4440042,189.8275213,190.0035518,1966,synthetic
265598,2023-12-22T15:24:19.068302+00:00,2023-12-23T15:24:19.068302+00:00,190.0035518,190.1206409,189.2395369,189.3562271,1973,synthetic
265598,2023-12-23T15:24:19.068302+00:00,2023-12-24T15:24:19.068302+00:00,189.3562271,189.4675959,188.7592803,188.8703634,1980,synthetic
265598,2023-12-24T15:24:19.068302+00:00,2023-12-25T15:24:19.068302+00:00,188.8703634,189.0477379,187.9324213,188.1090809,1987,synthetic
265598,2023-12-25T15:24:19.068302+00:00,2023-12-26T15:24:19.068302+00:00,188.1090809,188.1227315,187.9124795,187.9261169,1994,synthetic
265598,2023-12-26T15:24:19.068302+00:00,2023-12-27T15:24:19.068302+00:00,187.9261169,189.3745583,187.7421424,189.1893471,2001,synthetic
265598,2023-12-27T15:24:19.068302+00:00,2023-12-28T15:24:19.068302+00:00,189.1893471,190.478903,189.1013967,190.3903943,2008,synthetic
265598,2023-12-28T15:24:19.068302+00:00,2023-12-29T15:24:19.068302+00:00,190.3903943,190.5281906,189.9136179,190.0511688,2015,synthetic
265598,2023-12-29T15:24:19.068302+00:00,2023-12-30T15:24:19.068302+00:00,190.0511688,190.2150342,188.9870841,189.1501726,2022,synthetic
265598,2023-12-30T15:24:19.068302+00:00,2023-12-31T15:24:19.068302+00:00,189.1501726,189.197537,188.6260038,188.6732489,2029,synthetic
265598,2023-12-31T15:24:19.068302+00:00,2024-01-01T15:24:19.068302+00:00,188.6732489,188.8618633,187.9919865,188.1801079,2036,synthetic
265598,2024-01-01T15:24:19.068302+00:00,2024-01-02T15:24:19.068302+00:00,188.1801079,188.2362635,188.0144988,188.0706217,2043,synthetic
265598,2024-01-02T15:24:19.068302+00:00,2024-01-03T15:24:19.068302+00:00,188.0706217,189.397685,187.9134207,189.239507,2050,synthetic
265598,2024-01-03T15:24:19.068302+00:00,2024-01-04T15:24:19.068302+00:00,189.239507,190.6099012,189.0961968,190.4656624,2057,synthetic
265598,2024-01-04T15:24:19.068302+00:00,2024-01-05T15:24:19.068302+00:00,190.4656624,190.5456794,190.0100769,190.089936,2064,synthetic
265598,2024-01-05T15:24:19.068302+00:00,2024-01-06T15:24:19.068302+00:00,190.089936,190.2777322,188.777602,188.9642862,2071,synthetic
265598,2024-01-06T15:24:19.068302+00:00,2024-01-07T15:24:19.068302+00:00,188.9642862,188.9873881,188.4448629,188.4679041,2078,synthetic
265598,2024-01-07T15:24:19.068302+00:00,2024-01-08T15:24:19.068302+00:00,188.4679041,188.6414484,188.0790871,188.252433,2085,synthetic
265598,2024-01-08T15:24:19.068302+00:00,2024-01-09T15:24:19.068302+00:00,188.252433,188.373377,188.1342526,188.2551949,2092,synthetic
265598,2024-01-09T15:24:19.068302+00:00,2024-01-10T15:24:19.068302+00:00,188.2551949,189.4037874,188.1467275,189.2947211,2099,synthetic
265598,2024-01-10T15:24:19.068302+00:00,2024-01-11T15:24:19.068302+00:00,189.2947211,190.6718946,189.1160098,190.4920529,2106,synthetic
265598,2024-01-11T15:24:19.068302+00:00,2024-01-12T15:24:19.068302+00:00,190.4920529,190.5030775,190.100974,190.1119766,2113,synthetic
265598,2024-01-12T15:24:19.068302+00:00,2024-01-13T15:24:19.068302+00:00,190.1119766,190.2974998,188.6203894,188.8046368,2120,synthetic
265598,2024-01-13T15:24:19.068302+00:00,2024-01-14T15:24:19.068302+00:00,188.8046368,188.8948603,188.1742722,188.2642374,2127,synthetic
265598,2024-01-14T15:24:19.068302+00:00,2024-01-15T15:24:19.068302+00:00,188.2642374,188.454172,188.1299075,188.3198024,2134,synthetic
265598,2024-01-15T15:24:19.068302+00:00,2024-01-16T15:24:19.068302+00:00,188.3198024,188.6359805,188.1560429,188.4720886,2141,synthetic
265598,2024-01-16T15:24:19.068302+00:00,2024-01-17T15:24:19.068302+00:00,188.4720886,189.4052437,188.4275858,189.3605311,2148,synthetic
265598,2024-01-17T15:24:19.068302+00:00,2024-01-18T15:24:19.068302+00:00,189.3605311,190.6614633,189.1713197,190.4711422,2155,synthetic
265598,2024-01-18T15:24:19.068302+00:00,2024-01-19T15:24:19.068302+00:00,190.4711422,190.5306521,190.0502151,190.1096121,2162,synthetic
265598,2024-01-19T15:24:19.068302+00:00,2024-01-20T15:24:19.068302+00:00,190.1096121,190.2669636,188.5185192,188.6746829,2169,synthetic
265598,2024-01-20T15:24:19.068302+00:00,2024-01-21T15:24:19.068302+00:00,188.6746829,188.8193642,187.928782,188.0730019,2176,synthetic
265598,2024-01-21T15:24:19.068302+00:00,2024-01-22T15:24:19.068302+00:00,188.0730019,188.4544866,187.9965118,188.3778725,2183,synthetic
265598,2024-01-22T15:24:19.068302+00:00,2024-01-23T15:24:19.068302+00:00,188.3778725,188.8982834,188.1913582,188.7114389,2190,synthetic
265598,2024-01-23T15:24:19.068302+00:00,2024-01-24T15:24:19.068302+00:00,188.7114389,189.4669461,188.6856125,189.4410199,2197,synthetic
265598,2024-01-24T15:24:19.068302+00:00,2024-01-25T15:24:19.068302+00:00,189.4410199,190.5815685,189.2676862,190.4073507,2204,synthetic
265598,2024-01-25T15:24:19.068302+00:00,2024-01-26T15:24:19.068302+00:00,190.4073507,190.5290533,189.9546636,190.0761546,2211,synthetic
265598,2024-01-26T15:24:19.068302+00:00,2024-01-27T15:24:19.068302+00:00,190.0761546,190.1833718,188.468788,188.5751585,2218,synthetic
265598,2024-01-27T15:24:19.068302+00:00,2024-01-28T15:24:19.068302+00:00,188.5751585,188.7540866,187.7266736,187.9049658,2225,synthetic
265598,2024-01-28T15:24:19.068302+00:00,2024-01-29T15:24:19.068302+00:00,187.9049658,188.4327028,187.8968544,188.4245689,2232,synthetic
265598,2024-01-29T15:24:19.068302+00:00,2024-01-30T15:24:19.068302+00:00,188.4245689,189.1457515,188.2413182,188.9619782,2239,synthetic
265598,2024-01-30T15:24:19.068302+00:00,2024-01-31T15:24:19.068302+00:00,188.9619782,189.6312795,188.8692452,189.5382637,2246,synthetic
265598,2024-01-31T15:24:19.068302+00:00,2024-02-01T15:24:19.068302+00:00,189.5382637,190.4413099,189.4049948,190.3075001,2253,synthetic
265598,2024-02-01T15:24:19.068302+00:00,2024-02-02T15:24:19.068302+00:00,190.3075001,190.4743539,189.8400421,190.0066321,2260,synthetic
265598,2024-02-02T15:24:19.068302+00:00,2024-02-03T15:24:19.068302+00:00,190.0066321,190.0487737,188.4623966,188.504205,2267,synthetic
265598,2024-02-03T15:24:19.068302+00:00,2024-02-04T15:24:19.068302+00:00,188.504205,188.6924302,187.582569,187.7700611,2274,synthetic
265598,2024-02-04T15:24:19.068302+00:00,2024-02-05T15:24:19.068302+00:00,187.7700611,188.5217277,187.708775,188.4602163,2281,synthetic
265598,2024-02-05T15:24:19.068302+00:00,2024-02-06T15:24:19.068302+00:00,188.4602163,189.3668902,188.3058043,189.2118623,2288,synthetic
265598,2024-02-06T15:24:19.068302+00:00,2024-02-07T15:24:19.068302+00:00,189.2118623,189.7991854,189.0649966,189.651978,2295,synthetic
265598,2024-02-07T15:24:19.068302+00:00,2024-02-08T15:24:19.068302+00:00,189.651978,190.2549613,189.5774052,190.1801808,2302,synthetic
265598,2024-02-08T15:24:19.068302+00:00,2024-02-09T15:24:19.068302+00:00,190.1801808,190.368852,189.7099879,189.8983796,2309,synthetic
265598,2024-02-09T15:24:19.068302+00:00,2024-02-10T15:24:19.068302+00:00,189.8983796,189.9271355,188.4291954,188.4577331,2316,synthetic
265598,2024-02-10T15:24:19.068302+00:00,2024-02-11T15:24:19.068302+00:00,188.4577331,188.6290286,187.5059992,187.6765847,2323,synthetic
265598,2024-02-11T15:24:19.068302+00:00,2024-02-12T15:24:19.068302+00:00,187.6765847,188.6100242,187.5545152,188.4874273,2330,synthetic
265598,2024-02-12T15:24:19.068302+00:00,2024-02-13T15:24:19.068302+00:00,188.4874273,189.5540905,188.3834096,189.4495417,2337,synthetic
265598,2024-02-13T15:24:19.068302+00:00,2024-02-14T15:24:19.068302+00:00,189.4495417,189.9603235,189.2689226,189.7793899,2344,synthetic
265598,2024-02-14T15:24:19.068302+00:00,2024-02-15T15:24:19.068302+00:00,189.7793899,190.0403938,189.7739903,190.0349868,2351,synthetic
265598,2024-02-15T15:24:19.068302+00:00,2024-02-16T15:24:19.068302+00:00,190.0349868,190.2191324,189.5675683,189.7514391,2358,synthetic
265598,2024-02-16T15:24:19.068302+00:00,2024-02-17T15:24:19.068302+00:00,189.7514391,189.8469839,188.3351,188.4299794,2365,synthetic
265598,2024-02-17T15:24:19.068302+00:00,2024-02-18T15:24:19.068302+00:00,188.4299794,188.5604817,187.5005734,187.630522,2372,synthetic
265598,2024-02-18T15:24:19.068302+00:00,2024-02-19T15:24:19.068302+00:00,187.630522,188.6773586,187.4647045,188.5107631,2379,synthetic
265598,2024-02-19T15:24:19.068302+00:00,2024-02-20T15:24:19.068302+00:00,188.5107631,189.7039401,188.4716644,189.6646021,2386,synthetic
265598,2024-02-20T15:24:19.068302+00:00,2024-02-21T15:24:19.068302+00:00,189.6646021,190.1048148,189.4753906,189.9153532,2393,synthetic
265598,2024-02-21T15:24:19.068302+00:00,2024-02-22T15:24:19.068302+00:00,189.9153532,189.9799761,189.8170766,189.881688,2400,synthetic
265598,2024-02-22T15:24:19.068302+00:00,2024-02-23T15:24:19.068302+00:00,189.881688,190.0356449,189.4150279,189.568731,2407,synthetic
265598,2024-02-23T15:24:19.068302+00:00,2024-02-24T15:24:19.068302+00:00,189.568731,189.7176177,188.266223,188.414203,2414,synthetic
265598,2024-02-24T15:24:19.068302+00:00,2024-02-25T15:24:19.068302+00:00,188.414203,188.4857302,187.5638221,187.6350535,2421,synthetic
265598,2024-02-25T15:24:19.068302+00:00,2024-02-26T15:24:19.068302+00:00,187.6350535,188.723566,187.44858,188.5361969,2428,synthetic
265598,2024-02-26T15:24:19.068302+00:00,2024-02-27T15:24:19.068302+00:00,188.5361969,189.8800104,188.5049063,189.848502,2435,synthetic
265598,2024-02-27T15:24:19.068302+00:00,2024-02-28T15:24:19.068302+00:00,189.848502,190.2242562,189.6771267,190.0526965,2442,synthetic
265598,2024-02-28T15:24:19.068302+00:00,2024-02-29T15:24:19.068302+00:00,190.0526965,190.1784237,189.6038979,189.7294112,2449,synthetic
265598,2024-02-29T15:24:19.068302+00:00,2024-03-01T15:24:19.068302+00:00,189.7294112,189.8317733,189.2538164,189.355977,2456,synthetic
265598,2024-03-01T15:24:19.068302+00:00,2024-03-02T15:24:19.068302+00:00,189.355977,189.5373286,188.2230189,188.4034583,2463,synthetic
265598,2024-03-02T15:24:19.068302+00:00,2024-03-03T15:24:19.068302+00:00,188.4034583,188.4060452,187.6877086,187.6902857,2470,synthetic
265598,2024-03-03T15:24:19.068302+00:00,2024-03-04T15:24:19.068302+00:00,187.6902857,188.7524526,187.5091146,188.5704318,2477,synthetic
265598,2024-03-04T15:24:19.068302+00:00,2024-03-05T15:24:19.068302+00:00,188.5704318,190.0932199,188.4730931,189.9951458,2484,synthetic
265598,2024-03-05T15:24:19.068302+00:00,2024-03-06T15:24:19.068302+00:00,189.9951458,190.3124584,189.8655917,190.1827765,2491,synthetic
265598,2024-03-06T15:24:19.068302+00:00,2024-03-07T15:24:19.068302+00:00,190.1827765,190.3521419,189.4170707,189.5859045,2498,synthetic
265598,2024-03-07T15:24:19.068302+00:00,2024-03-08T15:24:19.068302+00:00,189.5859045,189.6224911,189.0848831,189.12138,2505,synthetic
265598,2024-03-08T15:24:19.068302+00:00,2024-03-09T15:24:19.068302+00:00,189.12138,189.3098367,188.2036406,188.3913698,2512,synthetic
265598,2024-03-09T15:24:19.068302+00:00,2024-03-10T15:24:19.068302+00:00,188.3913698,188.4580756,187.7267387,187.7932327,2519,synthetic
265598,2024-03-10T15:24:19.068302+00:00,2024-03-11T15:24:19.068302+00:00,187.7932327,188.7714281,187.6426042,188.6201363,2526,synthetic
265598,2024-03-11T15:24:19.068302+00:00,2024-03-12T15:24:19.068302+00:00,188.6201363,190.2522636,188.4702915,190.1012421,2533,synthetic
265598,2024-03-12T15:24:19.068302+00:00,2024-03-13T15:24:19.068302+00:00,190.1012421,190.3658288,190.031672,190.2961872,2540,synthetic
265598,2024-03-13T15:24:19.068302+00:00,2024-03-14T15:24:19.068302+00:00,190.2961872,190.4855962,189.2683747,189.4569484,2547,synthetic
265598,2024-03-14T15:24:19.068302+00:00,2024-03-15T15:24:19.068302+00:00,189.4569484,189.4911394,188.8409978,188.8750838,2554,synthetic
265598,2024-03-15T15:24:19.068302+00:00,2024-03-16T15:24:19.068302+00:00,188.8750838,189.0443653,188.2040059,188.3728373,2561,synthetic
265598,2024-03-16T15:24:19.068302+00:00,2024-03-17T15:24:19.068302+00:00,188.3728373,188.4995197,187.8116585,187.9380485,2568,synthetic
265598,2024-03-17T15:24:19.068302+00:00,2024-03-18T15:24:19.068302+00:00,187.9380485,188.790621,187.838994,188.6911695,2575,synthetic
265598,2024-03-18T15:24:19.068302+00:00,2024-03-19T15:24:19.068302+00:00,188.6911695,190.3493355,188.5096749,190.1664219,2582,synthetic
265598,2024-03-19T15:24:19.068302+00:00,2024-03-20T15:24:19.068302+00:00,190.1664219,190.3837535,190.1662328,190.3835643,2589,synthetic
265598,2024-03-20T15:24:19.068302+00:00,2024-03-21T15:24:19.068302+00:00,190.3835643,190.5665828,189.1639439,189.345965,2596,synthetic
265598,2024-03-21T15:24:19.068302+00:00,2024-03-22T15:24:19.068302+00:00,189.345965,189.4460814,188.5287227,188.6284597,2603,synthetic
265598,2024-03-22T15:24:19.068302+00:00,2024-03-23T15:24:19.068302+00:00,188.6284597,188.7550362,188.2182195,188.3446056,2610,synthetic
265598,2024-03-23T15:24:19.068302+00:00,2024-03-24T15:24:19.068302+00:00,188.3446056,188.5135774,187.9477236,188.1164908,2617,synthetic
265598,2024-03-24T15:24:19.068302+00:00,2024-03-25T15:24:19.068302+00:00,188.1164908,188.8215689,188.0829096,188.7878679,2624,synthetic
265598,2024-03-25T15:24:19.068302+00:00,2024-03-26T15:24:19.068302+00:00,188.7878679,190.3823746,188.5999968,190.1931051,2631,synthetic
265598,2024-03-26T15:24:19.068302+00:00,2024-03-27T15:24:19.068302+00:00,190.1931051,190.5064556,190.1231495,190.4364105,2638,synthetic
265598,2024-03-27T15:24:19.068302+00:00,2024-03-28T15:24:19.068302+00:00,190.4364105,190.5874679,189.103739,189.2538584,2645,synthetic
265598,2024-03-28T15:24:19.068302+00:00,2024-03-29T15:24:19.068302+00:00,189.2538584,189.4058828,188.2419463,188.3932795,2652,synthetic
265598,2024-03-29T15:24:19.068302+00:00,2024-03-30T15:24:19.068302+00:00,188.3932795,188.4596355,188.239321,188.3056462,2659,synthetic
265598,2024-03-30T15:24:19.068302+00:00,2024-03-31T15:24:19.068302+00:00,188.3056462,188.5062626,188.1179714,188.3185749,2666,synthetic
265598,2024-03-31T15:24:19.068302+00:00,2024-04-01T15:24:19.068302+00:00,188.3185749,188.9492878,188.2818656,188.9124628,2673,synthetic
265598,2024-04-01T15:24:19.068302+00:00,2024-04-02T15:24:19.068302+00:00,188.9124628,190.3553307,188.7443998,190.1861346,2680,synthetic
265598,2024-04-02T15:24:19.068302+00:00,2024-04-03T15:24:19.068302+00:00,190.1861346,190.5780107,190.056174,190.4478712,2687,synthetic
265598,2024-04-03T15:24:19.068302+00:00,2024-04-04T15:24:19.068302+00:00,190.4478712,190.5458546,189.0817662,189.1790968,2694,synthetic
265598,2024-04-04T15:24:19.068302+00:00,2024-04-05T15:24:19.068302+00:00,189.1790968,189.361803,187.9991033,188.1808454,2701,synthetic
265598,2024-04-05T15:24:19.068302+00:00,2024-04-06T15:24:19.068302+00:00,188.1808454,188.2602727,188.1778874,188.2573136,2708,synthetic
265598,2024-04-06T15:24:19.068302+00:00,2024-04-07T15:24:19.068302+00:00,188.2573136,188.7138174,188.0771222,188.5333618,2715,synthetic
265598,2024-04-07T15:24:19.068302+00:00,2024-04-08T15:24:19.068302+00:00,188.5333618,189.167002,188.4313296,189.0646823,2722,synthetic
265598,2024-04-08T15:24:19.068302+00:00,2024-04-09T15:24:19.068302+00:00,189.0646823,190.2777194,188.9398908,190.1522101,2729,synthetic
265598,2024-04-09T15:24:19.068302+00:00,2024-04-10T15:24:19.068302+00:00,190.1522101,190.5854358,189.9803982,190.4133879,2736,synthetic
265598,2024-04-10T15:24:19.068302+00:00,2024-04-11T15:24:19.068302+00:00,190.4133879,190.4446167,189.0870113,189.1180276,2743,synthetic
265598,2024-04-11T15:24:19.068302+00:00,2024-04-12T15:24:19.068302+00:00,189.1180276,189.3059328,187.8143572,188.0011526,2750,synthetic
265598,2024-04-12T15:24:19.068302+00:00,2024-04-13T15:24:19.068302+00:00,188.0011526,188.2750558,187.9294366,188.2032626,2757,synthetic
265598,2024-04-13T15:24:19.068302+00:00,2024-04-14T15:24:19.068302+00:00,188.2032626,188.8978209,188.0556802,188.74981,2764,synthetic
265598,2024-04-14T15:24:19.068302+00:00,2024-04-15T15:24:19.068302+00:00,188.74981,189.3952364,188.5965515,189.2415786,2771,synthetic
265598,2024-04-15T15:24:19.068302+00:00,2024-04-16T15:24:19.068302+00:00,189.2415786,190.1635063,189.1775389,190.0991764,2778,synthetic
265598,2024-04-16T15:24:19.068302+00:00,2024-04-17T15:24:19.068302+00:00,190.0991764,190.5210736,189.9095057,190.3311714,2785,synthetic
265598,2024-04-17T15:24:19.068302+00:00,2024-04-18T15:24:19.068302+00:00,190.3311714,190.3710178,189.0258113,189.0653927,2792,synthetic
265598,2024-04-18T15:24:19.068302+00:00,2024-04-19T15:24:19.068302+00:00,189.0653927,189.2323021,187.6963086,187.8621557,2799,synthetic
265598,2024-04-19T15:24:19.068302+00:00,2024-04-20T15:24:19.068302+00:00,187.8621557,188.27971,187.7317775,188.1491325,2806,synthetic
265598,2024-04-20T15:24:19.068302+00:00,2024-04-21T15:24:19.068302+00:00,188.1491325,189.0524386,188.054718,188.9576183,2813,synthetic
265598,2024-04-21T15:24:19.068302+00:00,2024-04-22T15:24:19.068302+00:00,188.9576183,189.6212584,188.7744242,189.437599,2820,synthetic
265598,2024-04-22T15:24:19.068302+00:00,2024-04-23T15:24:19.068302+00:00,189.437599,190.0410173,189.4318326,190.0352327,2827,synthetic
265598,2024-04-23T15:24:19.068302+00:00,2024-04-24T15:24:19.068302+00:00,190.0352327,190.3836733,189.8541696,190.2024508,2834,synthetic
265598,2024-04-24T15:24:19.068302+00:00,2024-04-25T15:24:19.068302+00:00,190.2024508,190.3077302,188.9103725,189.0149946,2841,synthetic
265598,2024-04-25T15:24:19.068302+00:00,2024-04-26T15:24:19.068302+00:00,189.0149946,189.137649,187.647356,187.7692019,2848,synthetic
265598,2024-04-26T15:24:19.068302+00:00,2024-04-27T15:24:19.068302+00:00,187.7692019,188.2731542,187.5983769,188.1020264,2855,synthetic
265598,2024-04-27T15:24:19.068302+00:00,2024-04-28T15:24:19.068302+00:00,188.1020264,189.1762565,188.0739123,189.147986,2862,synthetic
265598,2024-04-28T15:24:19.068302+00:00,2024-04-29T15:24:19.068302+00:00,189.147986,189.8329902,188.9603864,189.6448978,2869,synthetic
265598,2024-04-29T15:24:19.068302+00:00,2024-04-30T15:24:19.068302+00:00,189.6448978,190.0431778,189.5699812,189.9681336,2876,synthetic
265598,2024-04-30T15:24:19.068302+00:00,2024-05-01T15:24:19.068302+00:00,189.9681336,190.178738,189.8209193,190.0314745,2883,synthetic
265598,2024-05-01T15:24:19.068302+00:00,2024-05-02T15:24:19.068302+00:00,190.0314745,190.1873902,188.8054139,188.9604509,2890,synthetic
265598,2024-05-02T15:24:19.068302+00:00,2024-05-03T15:24:19.068302+00:00,188.9604509,189.0217703,187.6637614,187.7246798,2897,synthetic
265598,2024-05-03T15:24:19.068302+00:00,2024-05-04T15:24:19.068302+00:00,187.7246798,188.2576439,187.537213,188.0698325,2904,synthetic
265598,2024-05-04T15:24:19.068302+00:00,2024-05-05T15:24:19.068302+00:00,188.0698325,189.3565799,188.0277559,189.314225,2911,synthetic
265598,2024-05-05T15:24:19.068302+00:00,2024-05-06T15:24:19.068302+00:00,189.314225,190.0201388,189.1484234,189.8538646,2918,synthetic
265598,2024-05-06T15:24:19.068302+00:00,2024-05-07T15:24:19.068302+00:00,189.8538646,190.038251,189.7201057,189.9044565,2925,synthetic
265598,2024-05-07T15:24:19.068302+00:00,2024-05-08T15:24:19.068302+00:00,189.9044565,189.9973228,189.7324328,189.8252605,2932,synthetic
265598,2024-05-08T15:24:19.068302+00:00,2024-05-09T15:24:19.068302+00:00,189.8252605,190.0099608,188.7121679,188.8959641,2939,synthetic
265598,2024-05-09T15:24:19.068302+00:00,2024-05-10T15:24:19.068302+00:00,188.8959641,188.9044935,187.7194358,187.7279126,2946,synthetic
265598,2024-05-10T15:24:19.068302+00:00,2024-05-11T15:24:19.068302+00:00,187.7279126,188.2387711,187.5499066,188.0604498,2953,synthetic
265598,2024-05-11T15:24:19.068302+00:00,2024-05-12T15:24:19.068302+00:00,188.0604498,189.5593483,187.9540611,189.4521722,2960,synthetic
265598,2024-05-12T15:24:19.068302+00:00,2024-05-13T15:24:19.068302+00:00,189.4521722,190.1750109,189.3313701,190.053825,2967,synthetic
265598,2024-05-13T15:24:19.068302+00:00,2024-05-14T15:24:19.068302+00:00,190.053825,190.2278715,189.6751418,189.8490007,2974,synthetic
265598,2024-05-14T15:24:19.068302+00:00,2024-05-15T15:24:19.068302+00:00,189.8490007,189.8746087,189.5675431,189.5931167,2981,synthetic
265598,2024-05-15T15:24:19.068302+00:00,2024-05-16T15:24:19.068302+00:00,189.5931167,189.7807809,188.63014,188.8170361,2988,synthetic
265598,2024-05-16T15:24:19.068302+00:00,2024-05-17T15:24:19.068302+00:00,188.8170361,188.8941716,187.6985933,187.7753033,2995,synthetic
265598,2024-05-17T15:24:19.068302+00:00,2024-05-18T15:24:19.068302+00:00,187.7753033,188.2249738,187.6315516,188.0809881,3002,synthetic
265598,2024-05-18T15:24:19.068302+00:00,2024-05-19T15:24:19.068302+00:00,188.0809881,189.7174776,187.9251062,189.5603696,3009,synthetic
265598,2024-05-19T15:24:19.068302+00:00,2024-05-20T15:24:19.068302+00:00,189.5603696,190.2929292,189.5015023,190.2338528,3016,synthetic
265598,2024-05-20T15:24:19.068302+00:00,2024-05-21T15:24:19.068302+00:00,190.2338528,190.4239514,189.6147037,189.8043732,3023,synthetic
265598,2024-05-21T15:24:19.068302+00:00,2024-05-22T15:24:19.068302+00:00,189.8043732,189.8495572,189.3008968,189.3459717,3030,synthetic
265598,2024-05-22T15:24:19.068302+00:00,2024-05-23T15:24:19.068302+00:00,189.3459717,189.5104374,188.5571349,188.7210578,3037,synthetic
265598,2024-05-23T15:24:19.068302+00:00,2024-05-24T15:24:19.068302+00:00,188.7210578,188.8559762,187.7264143,187.8607177,3044,synthetic
265598,2024-05-24T15:24:19.068302+00:00,2024-05-25T15:24:19.068302+00:00,187.8607177,188.2265917,187.7712736,188.137016,3051,synthetic
265598,2024-05-25T15:24:19.068302+00:00,2024-05-26T15:24:19.068302+00:00,188.137016,189.8251413,187.9533388,189.6399967,3058,synthetic
265598,2024-05-26T15:24:19.068302+00:00,2024-05-27T15:24:19.068302+00:00,189.6399967,190.3950204,189.6286451,190.3836242,3065,synthetic
265598,2024-05-27T15:24:19.068302+00:00,2024-05-28T15:24:19.068302+00:00,190.3836242,190.5632384,189.5917614,189.7707974,3072,synthetic
265598,2024-05-28T15:24:19.068302+00:00,2024-05-29T15:24:19.068302+00:00,189.7707974,189.8804462,188.9863135,189.0955722,3079,synthetic
265598,2024-05-29T15:24:19.068302+00:00,2024-05-30T15:24:19.068302+00:00,189.0955722,189.213989,188.4896074,188.6077188,3086,synthetic
265598,2024-05-30T15:24:19.068302+00:00,2024-05-31T15:24:19.068302+00:00,188.6077188,188.7815378,187.802832,187.9760689,3093,synthetic
265598,2024-05-31T15:24:19.068302+00:00,2024-06-01T15:24:19.068302+00:00,187.9760689,188.2545681,187.9534588,188.2319272,3100,synthetic
265598,2024-06-01T15:24:19.068302+00:00,2024-06-02T15:24:19.068302+00:00,188.2319272,189.8819156,188.0460249,189.6945687,3107,synthetic
265598,2024-06-02T15:24:19.068302+00:00,2024-06-03T15:24:19.068302+00:00,189.6945687,190.5746124,189.6145336,190.4942399,3114,synthetic
265598,2024-06-03T15:24:19.068302+00:00,2024-06-04T15:24:19.068302+00:00,190.4942399,190.6382527,189.6027139,189.7461611,3121,synthetic
265598,2024-06-04T15:24:19.068302+00:00,2024-06-05T15:24:19.068302+00:00,189.7461611,189.9049694,188.6955556,188.8536168,3128,synthetic
265598,2024-06-05T15:24:19.068302+00:00,2024-06-06T15:24:19.068302+00:00,188.8536168,188.9096149,188.4233094,188.4791965,3135,synthetic
265598,2024-06-06T15:24:19.068302+00:00,2024-06-07T15:24:19.068302+00:00,188.4791965,188.667626,187.9239891,188.1120515,3142,synthetic
265598,2024-06-07T15:24:19.068302+00:00,2024-06-08T15:24:19.068302+00:00,188.1120515,188.4140137,188.064585,188.366483,3149,synthetic
265598,2024-06-08T15:24:19.068302+00:00,2024-06-09T15:24:19.068302+00:00,188.366483,189.8928237,188.2042602,189.7294272,3156,synthetic
265598,2024-06-09T15:24:19.068302+00:00,2024-06-10T15:24:19.068302+00:00,189.7294272,190.6971212,189.5918491,190.5589417,3163,synthetic
265598,2024-06-10T15:24:19.068302+00:00,2024-06-11T15:24:19.068302+00:00,190.5589417,190.6471931,189.6384336,189.7262994,3170,synthetic
265598,2024-06-11T15:24:19.068302+00:00,2024-06-12T15:24:19.068302+00:00,189.7262994,189.9121128,188.4461598,188.6309004,3177,synthetic
265598,2024-06-12T15:24:19.068302+00:00,2024-06-13T15:24:19.068302+00:00,188.6309004,188.644963,188.3260645,188.3401054,3184,synthetic
265598,2024-06-13T15:24:19.068302+00:00,2024-06-14T15:24:19.068302+00:00,188.3401054,188.5168529,188.0822868,188.2589581,3191,synthetic
265598,2024-06-14T15:24:19.068302+00:00,2024-06-15T15:24:19.068302+00:00,188.2589581,188.6497673,188.1479322,188.5385764,3198,synthetic
265598,2024-06-15T15:24:19.068302+00:00,2024-06-16T15:24:19.068302+00:00,188.5385764,189.867712,188.4226856,189.7510759,3205,synthetic
265598,2024-06-16T15:24:19.068302+00:00,2024-06-17T15:24:19.068302+00:00,189.7510759,190.7503631,189.5751376,190.5736621,3212,synthetic
265598,2024-06-17T15:24:19.068302+00:00,2024-06-18T15:24:19.068302+00:00,190.5736621,190.5937964,189.6854409,189.7054835,3219,synthetic
265598,2024-06-18T15:24:19.068302+00:00,2024-06-19T15:24:19.068302+00:00,189.7054835,189.8923827,188.250893,188.436542,3226,synthetic
265598,2024-06-19T15:24:19.068302+00:00,2024-06-20T15:24:19.068302+00:00,188.436542,188.5185533,188.1153003,188.1972074,3233,synthetic
265598,2024-06-20T15:24:19.068302+00:00,2024-06-21T15:24:19.068302+00:00,188.1972074,188.54811,188.0567605,188.4075062,3240,synthetic
265598,2024-06-21T15:24:19.068302+00:00,2024-06-22T15:24:19.068302+00:00,188.4075062,188.9027138,188.2483172,188.7432411,3247,synthetic
265598,2024-06-22T15:24:19.068302+00:00,2024-06-23T15:24:19.068302+00:00,188.7432411,189.8200163,188.6899359,189.7664222,3254,synthetic
265598,2024-06-23T15:24:19.068302+00:00,2024-06-24T15:24:19.068302+00:00,189.7664222,190.7278894,189.5766622,190.5373586,3261,synthetic
265598,2024-06-24T15:24:19.068302+00:00,2024-06-25T15:24:19.068302+00:00,190.5373586,190.5881467,189.6265124,189.6770712,3268,synthetic
265598,2024-06-25T15:24:19.068302+00:00,2024-06-26T15:24:19.068302+00:00,189.6770712,189.8389855,188.1166432,188.2773626,3275,synthetic
265598,2024-06-26T15:24:19.068302+00:00,2024-06-27T15:24:19.068302+00:00,188.2773626,188.415782,187.9206497,188.0589085,3282,synthetic
265598,2024-06-27T15:24:19.068302+00:00,2024-06-28T15:24:19.068302+00:00,188.0589085,188.6344516,187.9742785,188.5496008,3289,synthetic
265598,2024-06-28T15:24:19.068302+00:00,2024-06-29T15:24:19.068302+00:00,188.5496008,189.1585254,188.3643989,188.9729077,3296,synthetic
265598,2024-06-29T15:24:19.068302+00:00,2024-06-30T15:24:19.068302+00:00,188.9729077,189.7989304,188.9560463,189.7819969,3303,synthetic
265598,2024-06-30T15:24:19.068302+00:00,2024-07-01T15:24:19.068302+00:00,189.7819969,190.6298431,189.6048808,190.4521017,3310,synthetic
265598,2024-07-01T15:24:19.068302+00:00,2024-07-02T15:24:19.068302+00:00,190.4521017,190.5666736,189.5201775,189.6342574,3317,synthetic
265598,2024-07-02T15:24:19.068302+00:00,2024-07-03T15:24:19.068302+00:00,189.6342574,189.7486066,188.0440058,188.1574645,3324,synthetic
265598,2024-07-03T15:24:19.068302+00:00,2024-07-04T15:24:19.068302+00:00,188.1574645,188.3329439,187.7593117,187.9345833,3331,synthetic
265598,2024-07-04T15:24:19.068302+00:00,2024-07-05T15:24:19.068302+00:00,187.9345833,188.6961363,187.9174818,188.678967,3338,synthetic
265598,2024-07-05T15:24:19.068302+00:00,2024-07-06T15:24:19.068302+00:00,188.678967,189.4038099,188.4935753,189.2178887,3345,synthetic
265598,2024-07-06T15:24:19.068302+00:00,2024-07-07T15:24:19.068302+00:00,189.2178887,189.8883379,189.1330378,189.8032245,3352,synthetic
265598,2024-07-07T15:24:19.068302+00:00,2024-07-08T15:24:19.068302+00:00,189.8032245,190.4630632,189.6634548,190.3229108,3359,synthetic
265598,2024-07-08T15:24:19.068302+00:00,2024-07-09T15:24:19.068302+00:00,190.3229108,190.4851998,189.4092065,189.5708542,3366,synthetic
265598,2024-07-09T15:24:19.068302+00:00,2024-07-10T15:24:19.068302+00:00,189.5708542,189.6217095,188.0275921,188.078047,3373,synthetic
265598,2024-07-10T15:24:19.068302+00:00,2024-07-11T15:24:19.068302+00:00,188.078047,188.2661211,187.6459587,187.8337886,3380,synthetic
265598,2024-07-11T15:24:19.068302+00:00,2024-07-12T15:24:19.068302+00:00,187.8337886,188.8445929,187.7810608,188.7915962,3387,synthetic
265598,2024-07-12T15:24:19.068302+00:00,2024-07-13T15:24:19.068302+00:00,188.7915962,189.6273148,188.6319033,189.4670505,3394,synthetic
265598,2024-07-13T15:24:19.068302+00:00,2024-07-14T15:24:19.068302+00:00,189.4670505,189.9752565,189.3258805,189.8338132,3401,synthetic
265598,2024-07-14T15:24:19.068302+00:00,2024-07-15T15:24:19.068302+00:00,189.8338132,190.2404155,189.75089,190.1573509,3408,synthetic
265598,2024-07-15T15:24:19.068302+00:00,2024-07-16T15:24:19.068302+00:00,190.1573509,190.3446371,189.2954068,189.4820278,3415,synthetic
265598,2024-07-16T15:24:19.068302+00:00,2024-07-17T15:24:19.068302+00:00,189.4820278,189.5017117,188.0179381,188.0374719,3422,synthetic
265598,2024-07-17T15:24:19.068302+00:00,2024-07-18T15:24:19.068302+00:00,188.0374719,188.2119463,187.5912116,187.7654336,3429,synthetic
265598,2024-07-18T15:24:19.068302+00:00,2024-07-19T15:24:19.068302+00:00,187.7654336,189.0018082,187.6502816,188.885969,3436,synthetic
265598,2024-07-19T15:24:19.068302+00:00,2024-07-20T15:24:19.068302+00:00,188.885969,189.8207704,188.7743021,189.7086172,3443,synthetic
265598,2024-07-20T15:24:19.068302+00:00,2024-07-21T15:24:19.068302+00:00,189.7086172,190.0533912,189.5307022,189.87532,3450,synthetic
265598,2024-07-21T15:24:19.068302+00:00,2024-07-22T15:24:19.068302+00:00,189.87532,189.9794251,189.8608279,189.9649262,3457,synthetic
265598,2024-07-22T15:24:19.068302+00:00,2024-07-23T15:24:19.068302+00:00,189.9649262,190.1510413,189.1793961,189.3649234,3464,synthetic
265598,2024-07-23T15:24:19.068302+00:00,2024-07-24T15:24:19.068302+00:00,189.3649234,189.4523233,187.9447844,188.0315689,3471,synthetic
265598,2024-07-24T15:24:19.068302+00:00,2024-07-25T15:24:19.068302+00:00,188.0315689,188.1681458,187.6006197,187.7369827,3478,synthetic
265598,2024-07-25T15:24:19.068302+00:00,2024-07-26T15:24:19.068302+00:00,187.7369827,189.1256011,187.575472,188.9630356,3485,synthetic
265598,2024-07-26T15:24:19.068302+00:00,2024-07-27T15:24:19.068302+00:00,188.9630356,189.9792888,188.9150293,189.9310365,3492,synthetic
265598,2024-07-27T15:24:19.068302+00:00,2024-07-28T15:24:19.068302+00:00,189.9310365,190.1209249,189.7370487,189.9269329,3499,synthetic
265598,2024-07-28T15:24:19.068302+00:00,2024-07-29T15:24:19.068302+00:00,189.9269329,189.9829266,189.70038,189.7563234,3506,synthetic
265598,2024-07-29T15:24:19.068302+00:00,2024-07-30T15:24:19.068302+00:00,189.7563234,189.9153246,189.0605656,189.2191167,3513,synthetic
265598,2024-07-30T15:24:19.068302+00:00,2024-07-31T15:24:19.068302+00:00,189.2191167,189.361945,187.9122022,188.0541511,3520,synthetic
265598,2024-07-31T15:24:19.068302+00:00,2024-08-01T15:24:19.068302+00:00,188.0541511,188.1337972,187.674242,187.7537609,3527,synthetic
265598,2024-08-01T15:24:19.068302+00:00,2024-08-02T15:24:19.068302+00:00,187.7537609,189.2125945,187.5683835,189.025961,3534,synthetic
265598,2024-08-02T15:24:19.068302+00:00,2024-08-03T15:24:19.068302+00:00,189.025961,190.1463672,189.0035584,190.1238345,3541,synthetic
265598,2024-08-03T15:24:19.068302+00:00,2024-08-04T15:24:19.068302+00:00,190.1238345,190.2991817,189.8102723,189.9854919,3548,synthetic
265598,2024-08-04T15:24:19.068302+00:00,2024-08-05T15:24:19.068302+00:00,189.9854919,190.1042024,189.4241369,189.5425706,3555,synthetic
265598,2024-08-05T15:24:19.068302+00:00,2024-08-06T15:24:19.068302+00:00,189.5425706,189.6523625,188.9373455,189.0468503,3562,synthetic
265598,2024-08-06T15:24:19.068302+00:00,2024-08-07T15:24:19.068302+00:00,189.0468503,189.2250915,187.9203463,188.0976927,3569,synthetic
265598,2024-08-07T15:24:19.068302+00:00,2024-08-08T15:24:19.068302+00:00,188.0976927,188.1092859,187.8068496,187.8184256,3576,synthetic
265598,2024-08-08T15:24:19.068302+00:00,2024-08-09T15:24:19.068302+00:00,187.8184256,189.264328,187.6349874,189.0796579,3583,synthetic
265598,2024-08-09T15:24:19.068302+00:00,2024-08-10T15:24:19.068302+00:00,189.0796579,190.3686814,188.9899293,190.278384,3590,synthetic
265598,2024-08-10T15:24:19.068302+00:00,2024-08-11T15:24:19.068302+00:00,190.278384,190.4146522,189.9096438,190.0457454,3597,synthetic
265598,2024-08-11T15:24:19.068302+00:00,2024-08-12T15:24:19.068302+00:00,190.0457454,190.2106511,189.1698987,189.334187,3604,synthetic
265598,2024-08-12T15:24:19.068302+00:00,2024-08-13T15:24:19.068302+00:00,189.334187,189.379586,188.8077442,188.8530279,3611,synthetic
265598,2024-08-13T15:24:19.068302+00:00,2024-08-14T15:24:19.068302+00:00,188.8530279,189.041759,187.9660709,188.1541036,3618,synthetic
265598,2024-08-14T15:24:19.068302+00:00,2024-08-15T15:24:19.068302+00:00,188.1541036,188.212216,187.8726092,187.9306526,3625,synthetic
265598,2024-08-15T15:24:19.068302+00:00,2024-08-16T15:24:19.068302+00:00,187.9306526,189.2870942,187.7747085,189.1301548,3632,synthetic
265598,2024-08-16T15:24:19.068302+00:00,2024-08-17T15:24:19.068302+00:00,189.1301548,190.5340572,188.9855825,190.3885229,3639,synthetic
265598,2024-08-17T15:24:19.068302+00:00,2024-08-18T15:24:19.068302+00:00,190.3885229,190.4666094,190.0228535,190.1008219,3646,synthetic
265598,2024-08-18T15:24:19.068302+00:00,2024-08-19T15:24:19.068302+00:00,190.1008219,190.2889403,188.9532259,189.1403939,3653,synthetic
265598,2024-08-19T15:24:19.068302+00:00,2024-08-20T15:24:19.068302+00:00,189.1403939,189.1655731,188.6198518,188.644965,3660,synthetic
265598,2024-08-20T15:24:19.068302+00:00,2024-08-21T15:24:19.068302+00:00,188.644965,188.8178558,188.0430347,188.2155319,3667,synthetic
265598,2024-08-21T15:24:19.068302+00:00,2024-08-22T15:24:19.068302+00:00,188.2155319,188.3352875,187.9673923,188.0870662,3674,synthetic
265598,2024-08-22T15:24:19.068302+00:00,2024-08-23T15:24:19.068302+00:00,188.0870662,189.29116,187.9803868,189.1838585,3681,synthetic
265598,2024-08-23T15:24:19.068302+00:00,2024-08-24T15:24:19.068302+00:00,189.1838585,190.6314484,189.0045791,190.4509683,3688,synthetic
265598,2024-08-24T15:24:19.068302+00:00,2024-08-25T15:24:19.068302+00:00,190.4509683,190.4599063,190.1339506,190.1428741,3695,synthetic
265598,2024-08-25T15:24:19.068302+00:00,2024-08-26T15:24:19.068302+00:00,190.1428741,190.3279613,188.7845147,188.9684587,3702,synthetic
265598,2024-08-26T15:24:19.068302+00:00,2024-08-27T15:24:19.068302+00:00,188.9684587,189.060574,188.3400607,188.4319145,3709,synthetic
265598,2024-08-27T15:24:19.068302+00:00,2024-08-28T15:24:19.068302+00:00,188.4319145,188.5649092,188.1422355,188.2751195,3716,synthetic
265598,2024-08-28T15:24:19.068302+00:00,2024-08-29T15:24:19.068302+00:00,188.2751195,188.4461565,188.1103899,188.2814213,3723,synthetic
265598,2024-08-29T15:24:19.068302+00:00,2024-08-30T15:24:19.068302+00:00,188.2814213,189.2894485,188.2389711,189.2467807,3730,synthetic
265598,2024-08-30T15:24:19.068302+00:00,2024-08-31T15:24:19.068302+00:00,189.2467807,190.6557125,189.0577766,190.4654913,3737,synthetic
265598,2024-08-31T15:24:19.068302+00:00,2024-09-01T15:24:19.068302+00:00,190.4654913,190.5269786,190.1024454,190.1638353,3744,synthetic
265598,2024-09-01T15:24:19.068302+00:00,2024-09-02T15:24:19.068302+00:00,190.1638353,190.3200527,188.6681089,188.823225,3751,synthetic
265598,2024-09-02T15:24:19.068302+00:00,2024-09-03T15:24:19.068302+00:00,188.823225,188.9693396,188.0787542,188.2244054,3758,synthetic
265598,2024-09-03T15:24:19.068302+00:00,2024-09-04T15:24:19.068302+00:00,188.2244054,188.4023459,188.1497427,188.3276421,3765,synthetic
265598,2024-09-04T15:24:19.068302+00:00,2024-09-05T15:24:19.068302+00:00,188.3276421,188.691942,188.1408992,188.5050232,3772,synthetic
265598,2024-09-05T15:24:19.068302+00:00,2024-09-06T15:24:19.068302+00:00,188.5050232,189.3517664,188.4771803,189.3238026,3779,synthetic
265598,2024-09-06T15:24:19.068302+00:00,2024-09-07T15:24:19.068302+00:00,189.3238026,190.6082314,189.1514238,190.434841,3786,synthetic
265598,2024-09-07T15:24:19.068302+00:00,2024-09-08T15:24:19.068302+00:00,190.434841,190.5581588,190.0330847,190.1562221,3793,synthetic
265598,2024-09-08T15:24:19.068302+00:00,2024-09-09T15:24:19.068302+00:00,190.1562221,190.2617574,188.6021384,188.7068693,3800,synthetic
265598,2024-09-09T15:24:19.068302+00:00,2024-09-10T15:24:19.068302+00:00,188.7068693,188.8865645,187.8543994,188.0334534,3807,synthetic
265598,2024-09-10T15:24:19.068302+00:00,2024-09-11T15:24:19.068302+00:00,188.0334534,188.376045,188.0273955,188.3699762,3814,synthetic
265598,2024-09-11T15:24:19.068302+00:00,2024-09-12T15:24:19.068302+00:00,188.3699762,188.9304224,188.18727,188.7473502,3821,synthetic
265598,2024-09-12T15:24:19.068302+00:00,2024-09-13T15:24:19.068302+00:00,188.7473502,189.5128061,188.652926,189.4180463,3828,synthetic
265598,2024-09-13T15:24:19.068302+00:00,2024-09-14T15:24:19.068302+00:00,189.4180463,190.4967825,189.2863459,190.3644241,3835,synthetic
265598,2024-09-14T15:24:19.068302+00:00,2024-09-15T15:24:19.068302+00:00,190.3644241,190.532321,189.9462313,190.1139072,3842,synthetic
265598,2024-09-15T15:24:19.068302+00:00,2024-09-16T15:24:19.068302+00:00,190.1139072,190.1540387,188.5790857,188.6189016,3849,synthetic
265598,2024-09-16T15:24:19.068302+00:00,2024-09-17T15:24:19.068302+00:00,188.6189016,188.8071176,187.6822402,187.8697085,3856,synthetic
265598,2024-09-17T15:24:19.068302+00:00,2024-09-18T15:24:19.068302+00:00,187.8697085,188.4647908,187.8064476,188.4013508,3863,synthetic
265598,2024-09-18T15:24:19.068302+00:00,2024-09-19T15:24:19.068302+00:00,188.4013508,189.1504812,188.24818,188.9968262,3870,synthetic
265598,2024-09-19T15:24:19.068302+00:00,2024-09-20T15:24:19.068302+00:00,188.9968262,189.678826,188.8488303,189.5304123,3877,synthetic
265598,2024-09-20T15:24:19.068302+00:00,2024-09-21T15:24:19.068302+00:00,189.5304123,190.3346623,189.4578015,190.2617713,3884,synthetic
265598,2024-09-21T15:24:19.068302+00:00,2024-09-22T15:24:19.068302+00:00,190.2617713,190.4507742,189.8440179,190.0327934,3891,synthetic
265598,2024-09-22T15:24:19.068302+00:00,2024-09-23T15:24:19.068302+00:00,190.0327934,190.0636263,188.525814,188.5564074,3898,synthetic
265598,2024-09-23T15:24:19.068302+00:00,2024-09-24T15:24:19.068302+00:00,188.5564074,188.7269208,187.5728392,187.7426166,3905,synthetic
265598,2024-09-24T15:24:19.068302+00:00,2024-09-25T15:24:19.068302+00:00,187.7426166,188.5474784,187.6189488,188.4233621,3912,synthetic
265598,2024-09-25T15:24:19.068302+00:00,2024-09-26T15:24:19.068302+00:00,188.4233621,189.3443743,188.3211079,189.2416759,3919,synthetic
265598,2024-09-26T15:24:19.068302+00:00,2024-09-27T15:24:19.068302+00:00,189.2416759,189.8407656,189.0606401,189.6593303,3926,synthetic
265598,2024-09-27T15:24:19.068302+00:00,2024-09-28T15:24:19.068302+00:00,189.6593303,190.1391659,189.6560118,190.1358391,3933,synthetic
265598,2024-09-28T15:24:19.068302+00:00,2024-09-29T15:24:19.068302+00:00,190.1358391,190.3195567,189.7278229,189.9113236,3940,synthetic
265598,2024-09-29T15:24:19.068302+00:00,2024-09-30T15:24:19.068302+00:00,189.9113236,190.0087411,188.4178035,188.5145046,3947,synthetic
265598,2024-09-30T15:24:19.068302+00:00,2024-10-01T15:24:19.068302+00:00,188.5145046,188.6435675,187.5311879,187.6596655,3954,synthetic
265598,2024-10-01T15:24:19.068302+00:00,2024-10-02T15:24:19.068302+00:00,187.6596655,188.6072392,187.4928698,188.4397501,3961,synthetic
265598,2024-10-02T15:24:19.068302+00:00,2024-10-03T15:24:19.068302+00:00,188.4397501,189.508055,188.4026886,189.4707907,3968,synthetic
265598,2024-10-03T15:24:19.068302+00:00,2024-10-04T15:24:19.068302+00:00,189.4707907,189.9899376,189.2819274,189.8007454,3975,synthetic
265598,2024-10-04T15:24:19.068302+00:00,2024-10-05T15:24:19.068302+00:00,189.8007454,190.0628147,189.7342096,189.9962103,3982,synthetic
265598,2024-10-05T15:24:19.068302+00:00,2024-10-06T15:24:19.068302+00:00,189.9962103,190.1490321,189.5981566,189.750781,3989,synthetic
265598,2024-10-06T15:24:19.068302+00:00,2024-10-07T15:24:19.068302+00:00,189.750781,189.9010888,188.337665,188.4869718,3996,synthetic
265598,2024-10-07T15:24:19.068302+00:00,2024-10-08T15:24:19.068302+00:00,188.4869718,188.5566114,187.5564624,187.6257839,4003,synthetic
265598,2024-10-08T15:24:19.068302+00:00,2024-10-09T15:24:19.068302+00:00,187.6257839,188.643467,187.4391024,188.4559595,4010,synthetic
265598,2024-10-09T15:24:19.068302+00:00,2024-10-10T15:24:19.068302+00:00,188.4559595,189.7080568,188.4226476,189.6745295,4017,synthetic
265598,2024-10-10T15:24:19.068302+00:00,2024-10-11T15:24:19.068302+00:00,189.6745295,190.1189067,189.5042158,189.9483471,4024,synthetic
265598,2024-10-11T15:24:19.068302+00:00,2024-10-12T15:24:19.068302+00:00,189.9483471,190.0755587,189.7251172,189.8522645,4031,synthetic
265598,2024-10-12T15:24:19.068302+00:00,2024-10-13T15:24:19.068302+00:00,189.8522645,189.9529349,189.4548344,189.5553475,4038,synthetic
265598,2024-10-13T15:24:19.068302+00:00,2024-10-14T15:24:19.068302+00:00,189.5553475,189.7374767,188.2859039,188.4669874,4045,synthetic
265598,2024-10-14T15:24:19.068302+00:00,2024-10-15T15:24:19.068302+00:00,188.4669874,188.4675099,187.6424234,187.6429437,4052,synthetic
265598,2024-10-15T15:24:19.068302+00:00,2024-10-16T15:24:19.068302+00:00,187.6429437,188.6599072,187.4623663,188.4785258,4059,synthetic
265598,2024-10-16T15:24:19.068302+00:00,2024-10-17T15:24:19.068302+00:00,188.4785258,189.94516,188.3794713,189.8453873,4066,synthetic
265598,2024-10-17T15:24:19.068302+00:00,2024-10-18T15:24:19.068302+00:00,189.8453873,190.2221102,189.7174649,190.0940203,4073,synthetic
265598,2024-10-18T15:24:19.068302+00:00,2024-10-19T15:24:19.068302+00:00,190.0940203,190.2642441,189.5425102,189.7123923,4080,synthetic
265598,2024-10-19T15:24:19.068302+00:00,2024-10-20T15:24:19.068302+00:00,189.7123923,189.7469612,189.2974135,189.331913,4087,synthetic
265598,2024-10-20T15:24:19.068302+00:00,2024-10-21T15:24:19.068302+00:00,189.331913,189.5203944,188.2603089,188.4479102,4094,synthetic
265598,2024-10-21T15:24:19.068302+00:00,2024-10-22T15:24:19.068302+00:00,188.4479102,188.5165634,187.6416184,187.7100027,4101,synthetic
265598,2024-10-22T15:24:19.068302+00:00,2024-10-23T15:24:19.068302+00:00,187.7100027,188.6643077,187.5606785,188.5143436,4108,synthetic
265598,2024-10-23T15:24:19.068302+00:00,2024-10-24T15:24:19.068302+00:00,188.5143436,190.1306532,188.3633372,189.9784739,4115,synthetic
265598,2024-10-24T15:24:19.068302+00:00,2024-10-25T15:24:19.068302+00:00,189.9784739,190.2961536,189.9108903,190.228481,4122,synthetic
265598,2024-10-25T15:24:19.068302+00:00,2024-10-26T15:24:19.068302+00:00,190.228481,190.4180122,189.394436,189.5833245,4129,synthetic
265598,2024-10-26T15:24:19.068302+00:00,2024-10-27T15:24:19.068302+00:00,189.5833245,189.6195796,189.0534889,189.0896496,4136,synthetic
265598,2024-10-27T15:24:19.068302+00:00,2024-10-28T15:24:19.068302+00:00,189.0896496,189.2581943,188.2560773,188.4240286,4143,synthetic
265598,2024-10-28T15:24:19.068302+00:00,2024-10-29T15:24:19.068302+00:00,188.4240286,188.552266,187.6949718,187.8228,4150,synthetic
265598,2024-10-29T15:24:19.068302+00:00,2024-10-30T15:24:19.068302+00:00,187.8228,188.6675123,187.7255613,188.5698867,4157,synthetic
265598,2024-10-30T15:24:19.068302+00:00,2024-10-31T15:24:19.068302+00:00,188.5698867,190.2551461,188.3879544,190.0717648,4164,synthetic
265598,2024-10-31T15:24:19.068302+00:00,2024-11-01T15:24:19.068302+00:00,190.0717648,190.344317,190.069493,190.342042,4171,synthetic
265598,2024-11-01T15:24:19.068302+00:00,2024-11-02T15:24:19.068302+00:00,190.342042,190.5244351,189.288075,189.4696322,4178,synthetic
265598,2024-11-02T15:24:19.068302+00:00,2024-11-03T15:24:19.068302+00:00,189.4696322,189.5715702,188.7377853,188.8393842,4185,synthetic
265598,2024-11-03T15:24:19.068302+00:00,2024-11-04T15:24:19.068302+00:00,188.8393842,188.9645604,188.2663281,188.3912073,4192,synthetic
265598,2024-11-04T15:24:19.068302+00:00,2024-11-05T15:24:19.068302+00:00,188.3912073,188.5611227,187.8049561,187.9744957,4199,synthetic
265598,2024-11-05T15:24:19.068302+00:00,2024-11-06T15:24:19.068302+00:00,187.9744957,188.6820915,187.9429687,188.6504511,4206,synthetic
265598,2024-11-06T15:24:19.068302+00:00,2024-11-07T15:24:19.068302+00:00,188.6504511,190.3150893,188.4629315,190.1261029,4213,synthetic
265598,2024-11-07T15:24:19.068302+00:00,2024-11-08T15:24:19.068302+00:00,190.1261029,190.4974168,190.0542387,190.4254395,4220,synthetic
265598,2024-11-08T15:24:19.068302+00:00,2024-11-09T15:24:19.068302+00:00,190.4254395,190.5752085,189.2245019,189.3734434,4227,synthetic
265598,2024-11-09T15:24:19.068302+00:00,2024-11-10T15:24:19.068302+00:00,189.3734434,189.5267908,188.4401085,188.5928238,4234,synthetic
265598,2024-11-10T15:24:19.068302+00:00,2024-11-11T15:24:19.068302+00:00,188.5928238,188.6573119,188.2829681,188.3473723,4241,synthetic
265598,2024-11-11T15:24:19.068302+00:00,2024-11-12T15:24:19.068302+00:00,188.3473723,188.5352463,187.9684429,188.156126,4248,synthetic
265598,2024-11-12T15:24:19.068302+00:00,2024-11-13T15:24:19.068302+00:00,188.156126,188.7983154,188.1174283,188.7594936,4255,synthetic
265598,2024-11-13T15:24:19.068302+00:00,2024-11-14T15:24:19.068302+00:00,188.7594936,190.3131544,188.5925214,190.1449567,4262,synthetic
265598,2024-11-14T15:24:19.068302+00:00,2024-11-15T15:24:19.068302+00:00,190.1449567,190.6023195,190.0135107,190.4706484,4269,synthetic
265598,2024-11-15T15:24:19.068302+00:00,2024-11-16T15:24:19.068302+00:00,190.4706484,190.5668478,189.1987929,189.2943982,4276,synthetic
265598,2024-11-16T15:24:19.068302+00:00,2024-11-17T15:24:19.068302+00:00,189.2943982,189.4777427,188.1792575,188.3616987,4283,synthetic
265598,2024-11-17T15:24:19.068302+00:00,2024-11-18T15:24:19.068302+00:00,188.3616987,188.3667231,188.2877658,188.2927885,4290,synthetic
265598,2024-11-18T15:24:19.068302+00:00,2024-11-19T15:24:19.068302+00:00,188.2927885,188.5370027,188.1131715,188.3573242,4297,synthetic
265598,2024-11-19T15:24:19.068302+00:00,2024-11-20T15:24:19.068302+00:00,188.3573242,189.0020923,188.2536577,188.8981282,4304,synthetic
265598,2024-11-20T15:24:19.068302+00:00,2024-11-21T15:24:19.068302+00:00,188.8981282,190.2578823,188.7750092,190.1339578,4311,synthetic
265598,2024-11-21T15:24:19.068302+00:00,2024-11-22T15:24:19.068302+00:00,190.1339578,190.644597,189.96128,190.4716125,4318,synthetic
265598,2024-11-22T15:24:19.068302+00:00,2024-11-23T15:24:19.068302+00:00,190.4716125,190.50079,189.2008558,189.2298431,4325,synthetic
265598,2024-11-23T15:24:19.068302+00:00,2024-11-24T15:24:19.068302+00:00,189.2298431,189.4176135,187.9701911,188.1568969,4332,synthetic
265598,2024-11-24T15:24:19.068302+00:00,2024-11-25T15:24:19.068302+00:00,188.1568969,188.303807,188.0832197,188.2301012,4339,synthetic
265598,2024-11-25T15:24:19.068302+00:00,2024-11-26T15:24:19.068302+00:00,188.2301012,188.7137205,188.0837867,188.5671439,4346,synthetic
265598,2024-11-26T15:24:19.068302+00:00,2024-11-27T15:24:19.068302+00:00,188.5671439,189.2195433,188.4128368,189.0648289,4353,synthetic
265598,2024-11-27T15:24:19.068302+00:00,2024-11-28T15:24:19.068302+00:00,189.0648289,190.1626288,189.0028024,190.1002627,4360,synthetic
265598,2024-11-28T15:24:19.068302+00:00,2024-11-29T15:24:19.068302+00:00,190.1002627,190.6149491,189.9104625,190.4248249,4367,synthetic
265598,2024-11-29T15:24:19.068302+00:00,2024-11-30T15:24:19.068302+00:00,190.4248249,190.4667289,189.1336168,189.1752459,4374,synthetic
265598,2024-11-30T15:24:19.068302+00:00,2024-12-01T15:24:19.068302+00:00,189.1752459,189.3412685,187.8226843,187.9876647,4381,synthetic
265598,2024-12-01T15:24:19.068302+00:00,2024-12-02T15:24:19.068302+00:00,187.9876647,188.2962049,187.855724,188.1641404,4388,synthetic
265598,2024-12-02T15:24:19.068302+00:00,2024-12-03T15:24:19.068302+00:00,188.1641404,188.8678478,188.0715076,188.7749143,4395,synthetic
265598,2024-12-03T15:24:19.068302+00:00,2024-12-04T15:24:19.068302+00:00,188.7749143,189.4393495,188.5914013,189.2553695,4402,synthetic
265598,2024-12-04T15:24:19.068302+00:00,2024-12-05T15:24:19.068302+00:00,189.2553695,190.0596649,189.247536,190.0517985,4409,synthetic
265598,2024-12-05T15:24:19.068302+00:00,2024-12-06T15:24:19.068302+00:00,190.0517985,190.5104036,189.8713628,190.3297042,4416,synthetic
265598,2024-12-06T15:24:19.068302+00:00,2024-12-07T15:24:19.068302+00:00,190.3297042,190.4367847,189.0183869,189.1247896,4423,synthetic
265598,2024-12-07T15:24:19.068302+00:00,2024-12-08T15:24:19.068302+00:00,189.1247896,189.2459309,187.7406097,187.8609414,4430,synthetic
265598,2024-12-08T15:24:19.068302+00:00,2024-12-09T15:24:19.068302+00:00,187.8609414,188.2734733,187.6891886,188.1015006,4437,synthetic
265598,2024-12-09T15:24:19.068302+00:00,2024-12-10T15:24:19.068302+00:00,188.1015006,188.9972447,188.0754264,188.9710499,4444,synthetic
265598,2024-12-10T15:24:19.068302+00:00,2024-12-11T15:24:19.068302+00:00,188.9710499,189.6506444,188.7839015,189.4630088,4451,synthetic
265598,2024-12-11T15:24:19.068302+00:00,2024-12-12T15:24:19.068302+00:00,189.4630088,190.0734261,189.3862613,189.9964625,4458,synthetic
265598,2024-12-12T15:24:19.068302+00:00,2024-12-13T15:24:19.068302+00:00,189.9964625,190.3347929,189.8505509,190.1887337,4465,synthetic
265598,2024-12-13T15:24:19.068302+00:00,2024-12-14T15:24:19.068302+00:00,190.1887337,190.3459606,188.9157845,189.0720882,4472,synthetic
265598,2024-12-14T15:24:19.068302+00:00,2024-12-15T15:24:19.068302+00:00,189.0720882,189.1314803,187.7218989,187.7808855,4479,synthetic
265598,2024-12-15T15:24:19.068302+00:00,2024-12-16T15:24:19.068302+00:00,187.7808855,188.237825,187.593266,188.0499367,4486,synthetic
265598,2024-12-16T15:24:19.068302+00:00,2024-12-17T15:24:19.068302+00:00,188.0499367,189.1920837,188.0058586,189.1477483,4493,synthetic
265598,2024-12-17T15:24:19.068302+00:00,2024-12-18T15:24:19.068302+00:00,189.1477483,189.8440166,188.9831029,189.6789089,4500,synthetic
265598,2024-12-18T15:24:19.068302+00:00,2024-12-19T15:24:19.068302+00:00,189.6789089,190.0766384,189.5438062,189.9413488,4507,synthetic
265598,2024-12-19T15:24:19.068302+00:00,2024-12-20T15:24:19.068302+00:00,189.9413488,190.0984427,189.8502856,190.0073478,4514,synthetic
265598,2024-12-20T15:24:19.068302+00:00,2024-12-21T15:24:19.068302+00:00,190.0073478,190.1926948,188.8265826,189.0109576,4521,synthetic
265598,2024-12-21T15:24:19.068302+00:00,2024-12-22T15:24:19.068302+00:00,189.0109576,189.0215609,187.7380987,187.7486312,4528,synthetic
265598,2024-12-22T15:24:19.068302+00:00,2024-12-23T15:24:19.068302+00:00,187.7486312,188.1952449,187.5712697,188.0176293,4535,synthetic
265598,2024-12-23T15:24:19.068302+00:00,2024-12-24T15:24:19.068302+00:00,188.0176293,189.4083069,187.9095722,189.2995131,4542,synthetic
265598,2024-12-24T15:24:19.068302+00:00,2024-12-25T15:24:19.068302+00:00,189.2995131,190.0122243,189.1804135,189.8927514,4549,synthetic
265598,2024-12-25T15:24:19.068302+00:00,2024-12-26T15:24:19.068302+00:00,189.8927514,190.0674758,189.717349,189.8920727,4556,synthetic
265598,2024-12-26T15:24:19.068302+00:00,2024-12-27T15:24:19.068302+00:00,189.8920727,189.9156232,189.7700358,189.7935741,4563,synthetic
265598,2024-12-27T15:24:19.068302+00:00,2024-12-28T15:24:19.068302+00:00,189.7935741,189.9811295,188.7494605,188.9361687,4570,synthetic
265598,2024-12-28T15:24:19.068302+00:00,2024-12-29T15:24:19.068302+00:00,188.9361687,189.015238,187.6837184,187.7622965,4577,synthetic
265598,2024-12-29T15:24:19.068302+00:00,2024-12-30T15:24:19.068302+00:00,187.7622965,188.1549843,187.6198872,188.0123853,4584,synthetic
265598,2024-12-30T15:24:19.068302+00:00,2024-12-31T15:24:19.068302+00:00,188.0123853,189.5816071,187.8554168,189.4234605,4591,synthetic
265598,2024-12-31T15:24:19.068302+00:00,2025-01-01T15:24:19.068302+00:00,189.4234605,190.1505499,189.3666124,190.0935008,4598,synthetic
265598,2025-01-01T15:24:19.068302+00:00,2025-01-02T15:24:19.068302+00:00,190.0935008,190.2835263,189.6624702,189.8522545,4605,synthetic
265598,2025-01-02T15:24:19.068302+00:00,2025-01-03T15:24:19.068302+00:00,189.8522545,189.8994679,189.5103218,189.5574619,4612,synthetic
265598,2025-01-03T15:24:19.068302+00:00,2025-01-04T15:24:19.068302+00:00,189.5574619,189.721072,188.6811155,188.84411,4619,synthetic
265598,2025-01-04T15:24:19.068302+00:00,2025-01-05T15:24:19.068302+00:00,188.84411,188.9805553,187.681535,187.8172384,4626,synthetic
265598,2025-01-05T15:24:19.068302+00:00,2025-01-06T15:24:19.068302+00:00,187.8172384,188.1285607,187.7296303,188.0408483,4633,synthetic
265598,2025-01-06T15:24:19.068302+00:00,2025-01-07T15:24:19.068302+00:00,188.0408483,189.7048492,187.85683,189.519384,4640,synthetic
265598,2025-01-07T15:24:19.068302+00:00,2025-01-08T15:24:19.068302+00:00,189.519384,190.2837172,189.5059672,190.2702472,4647,synthetic
265598,2025-01-08T15:24:19.068302+00:00,2025-01-09T15:24:19.068302+00:00,190.2702472,190.4490523,189.6448237,189.8232087,4654,synthetic
265598,2025-01-09T15:24:19.068302+00:00,2025-01-10T15:24:19.068302+00:00,189.8232087,189.934579,189.1992756,189.310345,4661,synthetic
265598,2025-01-10T15:24:19.068302+00:00,2025-01-11T15:24:19.068302+00:00,189.310345,189.4272718,188.6167289,188.7332993,4668,synthetic
265598,2025-01-11T15:24:19.068302+00:00,2025-01-12T15:24:19.068302+00:00,188.7332993,188.9080264,187.7325697,187.9065314,4675,synthetic
265598,2025-01-12T15:24:19.068302+00:00,2025-01-13T15:24:19.068302+00:00,187.9065314,188.1283689,187.8859752,188.1077907,4682,synthetic
265598,2025-01-13T15:24:19.068302+00:00,2025-01-14T15:24:19.068302+00:00,188.1077907,189.7764816,187.9223454,189.5895755,4689,synthetic
265598,2025-01-14T15:24:19.068302+00:00,2025-01-15T15:24:19.068302+00:00,189.5895755,190.4952836,189.5077059,190.4130584,4696,synthetic
265598,2025-01-15T15:24:19.068302+00:00,2025-01-16T15:24:19.068302+00:00,190.4130584,190.5556353,189.661746,189.8038668,4703,synthetic
265598,2025-01-16T15:24:19.068302+00:00,2025-01-17T15:24:19.068302+00:00,189.8038668,189.9638521,188.9046405,189.0640022,4710,synthetic
265598,2025-01-17T15:24:19.068302+00:00,2025-01-18T15:24:19.068302+00:00,189.0640022,189.1180807,188.5507456,188.6046927,4717,synthetic
265598,2025-01-18T15:24:19.068302+00:00,2025-01-19T15:24:19.068302+00:00,188.6046927,188.7932837,187.8336178,188.0216259,4724,synthetic
265598,2025-01-19T15:24:19.068302+00:00,2025-01-20T15:24:19.068302+00:00,188.0216259,188.2650376,187.9721913,188.215552,4731,synthetic
265598,2025-01-20T15:24:19.068302+00:00,2025-01-21T15:24:19.068302+00:00,188.215552,189.8006747,188.0545173,189.6384225,4738,synthetic
265598,2025-01-21T15:24:19.068302+00:00,2025-01-22T15:24:19.068302+00:00,189.6384225,190.6533401,189.4994877,190.513764,4745,synthetic
265598,2025-01-22T15:24:19.068302+00:00,2025-01-23T15:24:19.068302+00:00,190.513764,190.6001389,189.7048927,189.7909399,4752,synthetic
265598,2025-01-23T15:24:19.068302+00:00,2025-01-24T15:24:19.068302+00:00,189.7909399,189.9772257,188.644445,188.8297874,4759,synthetic
265598,2025-01-24T15:24:19.068302+00:00,2025-01-25T15:24:19.068302+00:00,188.8297874,188.8459274,188.4456524,188.461761,4766,synthetic
265598,2025-01-25T15:24:19.068302+00:00,2025-01-26T15:24:19.068302+00:00,188.461761,188.6378987,187.977276,188.1531252,4773,synthetic
265598,2025-01-26T15:24:19.068302+00:00,2025-01-27T15:24:19.068302+00:00,188.1531252,188.4764264,188.0405032,188.3636784,4780,synthetic
265598,2025-01-27T15:24:19.068302+00:00,2025-01-28T15:24:19.068302+00:00,188.3636784,189.7867616,188.2495302,189.6718206,4787,synthetic
265598,2025-01-28T15:24:19.068302+00:00,2025-01-29T15:24:19.068302+00:00,189.6718206,190.7440716,189.4951879,190.5666056,4794,synthetic
265598,2025-01-29T15:24:19.068302+00:00,2025-01-30T15:24:19.068302+00:00,190.5666056,190.5846613,189.7613236,189.7793048,4801,synthetic
265598,2025-01-30T15:24:19.068302+00:00,2025-01-31T15:24:19.068302+00:00,189.7793048,189.9659091,188.432342,188.6178043,4808,synthetic
265598,2025-01-31T15:24:19.068302+00:00,2025-02-01T15:24:19.068302+00:00,188.6178043,188.7017504,188.2265153,188.3103247,4815,synthetic
265598,2025-02-01T15:24:19.068302+00:00,2025-02-02T15:24:19.068302+00:00,188.3103247,188.4494739,188.1524777,188.2916131,4822,synthetic
265598,2025-02-02T15:24:19.068302+00:00,2025-02-03T15:24:19.068302+00:00,188.2916131,188.7092003,188.1314279,188.5487963,4829,synthetic
265598,2025-02-03T15:24:19.068302+00:00,2025-02-04T15:24:19.068302+00:00,188.5487963,189.7480356,188.4975313,189.6964586,4836,synthetic
265598,2025-02-04T15:24:19.068302+00:00,2025-02-05T15:24:19.068302+00:00,189.6964586,190.759262,189.5067628,190.568694,4843,synthetic
265598,2025-02-05T15:24:19.068302+00:00,2025-02-06T15:24:19.068302+00:00,190.568694,190.6215001,189.7099947,189.7625775,4850,synthetic
265598,2025-02-06T15:24:19.068302+00:00,2025-02-07T15:24:19.068302+00:00,189.7625775,189.9234719,188.276427,188.4361968,4857,synthetic
265598,2025-02-07T15:24:19.068302+00:00,2025-02-08T15:24:19.068302+00:00,188.4361968,188.5761244,188.0184359,188.158157,4864,synthetic
265598,2025-02-08T15:24:19.068302+00:00,2025-02-09T15:24:19.068302+00:00,188.158157,188.511403,188.0753288,188.4284557,4871,synthetic
265598,2025-02-09T15:24:19.068302+00:00,2025-02-10T15:24:19.068302+00:00,188.4284557,188.9505265,188.2429966,188.7647364,4878,synthetic
265598,2025-02-10T15:24:19.068302+00:00,2025-02-11T15:24:19.068302+00:00,188.7647364,189.7380398,188.7458343,189.7190421,4885,synthetic
265598,2025-02-11T15:24:19.068302+00:00,2025-02-12T15:24:19.068302+00:00,189.7190421,190.6972801,189.5427422,190.5202357,4892,synthetic
265598,2025-02-12T15:24:19.068302+00:00,2025-02-13T15:24:19.068302+00:00,190.5202357,190.6365096,189.6180274,189.7338213,4899,synthetic
265598,2025-02-13T15:24:19.068302+00:00,2025-02-14T15:24:19.068302+00:00,189.7338213,189.846565,188.1787281,188.2906142,4906,synthetic
265598,2025-02-14T15:24:19.068302+00:00,2025-02-15T15:24:19.068302+00:00,188.2906142,188.4669519,187.838313,188.014392,4913,synthetic
265598,2025-02-15T15:24:19.068302+00:00,2025-02-16T15:24:19.068302+00:00,188.014392,188.5716081,187.999336,188.5565086,4920,synthetic
265598,2025-02-16T15:24:19.068302+00:00,2025-02-17T15:24:19.068302+00:00,188.5565086,189.1882123,188.3716325,189.0028985,4927,synthetic
265598,2025-02-17T15:24:19.068302+00:00,2025-02-18T15:24:19.068302+00:00,189.0028985,189.8324717,188.9162979,189.7455308,4934,synthetic
265598,2025-02-18T15:24:19.068302+00:00,2025-02-19T15:24:19.068302+00:00,189.7455308,190.5633142,189.6072187,190.4245072,4941,synthetic
265598,2025-02-19T15:24:19.068302+00:00,2025-02-20T15:24:19.068302+00:00,190.4245072,190.5879631,189.5234994,189.6863218,4948,synthetic
265598,2025-02-20T15:24:19.068302+00:00,2025-02-21T15:24:19.068302+00:00,189.6863218,189.7352026,188.135403,188.1838966,4955,synthetic
265598,2025-02-21T15:24:19.068302+00:00,2025-02-22T15:24:19.068302+00:00,188.1838966,188.3720519,187.7009251,187.8887854,4962,synthetic
265598,2025-02-22T15:24:19.068302+00:00,2025-02-23T15:24:19.068302+00:00,187.8887854,188.7256093,187.8340692,188.6706654,4969,synthetic
265598,2025-02-23T15:24:19.068302+00:00,2025-02-24T15:24:19.068302+00:00,188.6706654,189.4117965,188.5121872,189.2528292,4976,synthetic
265598,2025-02-24T15:24:19.068302+00:00,2025-02-25T15:24:19.068302+00:00,189.2528292,189.9232404,189.110444,189.7804583,4983,synthetic
265598,2025-02-25T15:24:19.068302+00:00,2025-02-26T15:24:19.068302+00:00,189.7804583,190.3688203,189.6994341,190.2875796,4990,synthetic
265598,2025-02-26T15:24:19.068302+00:00,2025-02-27T15:24:19.068302+00:00,190.2875796,190.4753438,189.4272583,189.6143581,4997,synthetic
265598,2025-02-27T15:24:19.068302+00:00,2025-02-28T15:24:19.068302+00:00,189.6143581,189.6361212,188.0944134,188.1160045,5004,synthetic
265598,2025-02-28T15:24:19.068302+00:00,2025-03-01T15:24:19.068302+00:00,188.1160045,188.2897725,187.6174278,187.7908955,5011,synthetic
265598,2025-03-01T15:24:19.068302+00:00,2025-03-02T15:24:19.068302+00:00,187.7908955,188.8855948,187.6741094,188.7682009,5018,synthetic
265598,2025-03-02T15:24:19.068302+00:00,2025-03-03T15:24:19.068302+00:00,188.7682009,189.6133129,188.6582787,189.5029629,5025,synthetic
265598,2025-03-03T15:24:19.068302+00:00,2025-03-04T15:24:19.068302+00:00,189.5029629,190.0051369,189.3245307,189.8264001,5032,synthetic
265598,2025-03-04T15:24:19.068302+00:00,2025-03-05T15:24:19.068302+00:00,189.8264001,190.1302521,189.8139868,190.1178197,5039,synthetic
265598,2025-03-05T15:24:19.068302+00:00,2025-03-06T15:24:19.068302+00:00,190.1178197,190.3036561,189.3286514,189.5138974,5046,synthetic
265598,2025-03-06T15:24:19.068302+00:00,2025-03-07T15:24:19.068302+00:00,189.5138974,189.6032032,187.9955642,188.0841962,5053,synthetic
265598,2025-03-07T15:24:19.068302+00:00,2025-03-08T15:24:19.068302+00:00,188.0841962,188.2193865,187.5943211,187.7292563,5060,synthetic
265598,2025-03-08T15:24:19.068302+00:00,2025-03-09T15:24:19.068302+00:00,187.7292563,189.0123921,187.5667132,188.8488796,5067,synthetic
265598,2025-03-09T15:24:19.068302+00:00,2025-03-10T15:24:19.068302+00:00,188.8488796,189.7876543,188.8029067,189.7414641,5074,synthetic
265598,2025-03-10T15:24:19.068302+00:00,2025-03-11T15:24:19.068302+00:00,189.7414641,190.0734251,189.5518208,189.8836396,5081,synthetic
265598,2025-03-11T15:24:19.068302+00:00,2025-03-12T15:24:19.068302+00:00,189.8836396,189.9831877,189.8256737,189.9252091,5088,synthetic
265598,2025-03-12T15:24:19.068302+00:00,2025-03-13T15:24:19.068302+00:00,189.9252091,190.0832064,189.2256002,189.3831465,5095,synthetic
265598,2025-03-13T15:24:19.068302+00:00,2025-03-14T15:24:19.068302+00:00,189.3831465,189.5274512,187.9401199,188.0834343,5102,synthetic
265598,2025-03-14T15:24:19.068302+00:00,2025-03-15T15:24:19.068302+00:00,188.0834343,188.1612209,187.6329825,187.7106149,5109,synthetic
265598,2025-03-15T15:24:19.068302+00:00,2025-03-16T15:24:19.068302+00:00,187.7106149,189.1016643,187.524965,188.9148234,5116,synthetic
265598,2025-03-16T15:24:19.068302+00:00,2025-03-17T15:24:19.068302+00:00,188.9148234,189.9816771,188.8903796,189.9570985,5123,synthetic
265598,2025-03-17T15:24:19.068302+00:00,2025-03-18T15:24:19.068302+00:00,189.9570985,190.1314768,189.7756903,189.9500622,5130,synthetic
265598,2025-03-18T15:24:19.068302+00:00,2025-03-19T15:24:19.068302+00:00,189.9500622,190.0703686,189.6003818,189.7205429,5137,synthetic
265598,2025-03-19T15:24:19.068302+00:00,2025-03-20T15:24:19.068302+00:00,189.7205429,189.8287366,189.1149982,189.2229081,5144,synthetic
265598,2025-03-20T15:24:19.068302+00:00,2025-03-21T15:24:19.068302+00:00,189.2229081,189.4019957,187.9289487,188.1069801,5151,synthetic
265598,2025-03-21T15:24:19.068302+00:00,2025-03-22T15:24:19.068302+00:00,188.1069801,188.1165158,187.7297873,187.7393043,5158,synthetic
265598,2025-03-22T15:24:19.068302+00:00,2025-03-23T15:24:19.068302+00:00,187.7393043,189.1542583,187.5563962,188.970151,5165,synthetic
265598,2025-03-23T15:24:19.068302+00:00,2025-03-24T15:24:19.068302+00:00,188.970151,190.232118,188.8786569,190.1400575,5172,synthetic
265598,2025-03-24T15:24:19.068302+00:00,2025-03-25T15:24:19.068302+00:00,190.1400575,190.2747642,189.8866684,190.0212909,5179,synthetic
265598,2025-03-25T15:24:19.068302+00:00,2025-03-26T15:24:19.068302+00:00,190.0212909,190.1872006,189.3491104,189.5145777,5186,synthetic
265598,2025-03-26T15:24:19.068302+00:00,2025-03-27T15:24:19.068302+00:00,189.5145777,189.5580011,188.9933932,189.0367071,5193,synthetic
265598,2025-03-27T15:24:19.068302+00:00,2025-03-28T15:24:19.068302+00:00,189.0367071,189.2255361,187.9591818,188.1471222,5200,synthetic
265598,2025-03-28T15:24:19.068302+00:00,2025-03-29T15:24:19.068302+00:00,188.1471222,188.20719,187.7568436,187.8168059,5207,synthetic
265598,2025-03-29T15:24:19.068302+00:00,2025-03-30T15:24:19.068302+00:00,187.8168059,189.1761101,187.6621142,189.0204271,5214,synthetic
265598,2025-03-30T15:24:19.068302+00:00,2025-03-31T15:24:19.068302+00:00,189.0204271,190.4294561,188.8746119,190.2826671,5221,synthetic
265598,2025-03-31T15:24:19.068302+00:00,2025-04-01T15:24:19.068302+00:00,190.2826671,190.3588037,190.0149911,190.091051,5228,synthetic
265598,2025-04-01T15:24:19.068302+00:00,2025-04-02T15:24:19.068302+00:00,190.091051,190.2794485,189.1295727,189.3172032,5235,synthetic
265598,2025-04-02T15:24:19.068302+00:00,2025-04-03T15:24:19.068302+00:00,189.3172032,189.3444606,188.8034823,188.8306696,5242,synthetic
265598,2025-04-03T15:24:19.068302+00:00,2025-04-04T15:24:19.068302+00:00,188.8306696,189.0028923,188.0243265,188.1959704,5249,synthetic
265598,2025-04-04T15:24:19.068302+00:00,2025-04-05T15:24:19.068302+00:00,188.1959704,188.3172974,187.8203798,187.9415428,5256,synthetic
265598,2025-04-05T15:24:19.068302+00:00,2025-04-06T15:24:19.068302+00:00,187.9415428,189.1774974,187.8366485,189.0719722,5263,synthetic
265598,2025-04-06T15:24:19.068302+00:00,2025-04-07T15:24:19.068302+00:00,189.0719722,190.5609867,188.892148,190.3799185,5270,synthetic
265598,2025-04-07T15:24:19.068302+00:00,2025-04-08T15:24:19.068302+00:00,190.3799185,190.3867687,190.144889,190.151731,5277,synthetic
265598,2025-04-08T15:24:19.068302+00:00,2025-04-09T15:24:19.068302+00:00,190.151731,190.3363383,188.9530877,189.1367097,5284,synthetic
265598,2025-04-09T15:24:19.068302+00:00,2025-04-10T15:24:19.068302+00:00,189.1367097,189.2307112,188.5194233,188.6131646,5291,synthetic
265598,2025-04-10T15:24:19.068302+00:00,2025-04-11T15:24:19.068302+00:00,188.6131646,188.744815,188.1148469,188.2462412,5298,synthetic
265598,2025-04-11T15:24:19.068302+00:00,2025-04-12T15:24:19.068302+00:00,188.2462412,188.4119345,187.9433524,188.1089249,5305,synthetic
265598,2025-04-12T15:24:19.068302+00:00,2025-04-13T15:24:19.068302+00:00,188.1089249,189.1717189,188.0685244,189.1310988,5312,synthetic
265598,2025-04-13T15:24:19.068302+00:00,2025-04-14T15:24:19.068302+00:00,189.1310988,190.6198455,188.9423266,190.429777,5319,synthetic
265598,2025-04-14T15:24:19.068302+00:00,2025-04-15T15:24:19.068302+00:00,190.429777,190.4932242,190.1317217,190.1950907,5326,synthetic
265598,2025-04-15T15:24:19.068302+00:00,2025-04-16T15:24:19.068302+00:00,190.1950907,190.3501359,188.8251594,188.9792135,5333,synthetic
265598,2025-04-16T15:24:19.068302+00:00,2025-04-17T15:24:19.068302+00:00,188.9792135,189.1267518,188.2471537,188.3942353,5340,synthetic
265598,2025-04-17T15:24:19.068302+00:00,2025-04-18T15:24:19.068302+00:00,188.3942353,188.4670658,188.2191739,188.2919649,5347,synthetic
265598,2025-04-18T15:24:19.068302+00:00,2025-04-19T15:24:19.068302+00:00,188.2919649,188.4986241,188.1050014,188.3116411,5354,synthetic
265598,2025-04-19T15:24:19.068302+00:00,2025-04-20T15:24:19.068302+00:00,188.3116411,189.2333421,188.2817875,189.2033472,5361,synthetic
265598,2025-04-20T15:24:19.068302+00:00,2025-04-21T15:24:19.068302+00:00,189.2033472,190.6057596,189.0319458,190.433244,5368,synthetic
265598,2025-04-21T15:24:19.068302+00:00,2025-04-22T15:24:19.068302+00:00,190.433244,190.5581436,190.0882966,190.2130518,5375,synthetic
265598,2025-04-22T15:24:19.068302+00:00,2025-04-23T15:24:19.068302+00:00,190.2130518,190.3168783,188.745209,188.8482906,5382,synthetic
265598,2025-04-23T15:24:19.068302+00:00,2025-04-24T15:24:19.068302+00:00,188.8482906,189.0287416,188.0050515,188.1848686,5389,synthetic
265598,2025-04-24T15:24:19.068302+00:00,2025-04-25T15:24:19.068302+00:00,188.1848686,188.3330521,188.1808673,188.3290477,5396,synthetic
265598,2025-04-25T15:24:19.068302+00:00,2025-04-26T15:24:19.068302+00:00,188.3290477,188.7225339,188.1468945,188.5401765,5403,synthetic
265598,2025-04-26T15:24:19.068302+00:00,2025-04-27T15:24:19.068302+00:00,188.5401765,189.3892789,188.4440726,189.2927914,5410,synthetic
265598,2025-04-27T15:24:19.068302+00:00,2025-04-28T15:24:19.068302+00:00,189.2927914,190.5250394,189.1626769,190.3941679,5417,synthetic
265598,2025-04-28T15:24:19.068302+00:00,2025-04-29T15:24:19.068302+00:00,190.3941679,190.5630643,190.0297763,190.1984991,5424,synthetic
265598,2025-04-29T15:24:19.068302+00:00,2025-04-30T15:24:19.068302+00:00,190.1984991,190.2366087,188.7070276,188.7448459,5431,synthetic
265598,2025-04-30T15:24:19.068302+00:00,2025-05-01T15:24:19.068302+00:00,188.7448459,188.9330411,187.8087163,187.996165,5438,synthetic
265598,2025-05-01T15:24:19.068302+00:00,2025-05-02T15:24:19.068302+00:00,187.996165,188.4210039,187.9309255,188.3556396,5445,synthetic
265598,2025-05-02T15:24:19.068302+00:00,2025-05-03T15:24:19.068302+00:00,188.3556396,188.9357779,188.2037169,188.7835102,5452,synthetic
265598,2025-05-03T15:24:19.068302+00:00,2025-05-04T15:24:19.068302+00:00,188.7835102,189.5510772,188.6344036,189.4014825,5459,synthetic
265598,2025-05-04T15:24:19.068302+00:00,2025-05-05T15:24:19.068302+00:00,189.4014825,190.3898052,189.3308426,190.3188231,5466,synthetic
265598,2025-05-05T15:24:19.068302+00:00,2025-05-06T15:24:19.068302+00:00,190.3188231,190.5081109,189.9569029,190.1460189,5473,synthetic
265598,2025-05-06T15:24:19.068302+00:00,2025-05-07T15:24:19.068302+00:00,190.1460189,190.1789244,188.6345789,188.6672285,5480,synthetic
265598,2025-05-07T15:24:19.068302+00:00,2025-05-08T15:24:19.068302+00:00,188.6672285,188.8369493,187.6695057,187.838481,5487,synthetic
265598,2025-05-08T15:24:19.068302+00:00,2025-05-09T15:24:19.068302+00:00,187.838481,188.4979013,187.7132087,188.372273,5494,synthetic
265598,2025-05-09T15:24:19.068302+00:00,2025-05-10T15:24:19.068302+00:00,188.372273,189.1307705,188.2717864,189.0299331,5501,synthetic
265598,2025-05-10T15:24:19.068302+00:00,2025-05-11T15:24:19.068302+00:00,189.0299331,189.7109874,188.8485073,189.5290826,5508,synthetic
265598,2025-05-11T15:24:19.068302+00:00,2025-05-12T15:24:19.068302+00:00,189.5290826,190.2165407,189.5278432,190.2152969,5515,synthetic
265598,2025-05-12T15:24:19.068302+00:00,2025-05-13T15:24:19.068302+00:00,190.2152969,190.3985432,189.869417,190.0525064,5522,synthetic
265598,2025-05-13T15:24:19.068302+00:00,2025-05-14T15:24:19.068302+00:00,190.0525064,190.1517783,188.5130582,188.6115774,5529,synthetic
265598,2025-05-14T15:24:19.068302+00:00,2025-05-15T15:24:19.068302+00:00,188.6115774,188.7391925,187.5936053,187.7206176,5536,synthetic
265598,2025-05-15T15:24:19.068302+00:00,2025-05-16T15:24:19.068302+00:00,187.7206176,188.5501365,187.552835,188.381763,5543,synthetic
265598,2025-05-16T15:24:19.068302+00:00,2025-05-17T15:24:19.068302+00:00,188.381763,189.3031052,188.3467391,189.2679166,5550,synthetic
265598,2025-05-17T15:24:19.068302+00:00,2025-05-18T15:24:19.068302+00:00,189.2679166,189.861611,189.0794328,189.6727241,5557,synthetic
265598,2025-05-18T15:24:19.068302+00:00,2025-05-19T15:24:19.068302+00:00,189.6727241,190.1613239,189.6042906,190.0927388,5564,synthetic
265598,2025-05-19T15:24:19.068302+00:00,2025-05-20T15:24:19.068302+00:00,190.0927388,190.2443913,189.7660737,189.9175865,5571,synthetic
265598,2025-05-20T15:24:19.068302+00:00,2025-05-21T15:24:19.068302+00:00,189.9175865,190.0692877,188.4217373,188.572364,5578,synthetic
265598,2025-05-21T15:24:19.068302+00:00,2025-05-22T15:24:19.068302+00:00,188.572364,188.6401108,187.581712,187.6491271,5585,synthetic
265598,2025-05-22T15:24:19.068302+00:00,2025-05-23T15:24:19.068302+00:00,187.6491271,188.5765126,187.4622275,188.3888762,5592,synthetic
265598,2025-05-23T15:24:19.068302+00:00,2025-05-24T15:24:19.068302+00:00,188.3888762,189.5224921,188.3535462,189.4869561,5599,synthetic
265598,2025-05-24T15:24:19.068302+00:00,2025-05-25T15:24:19.068302+00:00,189.4869561,189.9966378,189.317735,189.8271129,5606,synthetic
265598,2025-05-25T15:24:19.068302+00:00,2025-05-26T15:24:19.068302+00:00,189.8271129,190.0892999,189.6984454,189.9605419,5613,synthetic
265598,2025-05-26T15:24:19.068302+00:00,2025-05-27T15:24:19.068302+00:00,189.9605419,190.0594988,189.6449613,189.7438054,5620,synthetic
265598,2025-05-27T15:24:19.068302+00:00,2025-05-28T15:24:19.068302+00:00,189.7438054,189.926681,188.3613606,188.543079,5627,synthetic
265598,2025-05-28T15:24:19.068302+00:00,2025-05-29T15:24:19.068302+00:00,188.543079,188.5446224,187.6262613,187.6277972,5634,synthetic
265598,2025-05-29T15:24:19.068302+00:00,2025-05-30T15:24:19.068302+00:00,187.6277972,188.5805347,187.4478042,188.3998011,5641,synthetic
265598,2025-05-30T15:24:19.068302+00:00,2025-05-31T15:24:19.068302+00:00,188.3998011,189.7797659,188.2990375,189.6783185,5648,synthetic
265598,2025-05-31T15:24:19.068302+00:00,2025-06-01T15:24:19.068302+00:00,189.6783185,190.1113362,189.5520522,189.9848658,5655,synthetic
265598,2025-06-01T15:24:19.068302+00:00,2025-06-02T15:24:19.068302+00:00,189.9848658,190.1559083,189.6566272,189.8275281,5662,synthetic
265598,2025-06-02T15:24:19.068302+00:00,2025-06-03T15:24:19.068302+00:00,189.8275281,189.8600705,189.5040823,189.5365749,5669,synthetic
265598,2025-06-03T15:24:19.068302+00:00,2025-06-04T15:24:19.068302+00:00,189.5365749,189.725052,188.3295349,188.5169981,5676,synthetic
265598,2025-06-04T15:24:19.068302+00:00,2025-06-05T15:24:19.068302+00:00,188.5169981,188.5875962,187.5870826,187.6573588,5683,synthetic
265598,2025-06-05T15:24:19.068302+00:00,2025-06-06T15:24:19.068302+00:00,187.6573588,188.5700991,187.5093314,188.421469,5690,synthetic
265598,2025-06-06T15:24:19.068302+00:00,2025-06-07T15:24:19.068302+00:00,188.421469,189.9889295,188.26931,189.8356285,5697,synthetic
265598,2025-06-07T15:24:19.068302+00:00,2025-06-08T15:24:19.068302+00:00,189.8356285,190.2027454,189.7700439,190.1370567,5704,synthetic
265598,2025-06-08T15:24:19.068302+00:00,2025-06-09T15:24:19.068302+00:00,190.1370567,190.3266637,189.5120385,189.7012109,5711,synthetic
265598,2025-06-09T15:24:19.068302+00:00,2025-06-10T15:24:19.068302+00:00,189.7012109,189.7395269,189.2656353,189.303871,5718,synthetic
265598,2025-06-10T15:24:19.068302+00:00,2025-06-11T15:24:19.068302+00:00,189.303871,189.471656,188.3208935,188.4879554,5725,synthetic
265598,2025-06-11T15:24:19.068302+00:00,2025-06-12T15:24:19.068302+00:00,188.4879554,188.6177419,187.6061726,187.735441,5732,synthetic
265598,2025-06-12T15:24:19.068302+00:00,2025-06-13T15:24:19.068302+00:00,187.735441,188.5565849,187.6400134,188.4607886,5739,synthetic
265598,2025-06-13T15:24:19.068302+00:00,2025-06-14T15:24:19.068302+00:00,188.4607886,190.1390514,188.2784293,189.9552461,5746,synthetic
265598,2025-06-14T15:24:19.068302+00:00,2025-06-15T15:24:19.068302+00:00,189.9552461,190.2782828,189.9508943,190.2739238,5753,synthetic
265598,2025-06-15T15:24:19.068302+00:00,2025-06-16T15:24:19.068302+00:00,190.2739238,190.4556444,189.4061359,189.5872007,5760,synthetic
265598,2025-06-16T15:24:19.068302+00:00,2025-06-17T15:24:19.068302+00:00,189.5872007,189.6909471,188.9522538,189.0557093,5767,synthetic
265598,2025-06-17T15:24:19.068302+00:00,2025-06-18T15:24:19.068302+00:00,189.0557093,189.1794702,188.3276851,188.4510502,5774,synthetic
265598,2025-06-18T15:24:19.068302+00:00,2025-06-19T15:24:19.068302+00:00,188.4510502,188.6219013,187.6864673,187.8567797,5781,synthetic
265598,2025-06-19T15:24:19.068302+00:00,2025-06-20T15:24:19.068302+00:00,187.8567797,188.5534457,187.8273038,188.5238651,5788,synthetic
265598,2025-06-20T15:24:19.068302+00:00,2025-06-21T15:24:19.068302+00:00,188.5238651,190.2250621,188.3367085,190.0364039,5795,synthetic
265598,2025-06-21T15:24:19.068302+00:00,2025-06-22T15:24:19.068302+00:00,190.0364039,190.4595648,189.96265,190.3856753,5802,synthetic
265598,2025-06-22T15:24:19.068302+00:00,2025-06-23T15:24:19.068302+00:00,190.3856753,190.5341155,189.3410637,189.4888047,5809,synthetic
265598,2025-06-23T15:24:19.068302+00:00,2025-06-24T15:24:19.068302+00:00,189.4888047,189.6434547,188.6493516,188.8034422,5816,synthetic
265598,2025-06-24T15:24:19.068302+00:00,2025-06-25T15:24:19.068302+00:00,188.8034422,188.8660543,188.3407442,188.4032235,5823,synthetic
265598,2025-06-25T15:24:19.068302+00:00,2025-06-26T15:24:19.068302+00:00,188.4032235,188.5912882,187.8259826,188.0136584,5830,synthetic
265598,2025-06-26T15:24:19.068302+00:00,2025-06-27T15:24:19.068302+00:00,188.0136584,188.6560909,187.972976,188.6152783,5837,synthetic
265598,2025-06-27T15:24:19.068302+00:00,2025-06-28T15:24:19.068302+00:00,188.6152783,190.2482556,188.4494077,190.081096,5844,synthetic
265598,2025-06-28T15:24:19.068302+00:00,2025-06-29T15:24:19.068302+00:00,190.081096,190.5964904,189.948197,190.4633242,5851,synthetic
265598,2025-06-29T15:24:19.068302+00:00,2025-06-30T15:24:19.068302+00:00,190.4633242,190.5577127,189.3129897,189.4068547,5858,synthetic
265598,2025-06-30T15:24:19.068302+00:00,2025-07-01T15:24:19.068302+00:00,189.4068547,189.5908134,188.3758018,188.558937,5865,synthetic
265598,2025-07-01T15:24:19.068302+00:00,2025-07-02T15:24:19.068302+00:00,188.558937,188.566032,188.3365609,188.3436478,5872,synthetic
265598,2025-07-02T15:24:19.068302+00:00,2025-07-03T15:24:19.068302+00:00,188.3436478,188.5226832,188.0176482,188.1965438,5879,synthetic
265598,2025-07-03T15:24:19.068302+00:00,2025-07-04T15:24:19.068302+00:00,188.1965438,188.8430819,188.0912501,188.7374856,5886,synthetic
265598,2025-07-04T15:24:19.068302+00:00,2025-07-05T15:24:19.068302+00:00,188.7374856,190.2160418,188.6160473,190.0937309,5893,synthetic
265598,2025-07-05T15:24:19.068302+00:00,2025-07-06T15:24:19.068302+00:00,190.0937309,190.6733493,189.920228,190.4994761,5900,synthetic
265598,2025-07-06T15:24:19.068302+00:00,2025-07-07T15:24:19.068302+00:00,190.4994761,190.5265931,189.3128255,189.3397775,5907,synthetic
265598,2025-07-07T15:24:19.068302+00:00,2025-07-08T15:24:19.068302+00:00,189.3397775,189.5273886,188.1470905,188.3337047,5914,synthetic
265598,2025-07-08T15:24:19.068302+00:00,2025-07-09T15:24:19.068302+00:00,188.3337047,188.4093456,188.1982765,188.2738935,5921,synthetic
265598,2025-07-09T15:24:19.068302+00:00,2025-07-10T15:24:19.068302+00:00,188.2738935,188.5399948,188.1288516,188.3948598,5928,synthetic
265598,2025-07-10T15:24:19.068302+00:00,2025-07-11T15:24:19.068302+00:00,188.3948598,189.046161,188.2395163,188.8904089,5935,synthetic
265598,2025-07-11T15:24:19.068302+00:00,2025-07-12T15:24:19.068302+00:00,188.8904089,190.1409716,188.8303988,190.0805834,5942,synthetic
265598,2025-07-12T15:24:19.068302+00:00,2025-07-13T15:24:19.068302+00:00,190.0805834,190.6792954,189.8906973,190.4890013,5949,synthetic
265598,2025-07-13T15:24:19.068302+00:00,2025-07-14T15:24:19.068302+00:00,190.4890013,190.5329533,189.2402233,189.2838972,5956,synthetic
265598,2025-07-14T15:24:19.068302+00:00,2025-07-15T15:24:19.068302+00:00,189.2838972,189.4490109,187.973941,188.1380551,5963,synthetic
265598,2025-07-15T15:24:19.068302+00:00,2025-07-16T15:24:19.068302+00:00,188.1380551,188.3314061,188.0045482,188.1978568,5970,synthetic
265598,2025-07-16T15:24:19.068302+00:00,2025-07-17T15:24:19.068302+00:00,188.1978568,188.6888736,188.107008,188.5978318,5977,synthetic
265598,2025-07-17T15:24:19.068302+00:00,2025-07-18T15:24:19.068302+00:00,188.5978318,189.2555205,188.4140174,189.0712447,5984,synthetic
265598,2025-07-18T15:24:19.068302+00:00,2025-07-19T15:24:19.068302+00:00,189.0712447,190.0590441,189.0613491,190.0490974,5991,synthetic
265598,2025-07-19T15:24:19.068302+00:00,2025-07-20T15:24:19.068302+00:00,190.0490974,190.6096572,189.8693292,190.4295292,5998,synthetic
265598,2025-07-20T15:24:19.068302+00:00,2025-07-21T15:24:19.068302+00:00,190.4295292,190.5383846,189.125769,189.233941,6005,synthetic
265598,2025-07-21T15:24:19.068302+00:00,2025-07-22T15:24:19.068302+00:00,189.233941,189.3535526,187.861531,187.9803501,6012,synthetic
265598,2025-07-22T15:24:19.068302+00:00,2025-07-23T15:24:19.068302+00:00,187.9803501,188.294268,187.8076639,188.1214521,6019,synthetic
265598,2025-07-23T15:24:19.068302+00:00,2025-07-24T15:24:19.068302+00:00,188.1214521,188.8194468,188.0974183,188.7953269,6026,synthetic
265598,2025-07-24T15:24:19.068302+00:00,2025-07-25T15:24:19.068302+00:00,188.7953269,189.4616684,188.6086504,189.274518,6033,synthetic
265598,2025-07-25T15:24:19.068302+00:00,2025-07-26T15:24:19.068302+00:00,189.274518,190.0859709,189.1959551,190.0071039,6040,synthetic
265598,2025-07-26T15:24:19.068302+00:00,2025-07-27T15:24:19.068302+00:00,190.0071039,190.4665379,189.8625265,190.3217212,6047,synthetic
265598,2025-07-27T15:24:19.068302+00:00,2025-07-28T15:24:19.068302+00:00,190.3217212,190.480222,189.0261454,189.1836985,6054,synthetic
265598,2025-07-28T15:24:19.068302+00:00,2025-07-29T15:24:19.068302+00:00,189.1836985,189.241154,187.8093636,187.866419,6061,synthetic
265598,2025-07-29T15:24:19.068302+00:00,2025-07-30T15:24:19.068302+00:00,187.866419,188.2400623,187.67864,188.0520977,6068,synthetic
265598,2025-07-30T15:24:19.068302+00:00,2025-07-31T15:24:19.068302+00:00,188.0520977,189.0249247,188.0060184,188.9786184,6075,synthetic
265598,2025-07-31T15:24:19.068302+00:00,2025-08-01T15:24:19.068302+00:00,188.9786184,189.6562934,188.8151495,189.4923801,6082,synthetic
265598,2025-08-01T15:24:19.068302+00:00,2025-08-02T15:24:19.068302+00:00,189.4923801,190.0987845,189.3559608,189.9620271,6089,synthetic
265598,2025-08-02T15:24:19.068302+00:00,2025-08-03T15:24:19.068302+00:00,189.9620271,190.2586341,189.8727863,190.1692959,6096,synthetic
265598,2025-08-03T15:24:19.068302+00:00,2025-08-04T15:24:19.068302+00:00,190.1692959,190.3552485,188.9418396,189.1267727,6103,synthetic
265598,2025-08-04T15:24:19.068302+00:00,2025-08-05T15:24:19.068302+00:00,189.1267727,189.1394511,187.7865961,187.7991855,6110,synthetic
265598,2025-08-05T15:24:19.068302+00:00,2025-08-06T15:24:19.068302+00:00,187.7991855,188.1749497,187.622462,187.998039,6117,synthetic
265598,2025-08-06T15:24:19.068302+00:00,2025-08-07T15:24:19.068302+00:00,187.998039,189.2513983,187.8883138,189.1410059,6124,synthetic
265598,2025-08-07T15:24:19.068302+00:00,2025-08-08T15:24:19.068302+00:00,189.1410059,189.832863,189.0236242,189.7151251,6131,synthetic
265598,2025-08-08T15:24:19.068302+00:00,2025-08-09T15:24:19.068302+00:00,189.7151251,190.0957064,189.5397604,189.9201522,6138,synthetic
265598,2025-08-09T15:24:19.068302+00:00,2025-08-10T15:24:19.068302+00:00,189.9201522,190.000297,189.8986648,189.978803,6145,synthetic
265598,2025-08-10T15:24:19.068302+00:00,2025-08-11T15:24:19.068302+00:00,189.978803,190.1662114,188.8708525,189.057352,6152,synthetic
265598,2025-08-11T15:24:19.068302+00:00,2025-08-12T15:24:19.068302+00:00,189.057352,189.1383489,187.698088,187.7785371,6159,synthetic
265598,2025-08-12T15:24:19.068302+00:00,2025-08-13T15:24:19.068302+00:00,187.7785371,188.108786,187.637465,187.967572,6166,synthetic
265598,2025-08-13T15:24:19.068302+00:00,2025-08-14T15:24:19.068302+00:00,187.967572,189.4373992,187.8095165,189.2782417,6173,synthetic
265598,2025-08-14T15:24:19.068302+00:00,2025-08-15T15:24:19.068302+00:00,189.2782417,189.9868952,189.2234192,189.9318833,6180,synthetic
265598,2025-08-15T15:24:19.068302+00:00,2025-08-16T15:24:19.068302+00:00,189.9318833,190.1217916,189.6961574,189.8860198,6187,synthetic
265598,2025-08-16T15:24:19.068302+00:00,2025-08-17T15:24:19.068302+00:00,189.8860198,189.9352541,189.7099621,189.7591636,6194,synthetic
265598,2025-08-17T15:24:19.068302+00:00,2025-08-18T15:24:19.068302+00:00,189.7591636,189.9218879,188.8088808,188.9709291,6201,synthetic
265598,2025-08-18T15:24:19.068302+00:00,2025-08-19T15:24:19.068302+00:00,188.9709291,189.1088895,187.6643399,187.8014464,6208,synthetic
265598,2025-08-19T15:24:19.068302+00:00,2025-08-20T15:24:19.068302+00:00,187.8014464,188.0540867,187.7156713,187.9682354,6215,synthetic
265598,2025-08-20T15:24:19.068302+00:00,2025-08-21T15:24:19.068302+00:00,187.9682354,189.5744777,187.7838754,189.3887245,6222,synthetic
265598,2025-08-21T15:24:19.068302+00:00,2025-08-22T15:24:19.068302+00:00,189.3887245,190.1469709,189.3732476,190.1314332,6229,synthetic
265598,2025-08-22T15:24:19.068302+00:00,2025-08-23T15:24:19.068302+00:00,190.1314332,190.3093848,189.6843048,189.8620042,6236,synthetic
265598,2025-08-23T15:24:19.068302+00:00,2025-08-24T15:24:19.068302+00:00,189.8620042,189.9750755,189.408149,189.5210172,6243,synthetic
265598,2025-08-24T15:24:19.068302+00:00,2025-08-25T15:24:19.068302+00:00,189.5210172,189.6364338,188.7498835,188.8649005,6250,synthetic
265598,2025-08-25T15:24:19.068302+00:00,2025-08-26T15:24:19.068302+00:00,188.8649005,189.0405214,187.6876429,187.8623315,6257,synthetic
265598,2025-08-26T15:24:19.068302+00:00,2025-08-27T15:24:19.068302+00:00,187.8623315,188.0245655,187.8438277,188.0060475,6264,synthetic
265598,2025-08-27T15:24:19.068302+00:00,2025-08-28T15:24:19.068302+00:00,188.0060475,189.6598828,187.8210591,189.4734505,6271,synthetic
265598,2025-08-28T15:24:19.068302+00:00,2025-08-29T15:24:19.068302+00:00,189.4734505,190.3871131,189.3897632,190.3030593,6278,synthetic
265598,2025-08-29T15:24:19.068302+00:00,2025-08-30T15:24:19.068302+00:00,190.3030593,190.4441631,189.7073466,189.848113,6285,synthetic
265598,2025-08-30T15:24:19.068302+00:00,2025-08-31T15:24:19.068302+00:00,189.848113,190.0092455,189.1152836,189.2759304,6292,synthetic
265598,2025-08-31T15:24:19.068302+00:00,2025-09-01T15:24:19.068302+00:00,189.2759304,189.3280788,188.6869868,188.7389872,6299,synthetic
265598,2025-09-01T15:24:19.068302+00:00,2025-09-02T15:24:19.068302+00:00,188.7389872,188.9277261,187.7656669,187.9536205,6306,synthetic
265598,2025-09-02T15:24:19.068302+00:00,2025-09-03T15:24:19.068302+00:00,187.9536205,188.1362921,187.9022195,188.0848553,6313,synthetic
265598,2025-09-03T15:24:19.068302+00:00,2025-09-04T15:24:19.068302+00:00,188.0848553,189.6968051,187.925009,189.5357258,6320,synthetic
265598,2025-09-04T15:24:19.068302+00:00,2025-09-05T15:24:19.068302+00:00,189.5357258,190.5783174,189.3954609,190.4373852,6327,synthetic
265598,2025-09-05T15:24:19.068302+00:00,2025-09-06T15:24:19.068302+00:00,190.4373852,190.5218602,189.7578139,189.8420248,6334,synthetic
265598,2025-09-06T15:24:19.068302+00:00,2025-09-07T15:24:19.068302+00:00,189.8420248,190.0287475,188.8496058,189.0355353,6341,synthetic
265598,2025-09-07T15:24:19.068302+00:00,2025-09-08T15:24:19.068302+00:00,189.0355353,189.0537559,188.5772586,188.5954368,6348,synthetic
265598,2025-09-08T15:24:19.068302+00:00,2025-09-09T15:24:19.068302+00:00,188.5954368,188.7709537,187.8914453,188.0664699,6355,synthetic
265598,2025-09-09T15:24:19.068302+00:00,2025-09-10T15:24:19.068302+00:00,188.0664699,188.3201571,187.9522556,188.2058581,6362,synthetic
265598,2025-09-10T15:24:19.068302+00:00,2025-09-11T15:24:19.068302+00:00,188.2058581,189.6938988,188.093453,189.5806726,6369,synthetic
265598,2025-09-11T15:24:19.068302+00:00,2025-09-12T15:24:19.068302+00:00,189.5806726,190.7052855,189.4033784,190.5271062,6376,synthetic
265598,2025-09-12T15:24:19.068302+00:00,2025-09-13T15:24:19.068302+00:00,190.5271062,190.5430787,189.8234475,189.8393623,6383,synthetic
265598,2025-09-13T15:24:19.068302+00:00,2025-09-14T15:24:19.068302+00:00,189.8393623,190.0256356,188.6254082,188.8106721,6390,synthetic
265598,2025-09-14T15:24:19.068302+00:00,2025-09-15T15:24:19.068302+00:00,188.8106721,188.8965519,188.3532749,188.4389857,6397,synthetic
265598,2025-09-15T15:24:19.068302+00:00,2025-09-16T15:24:19.068302+00:00,188.4389857,188.5768303,188.053907,188.1915706,6404,synthetic
265598,2025-09-16T15:24:19.068302+00:00,2025-09-17T15:24:19.068302+00:00,188.1915706,188.5286755,188.0303961,188.3673505,6411,synthetic
265598,2025-09-17T15:24:19.068302+00:00,2025-09-18T15:24:19.068302+00:00,188.3673505,189.6641276,188.3181244,189.6145756,6418,synthetic
265598,2025-09-18T15:24:19.068302+00:00,2025-09-19T15:24:19.068302+00:00,189.6145756,190.7581092,189.4249787,190.5675595,6425,synthetic
265598,2025-09-19T15:24:19.068302+00:00,2025-09-20T15:24:19.068302+00:00,190.5675595,190.6223687,189.7795763,189.8341746,6432,synthetic
265598,2025-09-20T15:24:19.068302+00:00,2025-09-21T15:24:19.068302+00:00,189.8341746,189.994017,188.4517982,188.6106103,6439,synthetic
265598,2025-09-21T15:24:19.068302+00:00,2025-09-22T15:24:19.068302+00:00,188.6106103,188.7520433,188.1353983,188.2765808,6446,synthetic
265598,2025-09-22T15:24:19.068302+00:00,2025-09-23T15:24:19.068302+00:00,188.2765808,188.4010105,188.1955579,188.319969,6453,synthetic
265598,2025-09-23T15:24:19.068302+00:00,2025-09-24T15:24:19.068302+00:00,188.319969,188.7506574,188.1342628,188.5647099,6460,synthetic
265598,2025-09-24T15:24:19.068302+00:00,2025-09-25T15:24:19.068302+00:00,188.5647099,189.6651876,188.543773,189.6441309,6467,synthetic
265598,2025-09-25T15:24:19.068302+00:00,2025-09-26T15:24:19.068302+00:00,189.6441309,190.7333782,189.4686789,190.5570816,6474,synthetic
265598,2025-09-26T15:24:19.068302+00:00,2025-09-27T15:24:19.068302+00:00,190.5570816,190.6750251,189.7020961,189.8195832,6481,synthetic
265598,2025-09-27T15:24:19.068302+00:00,2025-09-28T15:24:19.068302+00:00,189.8195832,189.9306981,188.3321044,188.4424131,6488,synthetic
265598,2025-09-28T15:24:19.068302+00:00,2025-09-29T15:24:19.068302+00:00,188.4424131,188.6196064,187.9399969,188.1168841,6495,synthetic
265598,2025-09-29T15:24:19.068302+00:00,2025-09-30T15:24:19.068302+00:00,188.1168841,188.4568607,188.1038756,188.4438296,6502,synthetic
265598,2025-09-30T15:24:19.068302+00:00,2025-10-01T15:24:19.068302+00:00,188.4438296,188.9753209,188.259481,188.790633,6509,synthetic
265598,2025-10-01T15:24:19.068302+00:00,2025-10-02T15:24:19.068302+00:00,188.790633,189.7644196,188.702296,189.6756684,6516,synthetic
265598,2025-10-02T15:24:19.068302+00:00,2025-10-03T15:24:19.068302+00:00,189.6756684,190.6345447,189.5388385,190.4971222,6523,synthetic
265598,2025-10-03T15:24:19.068302+00:00,2025-10-04T15:24:19.068302+00:00,190.4971222,190.6617016,189.6245657,189.788533,6530,synthetic
265598,2025-10-04T15:24:19.068302+00:00,2025-10-05T15:24:19.068302+00:00,189.788533,189.8354277,188.2639705,188.3105,6537,synthetic
265598,2025-10-05T15:24:19.068302+00:00,2025-10-06T15:24:19.068302+00:00,188.3105,188.4987346,187.7817077,187.9696016,6544,synthetic
265598,2025-10-06T15:24:19.068302+00:00,2025-10-07T15:24:19.068302+00:00,187.9696016,188.613957,187.9128946,188.5570727,6551,synthetic
265598,2025-10-07T15:24:19.068302+00:00,2025-10-08T15:24:19.068302+00:00,188.5570727,189.193255,188.3998206,189.0356039,6558,synthetic
265598,2025-10-08T15:24:19.068302+00:00,2025-10-09T15:24:19.068302+00:00,189.0356039,189.858515,188.892026,189.7144216,6565,synthetic
265598,2025-10-09T15:24:19.068302+00:00,2025-10-10T15:24:19.068302+00:00,189.7144216,190.4714985,189.6353104,190.3921048,6572,synthetic
265598,2025-10-10T15:24:19.068302+00:00,2025-10-11T15:24:19.068302+00:00,190.3921048,190.5802994,189.5470318,189.7345765,6579,synthetic
265598,2025-10-11T15:24:19.068302+00:00,2025-10-12T15:24:19.068302+00:00,189.7345765,189.7584175,188.1927932,188.2164434,6586,synthetic
265598,2025-10-12T15:24:19.068302+00:00,2025-10-13T15:24:19.068302+00:00,188.2164434,188.3895037,187.6719768,187.8446953,6593,synthetic
265598,2025-10-13T15:24:19.068302+00:00,2025-10-14T15:24:19.068302+00:00,187.8446953,188.7747647,187.7262707,188.6558287,6600,synthetic
265598,2025-10-14T15:24:19.068302+00:00,2025-10-15T15:24:19.068302+00:00,188.6558287,189.3970855,188.5476593,189.2885533,6607,synthetic
265598,2025-10-15T15:24:19.068302+00:00,2025-10-16T15:24:19.068302+00:00,189.2885533,189.9432783,189.1096351,189.7639108,6614,synthetic
265598,2025-10-16T15:24:19.068302+00:00,2025-10-17T15:24:19.068302+00:00,189.7639108,190.2594065,189.7535774,190.2490466,6621,synthetic
265598,2025-10-17T15:24:19.068302+00:00,2025-10-18T15:24:19.068302+00:00,190.2490466,190.4345602,189.4676885,189.6526205,6628,synthetic
265598,2025-10-18T15:24:19.068302+00:00,2025-10-19T15:24:19.068302+00:00,189.6526205,189.7438192,188.068532,188.1590125,6635,synthetic
265598,2025-10-19T15:24:19.068302+00:00,2025-10-20T15:24:19.068302+00:00,188.1590125,188.292815,187.6180351,187.7515478,6642,synthetic
265598,2025-10-20T15:24:19.068302+00:00,2025-10-21T15:24:19.068302+00:00,187.7515478,188.903114,187.5879657,188.7386719,6649,synthetic
265598,2025-10-21T15:24:19.068302+00:00,2025-10-22T15:24:19.068302+00:00,188.7386719,189.5817793,188.6947346,189.537656,6656,synthetic
265598,2025-10-22T15:24:19.068302+00:00,2025-10-23T15:24:19.068302+00:00,189.537656,190.0151505,189.3482945,189.8255014,6663,synthetic
265598,2025-10-23T15:24:19.068302+00:00,2025-10-24T15:24:19.068302+00:00,189.8255014,190.1369773,189.7655758,190.0769723,6670,synthetic
265598,2025-10-24T15:24:19.068302+00:00,2025-10-25T15:24:19.068302+00:00,190.0769723,190.2339304,189.3830479,189.5395622,6677,synthetic
265598,2025-10-25T15:24:19.068302+00:00,2025-10-26T15:24:19.068302+00:00,189.5395622,189.6853226,187.9897794,188.1344592,6684,synthetic
265598,2025-10-26T15:24:19.068302+00:00,2025-10-27T15:24:19.068302+00:00,188.1344592,188.2103852,187.6224023,187.6981521,6691,synthetic
265598,2025-10-27T15:24:19.068302+00:00,2025-10-28T15:24:19.068302+00:00,187.6981521,188.9936427,187.5122218,188.8066143,6698,synthetic
265598,2025-10-28T15:24:19.068302+00:00,2025-10-29T15:24:19.068302+00:00,188.8066143,189.797811,188.7801344,189.7711958,6705,synthetic
265598,2025-10-29T15:24:19.068302+00:00,2025-10-30T15:24:19.068302+00:00,189.7711958,190.071664,189.5978234,189.8981756,6712,synthetic
265598,2025-10-30T15:24:19.068302+00:00,2025-10-31T15:24:19.068302+00:00,189.8981756,190.0200524,189.764303,189.886172,6719,synthetic
265598,2025-10-31T15:24:19.068302+00:00,2025-11-01T15:24:19.068302+00:00,189.886172,189.9927444,189.2884615,189.394758,6726,synthetic
265598,2025-11-01T15:24:19.068302+00:00,2025-11-02T15:24:19.068302+00:00,189.394758,189.5746675,187.9583005,188.1370154,6733,synthetic
265598,2025-11-02T15:24:19.068302+00:00,2025-11-03T15:24:19.068302+00:00,188.1370154,188.144493,187.6829415,187.6904014,6740,synthetic
265598,2025-11-03T15:24:19.068302+00:00,2025-11-04T15:24:19.068302+00:00,187.6904014,189.046387,187.5080154,188.8628617,6747,synthetic
265598,2025-11-04T15:24:19.068302+00:00,2025-11-05T15:24:19.068302+00:00,188.8628617,190.0722233,188.7696142,189.978425,6754,synthetic
265598,2025-11-05T15:24:19.068302+00:00,2025-11-06T15:24:19.068302+00:00,189.978425,190.1116577,189.8453102,189.9785427,6761,synthetic
265598,2025-11-06T15:24:19.068302+00:00,2025-11-07T15:24:19.068302+00:00,189.9785427,190.1454201,189.5207493,189.6873709,6768,synthetic
265598,2025-11-07T15:24:19.068302+00:00,2025-11-08T15:24:19.068302+00:00,189.6873709,189.7288079,189.1789406,189.2202755,6775,synthetic
265598,2025-11-08T15:24:19.068302+00:00,2025-11-09T15:24:19.068302+00:00,189.2202755,189.4091794,187.97171,188.1595548,6782,synthetic
265598,2025-11-09T15:24:19.068302+00:00,2025-11-10T15:24:19.068302+00:00,188.1595548,188.221577,187.6696577,187.7315388,6789,synthetic
265598,2025-11-10T15:24:19.068302+00:00,2025-11-11T15:24:19.068302+00:00,187.7315388,189.0667683,187.5780933,188.9123578,6796,synthetic
265598,2025-11-11T15:24:19.068302+00:00,2025-11-12T15:24:19.068302+00:00,188.9123578,190.2983496,188.7653174,190.1503456,6803,synthetic
265598,2025-11-12T15:24:19.068302+00:00,2025-11-13T15:24:19.068302+00:00,190.1503456,190.224515,189.986952,190.0610867,6810,synthetic
265598,2025-11-13T15:24:19.068302+00:00,2025-11-14T15:24:19.068302+00:00,190.0610867,190.2497205,189.3028134,189.4908813,6817,synthetic
265598,2025-11-14T15:24:19.068302+00:00,2025-11-15T15:24:19.068302+00:00,189.4908813,189.5202169,188.9916433,189.0209061,6824,synthetic
265598,2025-11-15T15:24:19.068302+00:00,2025-11-16T15:24:19.068302+00:00,189.0209061,189.1924425,188.0235722,188.1943586,6831,synthetic
265598,2025-11-16T15:24:19.068302+00:00,2025-11-17T15:24:19.068302+00:00,188.1943586,188.3172538,187.699169,187.8218209,6838,synthetic
265598,2025-11-17T15:24:19.068302+00:00,2025-11-18T15:24:19.068302+00:00,187.8218209,189.0648983,187.7187076,188.9611594,6845,synthetic
265598,2025-11-18T15:24:19.068302+00:00,2025-11-19T15:24:19.068302+00:00,188.9611594,190.4619497,188.7808117,190.2803429,6852,synthetic
265598,2025-11-19T15:24:19.068302+00:00,2025-11-20T15:24:19.068302+00:00,190.2803429,190.2851053,190.1338721,190.1386309,6859,synthetic
265598,2025-11-20T15:24:19.068302+00:00,2025-11-21T15:24:19.068302+00:00,190.1386309,190.322715,189.1225354,189.3058132,6866,synthetic
265598,2025-11-21T15:24:19.068302+00:00,2025-11-22T15:24:19.068302+00:00,189.3058132,189.4016932,188.7083048,188.8039307,6873,synthetic
265598,2025-11-22T15:24:19.068302+00:00,2025-11-23T15:24:19.068302+00:00,188.8039307,188.9342247,188.1040096,188.2339103,6880,synthetic
265598,2025-11-23T15:24:19.068302+00:00,2025-11-24T15:24:19.068302+00:00,188.2339103,188.4005619,187.7920156,187.9584232,6887,synthetic
265598,2025-11-24T15:24:19.068302+00:00,2025-11-25T15:24:19.068302+00:00,187.9584232,189.0542728,187.9200692,189.015703,6894,synthetic
265598,2025-11-25T15:24:19.068302+00:00,2025-11-26T15:24:19.068302+00:00,189.015703,190.5544847,188.8271847,190.3646211,6901,synthetic
265598,2025-11-26T15:24:19.068302+00:00,2025-11-27T15:24:19.068302+00:00,190.3646211,190.4300097,190.1376457,190.2029787,6908,synthetic
265598,2025-11-27T15:24:19.068302+00:00,2025-11-28T15:24:19.068302+00:00,190.2029787,190.3568138,188.986435,189.1394099,6915,synthetic
265598,2025-11-28T15:24:19.068302+00:00,2025-11-29T15:24:19.068302+00:00,189.1394099,189.2883596,188.4301499,188.578658,6922,synthetic
265598,2025-11-29T15:24:19.068302+00:00,2025-11-30T15:24:19.068302+00:00,188.578658,188.6496496,188.2007754,188.2716514,6929,synthetic
265598,2025-11-30T15:24:19.068302+00:00,2025-12-01T15:24:19.068302+00:00,188.2716514,188.4588281,187.9485565,188.135598,6936,synthetic
265598,2025-12-01T15:24:19.068302+00:00,2025-12-02T15:24:19.068302+00:00,188.135598,189.1140502,188.1037385,189.0820305,6943,synthetic
265598,2025-12-02T15:24:19.068302+00:00,2025-12-03T15:24:19.068302+00:00,189.0820305,190.5739947,188.9116267,190.402401,6950,synthetic
265598,2025-12-03T15:24:19.068302+00:00,2025-12-04T15:24:19.068302+00:00,190.402401,190.5288478,190.1193287,190.2456715,6957,synthetic
265598,2025-12-04T15:24:19.068302+00:00,2025-12-05T15:24:19.068302+00:00,190.2456715,190.3477628,188.8951463,188.9965672,6964,synthetic
265598,2025-12-05T15:24:19.068302+00:00,2025-12-06T15:24:19.068302+00:00,188.9965672,189.1777598,188.1751943,188.3557725,6971,synthetic
265598,2025-12-06T15:24:19.068302+00:00,2025-12-07T15:24:19.068302+00:00,188.3557725,188.3577136,188.3006833,188.3026239,6978,synthetic
265598,2025-12-07T15:24:19.068302+00:00,2025-12-08T15:24:19.068302+00:00,188.3026239,188.5267064,188.1210312,188.3450728,6985,synthetic
265598,2025-12-08T15:24:19.068302+00:00,2025-12-09T15:24:19.068302+00:00,188.3450728,189.2632497,188.2472984,189.1650496,6992,synthetic
265598,2025-12-09T15:24:19.068302+00:00,2025-12-10T15:24:19.068302+00:00,189.1650496,190.5252171,189.0365363,190.3958676,6999,synthetic
265598,2025-12-10T15:24:19.068302+00:00,2025-12-11T15:24:19.068302+00:00,190.3958676,190.5657185,190.0890685,190.258797,7006,synthetic
265598,2025-12-11T15:24:19.068302+00:00,2025-12-12T15:24:19.068302+00:00,190.258797,190.2948738,188.8437599,188.8795751,7013,synthetic
265598,2025-12-12T15:24:19.068302+00:00,2025-12-13T15:24:19.068302+00:00,188.8795751,189.0677356,187.9591168,188.146547,7020,synthetic
265598,2025-12-13T15:24:19.068302+00:00,2025-12-14T15:24:19.068302+00:00,188.146547,188.3912292,188.0793255,188.3239443,7027,synthetic
265598,2025-12-14T15:24:19.068302+00:00,2025-12-15T15:24:19.068302+00:00,188.3239443,188.7275261,188.1732762,188.5766558,7034,synthetic
265598,2025-12-15T15:24:19.068302+00:00,2025-12-16T15:24:19.068302+00:00,188.5766558,189.4186486,188.4264541,189.2678963,7041,synthetic
265598,2025-12-16T15:24:19.068302+00:00,2025-12-17T15:24:19.068302+00:00,189.2678963,190.4189274,189.1992348,190.3498734,7048,synthetic
265598,2025-12-17T15:24:19.068302+00:00,2025-12-18T15:24:19.068302+00:00,190.3498734,190.5393976,190.0463632,190.2357738,7055,synthetic
265598,2025-12-18T15:24:19.068302+00:00,2025-12-19T15:24:19.068302+00:00,190.2357738,190.2707461,188.7533963,188.7881025,7062,synthetic
265598,2025-12-19T15:24:19.068302+00:00,2025-12-20T15:24:19.068302+00:00,188.7881025,188.9570182,187.7938118,187.9619884,7069,synthetic
265598,2025-12-20T15:24:19.068302+00:00,2025-12-21T15:24:19.068302+00:00,187.9619884,188.4621982,187.8351065,188.3350645,7076,synthetic
265598,2025-12-21T15:24:19.068302+00:00,2025-12-22T15:24:19.068302+00:00,188.3350645,188.9179636,188.2363495,188.818995,7083,synthetic
265598,2025-12-22T15:24:19.068302+00:00,2025-12-23T15:24:19.068302+00:00,188.818995,189.5738066,188.6372016,189.391462,7090,synthetic
265598,2025-12-23T15:24:19.068302+00:00,2025-12-24T15:24:19.068302+00:00,189.391462,190.272266,189.390625,190.2714251,7097,synthetic
265598,2025-12-24T15:24:19.068302+00:00,2025-12-25T15:24:19.068302+00:00,190.2714251,190.4541552,189.9894049,190.1720396,7104,synthetic
265598,2025-12-25T15:24:19.068302+00:00,2025-12-26T15:24:19.068302+00:00,190.1720396,190.2731451,188.6190896,188.7194228,7111,synthetic
265598,2025-12-26T15:24:19.068302+00:00,2025-12-27T15:24:19.068302+00:00,188.7194228,188.8455803,187.6864386,187.8119896,7118,synthetic
265598,2025-12-27T15:24:19.068302+00:00,2025-12-28T15:24:19.068302+00:00,187.8119896,188.5070458,187.6432124,188.3377961,7125,synthetic
265598,2025-12-28T15:24:19.068302+00:00,2025-12-29T15:24:19.068302+00:00,188.3377961,189.0935394,188.3048104,189.0604271,7132,synthetic
265598,2025-12-29T15:24:19.068302+00:00,2025-12-30T15:24:19.068302+00:00,189.0604271,189.722679,188.8723497,189.5341303,7139,synthetic
265598,2025-12-30T15:24:19.068302+00:00,2025-12-31T15:24:19.068302+00:00,189.5341303,190.2395542,189.4638138,190.1690022,7146,synthetic
265598,2025-12-31T15:24:19.068302+00:00,2026-01-01T15:24:19.068302+00:00,190.1690022,190.3194499,189.9152154,190.0655813,7153,synthetic
265598,2026-01-01T15:24:19.068302+00:00,2026-01-02T15:24:19.068302+00:00,190.0655813,190.2186447,188.5169181,188.6688566,7160,synthetic
265598,2026-01-02T15:24:19.068302+00:00,2026-01-03T15:24:19.068302+00:00,188.6688566,188.7347045,187.6390504,187.7045618,7167,synthetic
265598,2026-01-03T15:24:19.068302+00:00,2026-01-04T15:24:19.068302+00:00,187.7045618,188.5238539,187.5174346,188.3360971,7174,synthetic
265598,2026-01-04T15:24:19.068302+00:00,2026-01-05T15:24:19.068302+00:00,188.3360971,189.3273773,188.2987519,189.289843,7181,synthetic
265598,2026-01-05T15:24:19.068302+00:00,2026-01-06T15:24:19.068302+00:00,189.289843,189.8602094,189.1217414,189.6917509,7188,synthetic
265598,2026-01-06T15:24:19.068302+00:00,2026-01-07T15:24:19.068302+00:00,189.6917509,190.1821133,189.5616545,190.0517699,7195,synthetic
265598,2026-01-07T15:24:19.068302+00:00,2026-01-08T15:24:19.068302+00:00,190.0517699,190.1489907,189.8201035,189.9172554,7202,synthetic
265598,2026-01-08T15:24:19.068302+00:00,2026-01-09T15:24:19.068302+00:00,189.9172554,190.1008422,188.4480453,188.6303881,7209,synthetic
265598,2026-01-09T15:24:19.068302+00:00,2026-01-10T15:24:19.068302+00:00,188.6303881,188.6339991,187.6416215,187.6452136,7216,synthetic
265598,2026-01-10T15:24:19.068302+00:00,2026-01-11T15:24:19.068302+00:00,187.6452136,188.5157188,187.4657953,188.3356404,7223,synthetic
265598,2026-01-11T15:24:19.068302+00:00,2026-01-12T15:24:19.068302+00:00,188.3356404,189.600593,188.2331733,189.4974938,7230,synthetic
265598,2026-01-12T15:24:19.068302+00:00,2026-01-13T15:24:19.068302+00:00,189.4974938,189.9826818,189.372905,189.8578561,7237,synthetic
265598,2026-01-13T15:24:19.068302+00:00,2026-01-14T15:24:19.068302+00:00,189.8578561,190.1006442,189.6860325,189.9287565,7244,synthetic
265598,2026-01-14T15:24:19.068302+00:00,2026-01-15T15:24:19.068302+00:00,189.9287565,189.9592638,189.7003927,189.7308683,7251,synthetic
265598,2026-01-15T15:24:19.068302+00:00,2026-01-16T15:24:19.068302+00:00,189.7308683,189.9193077,188.4100819,188.5973956,7258,synthetic
265598,2026-01-16T15:24:19.068302+00:00,2026-01-17T15:24:19.068302+00:00,188.5973956,188.6699358,187.5643606,187.6365312,7265,synthetic
265598,2026-01-17T15:24:19.068302+00:00,2026-01-18T15:24:19.068302+00:00,187.6365312,188.4904953,187.489793,188.3432044,7272,synthetic
265598,2026-01-18T15:24:19.068302+00:00,2026-01-19T15:24:19.068302+00:00,188.3432044,189.8300595,188.1899004,189.675671,7279,synthetic
265598,2026-01-19T15:24:19.068302+00:00,2026-01-20T15:24:19.068302+00:00,189.675671,190.0877939,189.6120961,190.0241023,7286,synthetic
265598,2026-01-20T15:24:19.068302+00:00,2026-01-21T15:24:19.068302+00:00,190.0241023,190.2137406,189.6186464,189.8080692,7293,synthetic
265598,2026-01-21T15:24:19.068302+00:00,2026-01-22T15:24:19.068302+00:00,189.8080692,189.8484415,189.4726966,189.5130062,7300,synthetic
265598,2026-01-22T15:24:19.068302+00:00,2026-01-23T15:24:19.068302+00:00,189.5130062,189.6800048,188.3972672,188.563429,7307,synthetic
265598,2026-01-23T15:24:19.068302+00:00,2026-01-24T15:24:19.068302+00:00,188.563429,188.6947582,187.5472828,187.6779954,7314,synthetic
265598,2026-01-24T15:24:19.068302+00:00,2026-01-25T15:24:19.068302+00:00,187.6779954,188.4599074,187.5843738,188.3659427,7321,synthetic
265598,2026-01-25T15:24:19.068302+00:00,2026-01-26T15:24:19.068302+00:00,188.3659427,190.0033881,188.1831652,189.8192005,7328,synthetic
265598,2026-01-26T15:24:19.068302+00:00,2026-01-27T15:24:19.068302+00:00,189.8192005,190.1873411,189.8127726,190.1809009,7335,synthetic
265598,2026-01-27T15:24:19.068302+00:00,2026-01-28T15:24:19.068302+00:00,190.1809009,190.361904,189.5156776,189.6962194,7342,synthetic
265598,2026-01-28T15:24:19.068302+00:00,2026-01-29T15:24:19.068302+00:00,189.6962194,189.8017591,189.1673234,189.2726275,7349,synthetic
265598,2026-01-29T15:24:19.068302+00:00,2026-01-30T15:24:19.068302+00:00,189.2726275,189.394955,188.401116,188.522959,7356,synthetic
265598,2026-01-30T15:24:19.068302+00:00,2026-01-31T15:24:19.068302+00:00,188.522959,188.6947368,187.5949636,187.7660517,7363,synthetic
265598,2026-01-31T15:24:19.068302+00:00,2026-02-01T15:24:19.068302+00:00,187.7660517,188.4381219,187.7386239,188.4105999,7370,synthetic
265598,2026-02-01T15:24:19.068302+00:00,2026-02-02T15:24:19.068302+00:00,188.4105999,190.113999,188.2238152,189.9257122,7377,synthetic
265598,2026-02-02T15:24:19.068302+00:00,2026-02-03T15:24:19.068302+00:00,189.9257122,190.3939641,189.8500875,190.3181832,7384,synthetic
265598,2026-02-03T15:24:19.068302+00:00,2026-02-04T15:24:19.068302+00:00,190.3181832,190.4652559,189.4511003,189.5976162,7391,synthetic
265598,2026-02-04T15:24:19.068302+00:00,2026-02-05T15:24:19.068302+00:00,189.5976162,189.7535463,188.8649939,189.0204493,7398,synthetic
265598,2026-02-05T15:24:19.068302+00:00,2026-02-06T15:24:19.068302+00:00,189.0204493,189.0811754,188.4114784,188.4720283,7405,synthetic
265598,2026-02-06T15:24:19.068302+00:00,2026-02-07T15:24:19.068302+00:00,188.4720283,188.6602741,187.706758,187.8944269,7412,synthetic
265598,2026-02-07T15:24:19.068302+00:00,2026-02-08T15:24:19.068302+00:00,187.8944269,188.5255452,187.8517625,188.4827472,7419,synthetic
265598,2026-02-08T15:24:19.068302+00:00,2026-02-09T15:24:19.068302+00:00,188.4827472,190.1617456,188.3179865,189.9956624,7426,synthetic
265598,2026-02-09T15:24:19.068302+00:00,2026-02-10T15:24:19.068302+00:00,189.9956624,190.5608558,189.8613425,190.4262315,7433,synthetic
265598,2026-02-10T15:24:19.068302+00:00,2026-02-11T15:24:19.068302+00:00,190.4262315,190.5187835,189.4221631,189.5142718,7440,synthetic
265598,2026-02-11T15:24:19.068302+00:00,2026-02-12T15:24:19.068302+00:00,189.5142718,189.6988183,188.5843619,188.7681819,7447,synthetic
265598,2026-02-12T15:24:19.068302+00:00,2026-02-13T15:24:19.068302+00:00,188.7681819,188.7773514,188.3995927,188.4087448,7454,synthetic
265598,2026-02-13T15:24:19.068302+00:00,2026-02-14T15:24:19.068302+00:00,188.4087448,188.5871903,187.8765525,188.0546626,7461,synthetic
265598,2026-02-14T15:24:19.068302+00:00,2026-02-15T15:24:19.068302+00:00,188.0546626,188.6933268,187.9477466,188.5861086,7468,synthetic
265598,2026-02-15T15:24:19.068302+00:00,2026-02-16T15:24:19.068302+00:00,188.5861086,190.1527817,188.466357,190.0321119,7475,synthetic
265598,2026-02-16T15:24:19.068302+00:00,2026-02-17T15:24:19.068302+00:00,190.0321119,190.6712184,189.8578249,190.4965055,7482,synthetic
265598,2026-02-17T15:24:19.068302+00:00,2026-02-18T15:24:19.068302+00:00,190.4965055,190.5215542,189.4208344,189.445745,7489,synthetic
265598,2026-02-18T15:24:19.068302+00:00,2026-02-19T15:24:19.068302+00:00,189.445745,189.6331699,188.3411572,188.5276739,7496,synthetic
265598,2026-02-19T15:24:19.068302+00:00,2026-02-20T15:24:19.068302+00:00,188.5276739,188.6052802,188.2560417,188.3335682,7503,synthetic
265598,2026-02-20T15:24:19.068302+00:00,2026-02-21T15:24:19.068302+00:00,188.3335682,188.4773314,188.0931303,188.2368196,7510,synthetic
265598,2026-02-21T15:24:19.068302+00:00,2026-02-22T15:24:19.068302+00:00,188.2368196,188.8788165,188.0804487,188.7220425,7517,synthetic
265598,2026-02-22T15:24:19.068302+00:00,2026-02-23T15:24:19.068302+00:00,188.7220425,190.0986795,188.6640504,190.0402824,7524,synthetic
265598,2026-02-23T15:24:19.068302+00:00,2026-02-24T15:24:19.068302+00:00,190.0402824,190.7127983,189.8503537,190.5223878,7531,synthetic
265598,2026-02-24T15:24:19.068302+00:00,2026-02-25T15:24:19.068302+00:00,190.5223878,190.5683763,189.3436084,189.3893234,7538,synthetic
265598,2026-02-25T15:24:19.068302+00:00,2026-02-26T15:24:19.068302+00:00,189.3893234,189.5535043,188.1467987,188.310044,7545,synthetic
265598,2026-02-26T15:24:19.068302+00:00,2026-02-27T15:24:19.068302+00:00,188.310044,188.4451189,188.1143315,188.2493628,7552,synthetic
265598,2026-02-27T15:24:19.068302+00:00,2026-02-28T15:24:19.068302+00:00,188.2493628,188.5194372,188.1603012,188.43029,7559,synthetic
265598,2026-02-28T15:24:19.068302+00:00,2026-03-01T15:24:19.068302+00:00,188.43029,189.0737774,188.2461878,188.8892268,7566,synthetic
265598,2026-03-01T15:24:19.068302+00:00,2026-03-02T15:24:19.068302+00:00,188.8892268,190.038958,188.8772743,190.0269335,7573,synthetic
265598,2026-03-02T15:24:19.068302+00:00,2026-03-03T15:24:19.068302+00:00,190.0269335,190.6792904,189.8478727,190.4997841,7580,synthetic
265598,2026-03-03T15:24:19.068302+00:00,2026-03-04T15:24:19.068302+00:00,190.4997841,190.610386,189.230499,189.3404279,7587,synthetic
265598,2026-03-04T15:24:19.068302+00:00,2026-03-05T15:24:19.068302+00:00,189.3404279,189.4584917,188.0075656,188.1248714,7594,synthetic
265598,2026-03-05T15:24:19.068302+00:00,2026-03-06T15:24:19.068302+00:00,188.1248714,188.3348676,187.9512483,188.161211,7601,synthetic
265598,2026-03-06T15:24:19.068302+00:00,2026-03-07T15:24:19.068302+00:00,188.161211,188.6466927,188.1392186,188.6246461,7608,synthetic
265598,2026-03-07T15:24:19.068302+00:00,2026-03-08T15:24:19.068302+00:00,188.6246461,189.2702224,188.4384584,189.0835817,7615,synthetic
265598,2026-03-08T15:24:19.068302+00:00,2026-03-09T15:24:19.068302+00:00,189.0835817,190.0803743,189.0032176,189.9996209,7622,synthetic
265598,2026-03-09T15:24:19.068302+00:00,2026-03-10T15:24:19.068302+00:00,189.9996209,190.571057,189.8564089,190.4275225,7629,synthetic
265598,2026-03-10T15:24:19.068302+00:00,2026-03-11T15:24:19.068302+00:00,190.4275225,190.5872571,189.1344145,189.2931976,7636,synthetic
265598,2026-03-11T15:24:19.068302+00:00,2026-03-12T15:24:19.068302+00:00,189.2931976,189.3487065,187.9243919,187.9795156,7643,synthetic
265598,2026-03-12T15:24:19.068302+00:00,2026-03-13T15:24:19.068302+00:00,187.9795156,188.2640412,187.791572,188.0760011,7650,synthetic
265598,2026-03-13T15:24:19.068302+00:00,2026-03-14T15:24:19.068302+00:00,188.0760011,188.8587199,188.0279206,188.8104516,7657,synthetic
265598,2026-03-14T15:24:19.068302+00:00,2026-03-15T15:24:19.068302+00:00,188.8104516,189.4611327,188.6481761,189.2984379,7664,synthetic
265598,2026-03-15T15:24:19.068302+00:00,2026-03-16T15:24:19.068302+00:00,189.2984379,190.1040992,189.1607266,189.9659024,7671,synthetic
265598,2026-03-16T15:24:19.068302+00:00,2026-03-17T15:24:19.068302+00:00,189.9659024,190.3950739,189.8785029,190.3075172,7678,synthetic
265598,2026-03-17T15:24:19.068302+00:00,2026-03-18T15:24:19.068302+00:00,190.3075172,190.4940305,189.0557338,189.241202,7685,synthetic
265598,2026-03-18T15:24:19.068302+00:00,2026-03-19T15:24:19.068302+00:00,189.241202,189.2559564,187.8639746,187.8786228,7692,synthetic
265598,2026-03-19T15:24:19.068302+00:00,2026-03-20T15:24:19.068302+00:00,187.8786228,188.1780343,187.7025317,188.0018278,7699,synthetic
265598,2026-03-20T15:24:19.068302+00:00,2026-03-21T15:24:19.068302+00:00,188.0018278,189.0919371,187.890434,188.9799638,7706,synthetic
265598,2026-03-21T15:24:19.068302+00:00,2026-03-22T15:24:19.068302+00:00,188.9799638,189.6409253,188.864313,189.524941,7713,synthetic
265598,2026-03-22T15:24:19.068302+00:00,2026-03-23T15:24:19.068302+00:00,189.524941,190.1089162,189.3489702,189.932567,7720,synthetic
265598,2026-03-23T15:24:19.068302+00:00,2026-03-24T15:24:19.068302+00:00,189.932567,190.1641199,189.9131475,190.1446787,7727,synthetic
265598,2026-03-24T15:24:19.068302+00:00,2026-03-25T15:24:19.068302+00:00,190.1446787,190.3318979,188.9919436,189.1782112,7734,synthetic
265598,2026-03-25T15:24:19.068302+00:00,2026-03-26T15:24:19.068302+00:00,189.1782112,189.2611282,187.7415373,187.8238607,7741,synthetic
265598,2026-03-26T15:24:19.068302+00:00,2026-03-27T15:24:19.068302+00:00,187.8238607,188.0870874,187.6841215,187.9472564,7748,synthetic
265598,2026-03-27T15:24:19.068302+00:00,2026-03-28T15:24:19.068302+00:00,187.9472564,189.2878111,187.7881128,189.127668,7755,synthetic
265598,2026-03-28T15:24:19.068302+00:00,2026-03-29T15:24:19.068302+00:00,189.127668,189.8056245,189.0748761,189.7526581,7762,synthetic
265598,2026-03-29T15:24:19.068302+00:00,2026-03-30T15:24:19.068302+00:00,189.7526581,190.09486,189.5629077,189.9049572,7769,synthetic
265598,2026-03-30T15:24:19.068302+00:00,2026-03-31T15:24:19.068302+00:00,189.9049572,189.9978365,189.853711,189.9465791,7776,synthetic
265598,2026-03-31T15:24:19.068302+00:00,2026-04-01T15:24:19.068302+00:00,189.9465791,190.1083836,188.9378698,189.0989522,7783,synthetic
265598,2026-04-01T15:24:19.068302+00:00,2026-04-02T15:24:19.068302+00:00,189.0989522,189.2384139,187.6753883,187.8139023,7790,synthetic
265598,2026-04-02T15:24:19.068302+00:00,2026-04-03T15:24:19.068302+00:00,187.8139023,188.0045123,187.7299576,187.9205199,7797,synthetic
265598,2026-04-03T15:24:19.068302+00:00,2026-04-04T15:24:19.068302+00:00,187.9205199,189.4366078,187.7358163,189.2505968,7804,synthetic
265598,2026-04-04T15:24:19.068302+00:00,2026-04-05T15:24:19.068302+00:00,189.2505968,189.9879342,189.2330651,189.9703358,7811,synthetic
265598,2026-04-05T15:24:19.068302+00:00,2026-04-06T15:24:19.068302+00:00,189.9703358,190.1473928,189.7094679,189.8864467,7818,synthetic
265598,2026-04-06T15:24:19.068302+00:00,2026-04-07T15:24:19.068302+00:00,189.8864467,190.0011973,189.6082476,189.7228994,7825,synthetic
265598,2026-04-07T15:24:19.068302+00:00,2026-04-08T15:24:19.068302+00:00,189.7228994,189.8367829,188.8863309,188.9997804,7832,synthetic
265598,2026-04-08T15:24:19.068302+00:00,2026-04-09T15:24:19.068302+00:00,188.9997804,189.176278,187.6692388,187.8446577,7839,synthetic
265598,2026-04-09T15:24:19.068302+00:00,2026-04-10T15:24:19.068302+00:00,187.8446577,187.9451789,187.8282052,187.928719,7846,synthetic
265598,2026-04-10T15:24:19.068302+00:00,2026-04-11T15:24:19.068302+00:00,187.928719,189.5343387,187.7441853,189.3484109,7853,synthetic
265598,2026-04-11T15:24:19.068302+00:00,2026-04-12T15:24:19.068302+00:00,189.3484109,190.2526027,189.2629222,190.1667446,7860,synthetic
265598,2026-04-12T15:24:19.068302+00:00,2026-04-13T15:24:19.068302+00:00,190.1667446,190.3063405,189.7387373,189.8781213,7867,synthetic
265598,2026-04-13T15:24:19.068302+00:00,2026-04-14T15:24:19.068302+00:00,189.8781213,190.0403698,189.3227939,189.4847062,7874,synthetic
265598,2026-04-14T15:24:19.068302+00:00,2026-04-15T15:24:19.068302+00:00,189.4847062,189.5349129,188.8291547,188.8792009,7881,synthetic
265598,2026-04-15T15:24:19.068302+00:00,2026-04-16T15:24:19.068302+00:00,188.8792009,189.0680709,187.7218313,187.9097319,7888,synthetic
265598,2026-04-16T15:24:19.068302+00:00,2026-04-17T15:24:19.068302+00:00,187.9097319,188.0304849,187.8563653,187.9770992,7895,synthetic
265598,2026-04-17T15:24:19.068302+00:00,2026-04-18T15:24:19.068302+00:00,187.9770992,189.5831162,187.8184396,189.423236,7902,synthetic
265598,2026-04-18T15:24:19.068302+00:00,2026-04-19T15:24:19.068302+00:00,189.423236,190.4737852,189.2816667,190.3315371,7909,synthetic
265598,2026-04-19T15:24:19.068302+00:00,2026-04-20T15:24:19.068302+00:00,190.3315371,190.4140908,189.7963344,189.8786917,7916,synthetic
265598,2026-04-20T15:24:19.068302+00:00,2026-04-21T15:24:19.068302+00:00,189.8786917,190.0658149,189.0571242,189.2436215,7923,synthetic
265598,2026-04-21T15:24:19.068302+00:00,2026-04-22T15:24:19.068302+00:00,189.2436215,189.2639252,188.7179419,188.7381914,7930,synthetic
265598,2026-04-22T15:24:19.068302+00:00,2026-04-23T15:24:19.068302+00:00,188.7381914,188.9130738,187.8268649,188.0010643,7937,synthetic
265598,2026-04-23T15:24:19.068302+00:00,2026-04-24T15:24:19.068302+00:00,188.0010643,188.184318,187.8852598,188.068472,7944,synthetic
265598,2026-04-24T15:24:19.068302+00:00,2026-04-25T15:24:19.068302+00:00,188.068472,189.5907685,187.9578086,189.479275,7951,synthetic
265598,2026-04-25T15:24:19.068302+00:00,2026-04-26T15:24:19.068302+00:00,189.479275,190.6348872,189.3013509,190.4560459,7958,synthetic
265598,2026-04-26T15:24:19.068302+00:00,2026-04-27T15:24:19.068302+00:00,190.4560459,190.4699317,189.8708021,189.8846463,7965,synthetic
265598,2026-04-27T15:24:19.068302+00:00,2026-04-28T15:24:19.068302+00:00,189.8846463,190.0705513,188.8259049,189.0109546,7972,synthetic
265598,2026-04-28T15:24:19.068302+00:00,2026-04-29T15:24:19.068302+00:00,189.0109546,189.098765,188.4926812,188.5802915,7979,synthetic
265598,2026-04-29T15:24:19.068302+00:00,2026-04-30T15:24:19.068302+00:00,188.5802915,188.7168222,187.9735033,188.1096933,7986,synthetic
265598,2026-04-30T15:24:19.068302+00:00,2026-05-01T15:24:19.068302+00:00,188.1096933,188.3650719,187.9475345,188.2028328,7993,synthetic
265598,2026-05-01T15:24:19.068302+00:00,2026-05-02T15:24:19.068302+00:00,188.2028328,189.5697532,188.1556433,189.5222329,8000,synthetic
265598,2026-05-02T15:24:19.068302+00:00,2026-05-03T15:24:19.068302+00:00,189.5222329,190.7244273,189.3327681,190.5339511,8007,synthetic
265598,2026-05-03T15:24:19.068302+00:00,2026-05-04T15:24:19.068302+00:00,190.5339511,190.5907471,189.8340244,189.8906287,8014,synthetic
265598,2026-05-04T15:24:19.068302+00:00,2026-05-05T15:24:19.068302+00:00,189.8906287,190.0493865,188.6390303,188.7968737,8021,synthetic
265598,2026-05-05T15:24:19.068302+00:00,2026-05-06T15:24:19.068302+00:00,188.7968737,188.9398066,188.2688095,188.4114506,8028,synthetic
265598,2026-05-06T15:24:19.068302+00:00,2026-05-07T15:24:19.068302+00:00,188.4114506,188.4906629,188.1474399,188.2265744,8035,synthetic
265598,2026-05-07T15:24:19.068302+00:00,2026-05-08T15:24:19.068302+00:00,188.2265744,188.5633074,188.040629,188.3772132,8042,synthetic
265598,2026-05-08T15:24:19.068302+00:00,2026-05-09T15:24:19.068302+00:00,188.3772132,189.5817208,188.3542468,189.5586104,8049,synthetic
265598,2026-05-09T15:24:19.068302+00:00,2026-05-10T15:24:19.068302+00:00,189.5586104,190.7372576,189.3840365,190.5617599,8056,synthetic
265598,2026-05-10T15:24:19.068302+00:00,2026-05-11T15:24:19.068302+00:00,190.5617599,190.6813394,189.7708483,189.8900064,8063,synthetic
265598,2026-05-11T15:24:19.068302+00:00,2026-05-12T15:24:19.068302+00:00,189.8900064,189.9994687,188.5009621,188.6096863,8070,synthetic
265598,2026-05-12T15:24:19.068302+00:00,2026-05-13T15:24:19.068302+00:00,188.6096863,188.7877297,188.0619475,188.2396415,8077,synthetic
265598,2026-05-13T15:24:19.068302+00:00,2026-05-14T15:24:19.068302+00:00,188.2396415,188.3543443,188.2286832,188.3433799,8084,synthetic
265598,2026-05-14T15:24:19.068302+00:00,2026-05-15T15:24:19.068302+00:00,188.3433799,188.7698311,188.1595686,188.5857833,8091,synthetic
