conid,start,end,open,high,low,close,volume,source
495512552,2023-08-19T15:24:19.091899+00:00,2023-08-20T15:24:19.091899+00:00,5373.743111,5374.610081,5352.423226,5353.286896,1052,synthetic
495512552,2023-08-20T15:24:19.091899+00:00,2023-08-21T15:24:19.091899+00:00,5353.286896,5358.130045,5339.483979,5344.319014,1059,synthetic
495512552,2023-08-21T15:24:19.091899+00:00,2023-08-22T15:24:19.091899+00:00,5344.319014,5347.835633,5333.013007,5336.524496,1066,synthetic
495512552,2023-08-22T15:24:19.091899+00:00,2023-08-23T15:24:19.091899+00:00,5336.524496,5357.515916,5333.624293,5354.605886,1073,synthetic
495512552,2023-08-23T15:24:19.091899+00:00,2023-08-24T15:24:19.091899+00:00,5354.605886,5400.188221,5349.484915,5395.028591,1080,synthetic
495512552,2023-08-24T15:24:19.091899+00:00,2023-08-25T15:24:19.091899+00:00,5395.028591,5403.796644,5394.929188,5403.697082,1087,synthetic
495512552,2023-08-25T15:24:19.091899+00:00,2023-08-26T15:24:19.091899+00:00,5403.697082,5408.919661,5366.096606,5371.287862,1094,synthetic
495512552,2023-08-26T15:24:19.091899+00:00,2023-08-27T15:24:19.091899+00:00,5371.287862,5374.038854,5343.795442,5346.533757,1101,synthetic
495512552,2023-08-27T15:24:19.091899+00:00,2023-08-28T15:24:19.091899+00:00,5346.533757,5350.197775,5339.271595,5342.933147,1108,synthetic
495512552,2023-08-28T15:24:19.091899+00:00,2023-08-29T15:24:19.091899+00:00,5342.933147,5347.67978,5337.339723,5342.085603,1115,synthetic
495512552,2023-08-29T15:24:19.091899+00:00,2023-08-30T15:24:19.091899+00:00,5342.085603,5359.262904,5341.030083,5358.204199,1122,synthetic
495512552,2023-08-30T15:24:19.091899+00:00,2023-08-31T15:24:19.091899+00:00,5358.204199,5400.372778,5352.862778,5394.994683,1129,synthetic
495512552,2023-08-31T15:24:19.091899+00:00,2023-09-01T15:24:19.091899+00:00,5394.994683,5406.086382,5393.108126,5404.196607,1136,synthetic
495512552,2023-09-01T15:24:19.091899+00:00,2023-09-02T15:24:19.091899+00:00,5404.196607,5408.546404,5364.965086,5369.286784,1143,synthetic
495512552,2023-09-02T15:24:19.091899+00:00,2023-09-03T15:24:19.091899+00:00,5369.286784,5373.53693,5336.186799,5340.41409,1150,synthetic
495512552,2023-09-03T15:24:19.091899+00:00,2023-09-04T15:24:19.091899+00:00,5340.41409,5343.258695,5338.43638,5341.280664,1157,synthetic
495512552,2023-09-04T15:24:19.091899+00:00,2023-09-05T15:24:19.091899+00:00,5341.280664,5353.332235,5335.966764,5348.011639,1164,synthetic
495512552,2023-09-05T15:24:19.091899+00:00,2023-09-06T15:24:19.091899+00:00,5348.011639,5363.561994,5347.071198,5362.618984,1171,synthetic
495512552,2023-09-06T15:24:19.091899+00:00,2023-09-07T15:24:19.091899+00:00,5362.618984,5399.074079,5357.80156,5394.228259,1178,synthetic
495512552,2023-09-07T15:24:19.091899+00:00,2023-09-08T15:24:19.091899+00:00,5394.228259,5406.988691,5390.619375,5403.373687,1185,synthetic
495512552,2023-09-08T15:24:19.091899+00:00,2023-09-09T15:24:19.091899+00:00,5403.373687,5406.243115,5364.780712,5367.631158,1192,synthetic
495512552,2023-09-09T15:24:19.091899+00:00,2023-09-10T15:24:19.091899+00:00,5367.631158,5372.787121,5330.08612,5335.210941,1199,synthetic
495512552,2023-09-10T15:24:19.091899+00:00,2023-09-11T15:24:19.091899+00:00,5335.210941,5339.493818,5335.191197,5339.474058,1206,synthetic
495512552,2023-09-11T15:24:19.091899+00:00,2023-09-12T15:24:19.091899+00:00,5339.474058,5359.146978,5334.334294,5353.993238,1213,synthetic
495512552,2023-09-12T15:24:19.091899+00:00,2023-09-13T15:24:19.091899+00:00,5353.993238,5370.577616,5351.183689,5367.760842,1220,synthetic
495512552,2023-09-13T15:24:19.091899+00:00,2023-09-14T15:24:19.091899+00:00,5367.760842,5396.586539,5364.140235,5392.948942,1227,synthetic
495512552,2023-09-14T15:24:19.091899+00:00,2023-09-15T15:24:19.091899+00:00,5392.948942,5406.012941,5388.12194,5401.178572,1234,synthetic
495512552,2023-09-15T15:24:19.091899+00:00,2023-09-16T15:24:19.091899+00:00,5401.178572,5402.16769,5365.185735,5366.168442,1241,synthetic
495512552,2023-09-16T15:24:19.091899+00:00,2023-09-17T15:24:19.091899+00:00,5366.168442,5371.510972,5325.841113,5331.148778,1248,synthetic
495512552,2023-09-17T15:24:19.091899+00:00,2023-09-18T15:24:19.091899+00:00,5331.148778,5339.621295,5329.211206,5337.681349,1255,synthetic
495512552,2023-09-18T15:24:19.091899+00:00,2023-09-19T15:24:19.091899+00:00,5337.681349,5364.00973,5333.432195,5359.743014,1262,synthetic
495512552,2023-09-19T15:24:19.091899+00:00,2023-09-20T15:24:19.091899+00:00,5359.743014,5377.767544,5355.452656,5373.466201,1269,synthetic
495512552,2023-09-20T15:24:19.091899+00:00,2023-09-21T15:24:19.091899+00:00,5373.466201,5393.307288,5371.549963,5391.38466,1276,synthetic
495512552,2023-09-21T15:24:19.091899+00:00,2023-09-22T15:24:19.091899+00:00,5391.38466,5403.025116,5386.013466,5397.647682,1283,synthetic
495512552,2023-09-22T15:24:19.091899+00:00,2023-09-23T15:24:19.091899+00:00,5397.647682,5398.674989,5363.700377,5364.721417,1290,synthetic
495512552,2023-09-23T15:24:19.091899+00:00,2023-09-24T15:24:19.091899+00:00,5364.721417,5369.505504,5323.626046,5328.377723,1297,synthetic
495512552,2023-09-24T15:24:19.091899+00:00,2023-09-25T15:24:19.091899+00:00,5328.377723,5339.738895,5324.754967,5336.110882,1304,synthetic
495512552,2023-09-25T15:24:19.091899+00:00,2023-09-26T15:24:19.091899+00:00,5336.110882,5367.798669,5333.344059,5365.016858,1311,synthetic
495512552,2023-09-26T15:24:19.091899+00:00,2023-09-27T15:24:19.091899+00:00,5365.016858,5384.695455,5359.841999,5379.50662,1318,synthetic
495512552,2023-09-27T15:24:19.091899+00:00,2023-09-28T15:24:19.091899+00:00,5379.50662,5389.808553,5379.447316,5389.749135,1325,synthetic
495512552,2023-09-28T15:24:19.091899+00:00,2023-09-29T15:24:19.091899+00:00,5389.749135,5398.072362,5384.583041,5392.903244,1332,synthetic
495512552,2023-09-29T15:24:19.091899+00:00,2023-09-30T15:24:19.091899+00:00,5392.903244,5395.800501,5360.228432,5363.109683,1339,synthetic
495512552,2023-09-30T15:24:19.091899+00:00,2023-10-01T15:24:19.091899+00:00,5363.109683,5366.66846,5323.429153,5326.963945,1346,synthetic
495512552,2023-10-01T15:24:19.091899+00:00,2023-10-02T15:24:19.091899+00:00,5326.963945,5339.801409,5322.161541,5334.991767,1353,synthetic
495512552,2023-10-02T15:24:19.091899+00:00,2023-10-03T15:24:19.091899+00:00,5334.991767,5370.536449,5334.092103,5369.630944,1360,synthetic
495512552,2023-10-03T15:24:19.091899+00:00,2023-10-04T15:24:19.091899+00:00,5369.630944,5390.958046,5364.292959,5385.604182,1367,synthetic
495512552,2023-10-04T15:24:19.091899+00:00,2023-10-05T15:24:19.091899+00:00,5385.604182,5390.253383,5383.573152,5388.221366,1374,synthetic
495512552,2023-10-05T15:24:19.091899+00:00,2023-10-06T15:24:19.091899+00:00,5388.221366,5392.462271,5382.905774,5387.145833,1381,synthetic
495512552,2023-10-06T15:24:19.091899+00:00,2023-10-07T15:24:19.091899+00:00,5387.145833,5391.505202,5356.833117,5361.171467,1388,synthetic
495512552,2023-10-07T15:24:19.091899+00:00,2023-10-08T15:24:19.091899+00:00,5361.171467,5363.009362,5325.060879,5326.887021,1395,synthetic
495512552,2023-10-08T15:24:19.091899+00:00,2023-10-09T15:24:19.091899+00:00,5326.887021,5339.872496,5321.573877,5334.551707,1402,synthetic
495512552,2023-10-09T15:24:19.091899+00:00,2023-10-10T15:24:19.091899+00:00,5334.551707,5374.573272,5333.459405,5373.473001,1409,synthetic
495512552,2023-10-10T15:24:19.091899+00:00,2023-10-11T15:24:19.091899+00:00,5373.473001,5396.223145,5368.717431,5391.451664,1416,synthetic
495512552,2023-10-11T15:24:19.091899+00:00,2023-10-12T15:24:19.091899+00:00,5391.451664,5395.175121,5383.208634,5386.928968,1423,synthetic
495512552,2023-10-12T15:24:19.091899+00:00,2023-10-13T15:24:19.091899+00:00,5386.928968,5389.654013,5377.918568,5380.640432,1430,synthetic
495512552,2023-10-13T15:24:19.091899+00:00,2023-10-14T15:24:19.091899+00:00,5380.640432,5385.850704,5353.594583,5358.783691,1437,synthetic
495512552,2023-10-14T15:24:19.091899+00:00,2023-10-15T15:24:19.091899+00:00,5358.783691,5358.921662,5327.90725,5328.04443,1444,synthetic
495512552,2023-10-15T15:24:19.091899+00:00,2023-10-16T15:24:19.091899+00:00,5328.04443,5340.084907,5322.960399,5334.994245,1451,synthetic
495512552,2023-10-16T15:24:19.091899+00:00,2023-10-17T15:24:19.091899+00:00,5334.994245,5379.461848,5332.062153,5376.506941,1458,synthetic
495512552,2023-10-17T15:24:19.091899+00:00,2023-10-18T15:24:19.091899+00:00,5376.506941,5400.257048,5372.998887,5396.735796,1465,synthetic
495512552,2023-10-18T15:24:19.091899+00:00,2023-10-19T15:24:19.091899+00:00,5396.735796,5401.63496,5381.047525,5385.936886,1472,synthetic
495512552,2023-10-19T15:24:19.091899+00:00,2023-10-20T15:24:19.091899+00:00,5385.936886,5386.766872,5372.86909,5373.69719,1479,synthetic
495512552,2023-10-20T15:24:19.091899+00:00,2023-10-21T15:24:19.091899+00:00,5373.69719,5379.03006,5350.563209,5355.878396,1486,synthetic
495512552,2023-10-21T15:24:19.091899+00:00,2023-10-22T15:24:19.091899+00:00,5355.878396,5357.971037,5328.180109,5330.262741,1493,synthetic
495512552,2023-10-22T15:24:19.091899+00:00,2023-10-23T15:24:19.091899+00:00,5330.262741,5340.628776,5326.116324,5336.477524,1500,synthetic
495512552,2023-10-23T15:24:19.091899+00:00,2023-10-24T15:24:19.091899+00:00,5336.477524,5383.169163,5332.113459,5378.770512,1507,synthetic
495512552,2023-10-24T15:24:19.091899+00:00,2023-10-25T15:24:19.091899+00:00,5378.770512,5402.938256,5377.001185,5401.161564,1514,synthetic
495512552,2023-10-25T15:24:19.091899+00:00,2023-10-26T15:24:19.091899+00:00,5401.161564,5406.553916,5379.866026,5385.242485,1521,synthetic
495512552,2023-10-26T15:24:19.091899+00:00,2023-10-27T15:24:19.091899+00:00,5385.242485,5386.422662,5365.472414,5366.648516,1528,synthetic
495512552,2023-10-27T15:24:19.091899+00:00,2023-10-28T15:24:19.091899+00:00,5366.648516,5371.360741,5347.754188,5352.453949,1535,synthetic
495512552,2023-10-28T15:24:19.091899+00:00,2023-10-29T15:24:19.091899+00:00,5352.453949,5356.207072,5329.574744,5333.314446,1542,synthetic
495512552,2023-10-29T15:24:19.091899+00:00,2023-10-30T15:24:19.091899+00:00,5333.314446,5341.729246,5330.684557,5339.096506,1549,synthetic
495512552,2023-10-30T15:24:19.091899+00:00,2023-10-31T15:24:19.091899+00:00,5339.096506,5385.595528,5333.907396,5380.366308,1556,synthetic
495512552,2023-10-31T15:24:19.091899+00:00,2023-11-01T15:24:19.091899+00:00,5380.366308,5404.694148,5380.148599,5404.475463,1563,synthetic
495512552,2023-11-01T15:24:19.091899+00:00,2023-11-02T15:24:19.091899+00:00,5404.475463,5409.608059,5379.663558,5384.777446,1570,synthetic
495512552,2023-11-02T15:24:19.091899+00:00,2023-11-03T15:24:19.091899+00:00,5384.777446,5387.802818,5356.813134,5359.824486,1577,synthetic
495512552,2023-11-03T15:24:19.091899+00:00,2023-11-04T15:24:19.091899+00:00,5359.824486,5363.261468,5345.150163,5348.579935,1584,synthetic
495512552,2023-11-04T15:24:19.091899+00:00,2023-11-05T15:24:19.091899+00:00,5348.579935,5353.467887,5332.061588,5336.938902,1591,synthetic
495512552,2023-11-05T15:24:19.091899+00:00,2023-11-06T15:24:19.091899+00:00,5336.938902,5343.615847,5336.194202,5342.870318,1598,synthetic
495512552,2023-11-06T15:24:19.091899+00:00,2023-11-07T15:24:19.091899+00:00,5342.870318,5386.777258,5337.578295,5381.447025,1605,synthetic
495512552,2023-11-07T15:24:19.091899+00:00,2023-11-08T15:24:19.091899+00:00,5381.447025,5408.671132,5379.27168,5406.485667,1612,synthetic
495512552,2023-11-08T15:24:19.091899+00:00,2023-11-09T15:24:19.091899+00:00,5406.485667,5410.640897,5380.277991,5384.41626,1619,synthetic
495512552,2023-11-09T15:24:19.091899+00:00,2023-11-10T15:24:19.091899+00:00,5384.41626,5388.864681,5349.105768,5353.528671,1626,synthetic
495512552,2023-11-10T15:24:19.091899+00:00,2023-11-11T15:24:19.091899+00:00,5353.528671,5355.215062,5342.711689,5344.395203,1633,synthetic
495512552,2023-11-11T15:24:19.091899+00:00,2023-11-12T15:24:19.091899+00:00,5344.395203,5349.734796,5335.529434,5340.8655,1640,synthetic
495512552,2023-11-12T15:24:19.091899+00:00,2023-11-13T15:24:19.091899+00:00,5340.8655,5348.984602,5339.618444,5347.735942,1647,synthetic
495512552,2023-11-13T15:24:19.091899+00:00,2023-11-14T15:24:19.091899+00:00,5347.735942,5386.883833,5343.078516,5382.196395,1654,synthetic
495512552,2023-11-14T15:24:19.091899+00:00,2023-11-15T15:24:19.091899+00:00,5382.196395,5410.925119,5378.366323,5407.077341,1661,synthetic
495512552,2023-11-15T15:24:19.091899+00:00,2023-11-16T15:24:19.091899+00:00,5407.077341,5409.67405,5381.404904,5383.990525,1668,synthetic
495512552,2023-11-16T15:24:19.091899+00:00,2023-11-17T15:24:19.091899+00:00,5383.990525,5389.241359,5342.800709,5348.016459,1675,synthetic
495512552,2023-11-17T15:24:19.091899+00:00,2023-11-18T15:24:19.091899+00:00,5348.016459,5348.311519,5339.804556,5340.099179,1682,synthetic
495512552,2023-11-18T15:24:19.091899+00:00,2023-11-19T15:24:19.091899+00:00,5340.099179,5349.887735,5335.052897,5344.836976,1689,synthetic
495512552,2023-11-19T15:24:19.091899+00:00,2023-11-20T15:24:19.091899+00:00,5344.836976,5356.621598,5341.769264,5353.548886,1696,synthetic
495512552,2023-11-20T15:24:19.091899+00:00,2023-11-21T15:24:19.091899+00:00,5353.548886,5386.198142,5350.176788,5382.807615,1703,synthetic
495512552,2023-11-21T15:24:19.091899+00:00,2023-11-22T15:24:19.091899+00:00,5382.807615,5411.194187,5377.856737,5406.221774,1710,synthetic
495512552,2023-11-22T15:24:19.091899+00:00,2023-11-23T15:24:19.091899+00:00,5406.221774,5406.897235,5382.635103,5383.307701,1717,synthetic
495512552,2023-11-23T15:24:19.091899+00:00,2023-11-24T15:24:19.091899+00:00,5383.307701,5388.628289,5338.1965,5343.477722,1724,synthetic
495512552,2023-11-24T15:24:19.091899+00:00,2023-11-25T15:24:19.091899+00:00,5343.477722,5345.70945,5333.708557,5335.937135,1731,synthetic
495512552,2023-11-25T15:24:19.091899+00:00,2023-11-26T15:24:19.091899+00:00,5335.937135,5352.69073,5331.886838,5348.630797,1738,synthetic
495512552,2023-11-26T15:24:19.091899+00:00,2023-11-27T15:24:19.091899+00:00,5348.630797,5364.563192,5344.168047,5360.090879,1745,synthetic
495512552,2023-11-27T15:24:19.091899+00:00,2023-11-28T15:24:19.091899+00:00,5360.090879,5385.081688,5358.477511,5383.461286,1752,synthetic
495512552,2023-11-28T15:24:19.091899+00:00,2023-11-29T15:24:19.091899+00:00,5383.461286,5409.380421,5378.079886,5403.978512,1759,synthetic
495512552,2023-11-29T15:24:19.091899+00:00,2023-11-30T15:24:19.091899+00:00,5403.978512,5405.317539,5380.838947,5382.172571,1766,synthetic
495512552,2023-11-30T15:24:19.091899+00:00,2023-12-01T15:24:19.091899+00:00,5382.172571,5386.820534,5335.413709,5340.025274,1773,synthetic
495512552,2023-12-01T15:24:19.091899+00:00,2023-12-02T15:24:19.091899+00:00,5340.025274,5343.880167,5328.331476,5332.180706,1780,synthetic
495512552,2023-12-02T15:24:19.091899+00:00,2023-12-03T15:24:19.091899+00:00,5332.180706,5354.577614,5329.689112,5352.076722,1787,synthetic
495512552,2023-12-03T15:24:19.091899+00:00,2023-12-04T15:24:19.091899+00:00,5352.076722,5372.335231,5346.84016,5367.083985,1794,synthetic
495512552,2023-12-04T15:24:19.091899+00:00,2023-12-05T15:24:19.091899+00:00,5367.083985,5384.681127,5366.708997,5384.304936,1801,synthetic
495512552,2023-12-05T15:24:19.091899+00:00,2023-12-06T15:24:19.091899+00:00,5384.304936,5405.567106,5379.243367,5400.490322,1808,synthetic
495512552,2023-12-06T15:24:19.091899+00:00,2023-12-07T15:24:19.091899+00:00,5400.490322,5403.654758,5377.256744,5380.409413,1815,synthetic
495512552,2023-12-07T15:24:19.091899+00:00,2023-12-08T15:24:19.091899+00:00,5380.409413,5383.736529,5334.389369,5337.690068,1822,synthetic
495512552,2023-12-08T15:24:19.091899+00:00,2023-12-09T15:24:19.091899+00:00,5337.690068,5342.629764,5324.173583,5329.105335,1829,synthetic
495512552,2023-12-09T15:24:19.091899+00:00,2023-12-10T15:24:19.091899+00:00,5329.105335,5355.659775,5328.517436,5355.069012,1836,synthetic
495512552,2023-12-10T15:24:19.091899+00:00,2023-12-11T15:24:19.091899+00:00,5355.069012,5379.508948,5349.788909,5374.209972,1843,synthetic
495512552,2023-12-11T15:24:19.091899+00:00,2023-12-12T15:24:19.091899+00:00,5374.209972,5387.757103,5371.893751,5385.436044,1850,synthetic
495512552,2023-12-12T15:24:19.091899+00:00,2023-12-13T15:24:19.091899+00:00,5385.436044,5400.015132,5381.400242,5395.971435,1857,synthetic
495512552,2023-12-13T15:24:19.091899+00:00,2023-12-14T15:24:19.091899+00:00,5395.971435,5400.516992,5373.352477,5377.882796,1864,synthetic
495512552,2023-12-14T15:24:19.091899+00:00,2023-12-15T15:24:19.091899+00:00,5377.882796,5379.425829,5334.89232,5336.423457,1871,synthetic
495512552,2023-12-15T15:24:19.091899+00:00,2023-12-16T15:24:19.091899+00:00,5336.423457,5341.759434,5321.640131,5326.966652,1878,synthetic
495512552,2023-12-16T15:24:19.091899+00:00,2023-12-17T15:24:19.091899+00:00,5326.966652,5358.976057,5325.570858,5357.572244,1885,synthetic
495512552,2023-12-17T15:24:19.091899+00:00,2023-12-18T15:24:19.091899+00:00,5357.572244,5385.739908,5352.985803,5381.133296,1892,synthetic
495512552,2023-12-18T15:24:19.091899+00:00,2023-12-19T15:24:19.091899+00:00,5381.133296,5390.833349,5377.194317,5386.890156,1899,synthetic
495512552,2023-12-19T15:24:19.091899+00:00,2023-12-20T15:24:19.091899+00:00,5386.890156,5393.138571,5384.443398,5390.690087,1906,synthetic
495512552,2023-12-20T15:24:19.091899+00:00,2023-12-21T15:24:19.091899+00:00,5390.690087,5395.98026,5369.240756,5374.515055,1913,synthetic
495512552,2023-12-21T15:24:19.091899+00:00,2023-12-22T15:24:19.091899+00:00,5374.515055,5374.969466,5335.65507,5336.106234,1920,synthetic
495512552,2023-12-22T15:24:19.091899+00:00,2023-12-23T15:24:19.091899+00:00,5336.106234,5341.095155,5320.998437,5325.977889,1927,synthetic
495512552,2023-12-23T15:24:19.091899+00:00,2023-12-24T15:24:19.091899+00:00,5325.977889,5362.82438,5322.793903,5359.620281,1934,synthetic
495512552,2023-12-24T15:24:19.091899+00:00,2023-12-25T15:24:19.091899+00:00,5359.620281,5390.79455,5356.3684,5387.525738,1941,synthetic
495512552,2023-12-25T15:24:19.091899+00:00,2023-12-26T15:24:19.091899+00:00,5387.525738,5393.651578,5382.510405,5388.635212,1948,synthetic
495512552,2023-12-26T15:24:19.091899+00:00,2023-12-27T15:24:19.091899+00:00,5388.635212,5389.150753,5384.431734,5384.946922,1955,synthetic
495512552,2023-12-27T15:24:19.091899+00:00,2023-12-28T15:24:19.091899+00:00,5384.946922,5390.242688,5365.017408,5370.298769,1962,synthetic
495512552,2023-12-28T15:24:19.091899+00:00,2023-12-29T15:24:19.091899+00:00,5370.298769,5372.684408,5334.192892,5336.563545,1969,synthetic
495512552,2023-12-29T15:24:19.091899+00:00,2023-12-30T15:24:19.091899+00:00,5336.563545,5340.51026,5322.351229,5326.290347,1976,synthetic
495512552,2023-12-30T15:24:19.091899+00:00,2023-12-31T15:24:19.091899+00:00,5326.290347,5365.866959,5321.761714,5361.308552,1983,synthetic
495512552,2023-12-31T15:24:19.091899+00:00,2024-01-01T15:24:19.091899+00:00,5361.308552,5394.561732,5359.846066,5393.090576,1990,synthetic
495512552,2024-01-01T15:24:19.091899+00:00,2024-01-02T15:24:19.091899+00:00,5393.090576,5398.483658,5385.182082,5390.572646,1997,synthetic
495512552,2024-01-02T15:24:19.091899+00:00,2024-01-03T15:24:19.091899+00:00,5390.572646,5392.061554,5377.565393,5379.051118,2004,synthetic
495512552,2024-01-03T15:24:19.091899+00:00,2024-01-04T15:24:19.091899+00:00,5379.051118,5383.61451,5360.751298,5365.303026,2011,synthetic
495512552,2024-01-04T15:24:19.091899+00:00,2024-01-05T15:24:19.091899+00:00,5365.303026,5369.283816,5333.624047,5337.584271,2018,synthetic
495512552,2024-01-05T15:24:19.091899+00:00,2024-01-06T15:24:19.091899+00:00,5337.584271,5339.938352,5325.628827,5327.978671,2025,synthetic
495512552,2024-01-06T15:24:19.091899+00:00,2024-01-07T15:24:19.091899+00:00,5327.978671,5368.057827,5322.735528,5362.780436,2032,synthetic
495512552,2024-01-07T15:24:19.091899+00:00,2024-01-08T15:24:19.091899+00:00,5362.780436,5398.119731,5362.248384,5397.584226,2039,synthetic
495512552,2024-01-08T15:24:19.091899+00:00,2024-01-09T15:24:19.091899+00:00,5397.584226,5402.601878,5387.532222,5392.54519,2046,synthetic
495512552,2024-01-09T15:24:19.091899+00:00,2024-01-10T15:24:19.091899+00:00,5392.54519,5395.832275,5370.021011,5373.296362,2053,synthetic
495512552,2024-01-10T15:24:19.091899+00:00,2024-01-11T15:24:19.091899+00:00,5373.296362,5376.493295,5356.483986,5359.672813,2060,synthetic
495512552,2024-01-11T15:24:19.091899+00:00,2024-01-12T15:24:19.091899+00:00,5359.672813,5364.6905,5333.944782,5338.943062,2067,synthetic
495512552,2024-01-12T15:24:19.091899+00:00,2024-01-13T15:24:19.091899+00:00,5338.943062,5339.37554,5330.600463,5331.032299,2074,synthetic
495512552,2024-01-13T15:24:19.091899+00:00,2024-01-14T15:24:19.091899+00:00,5331.032299,5369.469538,5325.80435,5364.209053,2081,synthetic
495512552,2024-01-14T15:24:19.091899+00:00,2024-01-15T15:24:19.091899+00:00,5364.209053,5403.303681,5361.755613,5400.83349,2088,synthetic
495512552,2024-01-15T15:24:19.091899+00:00,2024-01-16T15:24:19.091899+00:00,5400.83349,5404.773776,5390.415136,5394.350692,2095,synthetic
495512552,2024-01-16T15:24:19.091899+00:00,2024-01-17T15:24:19.091899+00:00,5394.350692,5398.978507,5363.333568,5367.938723,2102,synthetic
495512552,2024-01-17T15:24:19.091899+00:00,2024-01-18T15:24:19.091899+00:00,5367.938723,5369.326816,5352.23709,5353.621481,2109,synthetic
495512552,2024-01-18T15:24:19.091899+00:00,2024-01-19T15:24:19.091899+00:00,5353.621481,5358.974374,5335.083295,5340.422991,2116,synthetic
495512552,2024-01-19T15:24:19.091899+00:00,2024-01-20T15:24:19.091899+00:00,5340.422991,5341.973463,5333.804853,5335.353854,2123,synthetic
495512552,2024-01-20T15:24:19.091899+00:00,2024-01-21T15:24:19.091899+00:00,5335.353854,5370.286005,5330.869616,5365.776198,2130,synthetic
495512552,2024-01-21T15:24:19.091899+00:00,2024-01-22T15:24:19.091899+00:00,5365.776198,5406.808422,5361.742516,5402.746948,2137,synthetic
495512552,2024-01-22T15:24:19.091899+00:00,2024-01-23T15:24:19.091899+00:00,5402.746948,5405.058112,5393.452555,5395.76073,2144,synthetic
495512552,2024-01-23T15:24:19.091899+00:00,2024-01-24T15:24:19.091899+00:00,5395.76073,5401.084122,5357.887126,5363.178373,2151,synthetic
495512552,2024-01-24T15:24:19.091899+00:00,2024-01-25T15:24:19.091899+00:00,5363.178373,5363.788988,5346.808043,5347.416864,2158,synthetic
495512552,2024-01-25T15:24:19.091899+00:00,2024-01-26T15:24:19.091899+00:00,5347.416864,5352.358322,5336.900448,5341.83675,2165,synthetic
495512552,2024-01-26T15:24:19.091899+00:00,2024-01-27T15:24:19.091899+00:00,5341.83675,5345.154926,5337.447188,5340.764698,2172,synthetic
495512552,2024-01-27T15:24:19.091899+00:00,2024-01-28T15:24:19.091899+00:00,5340.764698,5370.780111,5337.650672,5367.65041,2179,synthetic
495512552,2024-01-28T15:24:19.091899+00:00,2024-01-29T15:24:19.091899+00:00,5367.65041,5408.405515,5362.598018,5403.319549,2186,synthetic
495512552,2024-01-29T15:24:19.091899+00:00,2024-01-30T15:24:19.091899+00:00,5403.319549,5403.677894,5396.184426,5396.54232,2193,synthetic
495512552,2024-01-30T15:24:19.091899+00:00,2024-01-31T15:24:19.091899+00:00,5396.54232,5401.818388,5353.907173,5359.14668,2200,synthetic
495512552,2024-01-31T15:24:19.091899+00:00,2024-02-01T15:24:19.091899+00:00,5359.14668,5361.667713,5338.849535,5341.362201,2207,synthetic
495512552,2024-02-01T15:24:19.091899+00:00,2024-02-02T15:24:19.091899+00:00,5341.362201,5346.888359,5337.519516,5343.044463,2214,synthetic
495512552,2024-02-02T15:24:19.091899+00:00,2024-02-03T15:24:19.091899+00:00,5343.044463,5351.644354,5338.420737,5347.017189,2221,synthetic
495512552,2024-02-03T15:24:19.091899+00:00,2024-02-04T15:24:19.091899+00:00,5347.017189,5371.278332,5345.710711,5369.966246,2228,synthetic
495512552,2024-02-04T15:24:19.091899+00:00,2024-02-05T15:24:19.091899+00:00,5369.966246,5408.030046,5364.598899,5402.63005,2235,synthetic
495512552,2024-02-05T15:24:19.091899+00:00,2024-02-06T15:24:19.091899+00:00,5402.63005,5404.274538,5394.838151,5396.480768,2242,synthetic
495512552,2024-02-06T15:24:19.091899+00:00,2024-02-07T15:24:19.091899+00:00,5396.480768,5400.972834,5351.441479,5355.899765,2249,synthetic
495512552,2024-02-07T15:24:19.091899+00:00,2024-02-08T15:24:19.091899+00:00,5355.899765,5359.977593,5331.710993,5335.773497,2256,synthetic
495512552,2024-02-08T15:24:19.091899+00:00,2024-02-09T15:24:19.091899+00:00,5335.773497,5346.181121,5333.562247,5343.966475,2263,synthetic
495512552,2024-02-09T15:24:19.091899+00:00,2024-02-10T15:24:19.091899+00:00,5343.966475,5359.106924,5338.68191,5353.812623,2270,synthetic
495512552,2024-02-10T15:24:19.091899+00:00,2024-02-11T15:24:19.091899+00:00,5353.812623,5373.496969,5353.12482,5372.806726,2277,synthetic
495512552,2024-02-11T15:24:19.091899+00:00,2024-02-12T15:24:19.091899+00:00,5372.806726,5405.791474,5367.872579,5400.831591,2284,synthetic
495512552,2024-02-12T15:24:19.091899+00:00,2024-02-13T15:24:19.091899+00:00,5400.831591,5404.248371,5391.988213,5395.401558,2291,synthetic
495512552,2024-02-13T15:24:19.091899+00:00,2024-02-14T15:24:19.091899+00:00,5395.401558,5398.482555,5350.361962,5353.418986,2298,synthetic
495512552,2024-02-14T15:24:19.091899+00:00,2024-02-15T15:24:19.091899+00:00,5353.418986,5358.484053,5325.911436,5330.955249,2305,synthetic
495512552,2024-02-15T15:24:19.091899+00:00,2024-02-16T15:24:19.091899+00:00,5330.955249,5344.865876,5330.680066,5344.589989,2312,synthetic
495512552,2024-02-16T15:24:19.091899+00:00,2024-02-17T15:24:19.091899+00:00,5344.589989,5366.047295,5339.381816,5360.823303,2319,synthetic
495512552,2024-02-17T15:24:19.091899+00:00,2024-02-18T15:24:19.091899+00:00,5360.823303,5378.789244,5358.232098,5376.190611,2326,synthetic
495512552,2024-02-18T15:24:19.091899+00:00,2024-02-19T15:24:19.091899+00:00,5376.190611,5401.964191,5372.378273,5398.13629,2333,synthetic
495512552,2024-02-19T15:24:19.091899+00:00,2024-02-20T15:24:19.091899+00:00,5398.13629,5402.847018,5388.482875,5393.189285,2340,synthetic
495512552,2024-02-20T15:24:19.091899+00:00,2024-02-21T15:24:19.091899+00:00,5393.189285,5394.429896,5350.387174,5351.618222,2347,synthetic
495512552,2024-02-21T15:24:19.091899+00:00,2024-02-22T15:24:19.091899+00:00,5351.618222,5356.964191,5321.855115,5327.176668,2354,synthetic
495512552,2024-02-22T15:24:19.091899+00:00,2024-02-23T15:24:19.091899+00:00,5327.176668,5346.67068,5325.480604,5344.968951,2361,synthetic
495512552,2024-02-23T15:24:19.091899+00:00,2024-02-24T15:24:19.091899+00:00,5344.968951,5372.140713,5340.56386,5367.716874,2368,synthetic
495512552,2024-02-24T15:24:19.091899+00:00,2024-02-25T15:24:19.091899+00:00,5367.716874,5384.21292,5363.579251,5380.065778,2375,synthetic
495512552,2024-02-25T15:24:19.091899+00:00,2024-02-26T15:24:19.091899+00:00,5380.065778,5396.958457,5377.90851,5394.795283,2382,synthetic
495512552,2024-02-26T15:24:19.091899+00:00,2024-02-27T15:24:19.091899+00:00,5394.795283,5400.141345,5384.460742,5389.801855,2389,synthetic
495512552,2024-02-27T15:24:19.091899+00:00,2024-02-28T15:24:19.091899+00:00,5389.801855,5390.572912,5349.591773,5350.357186,2396,synthetic
495512552,2024-02-28T15:24:19.091899+00:00,2024-02-29T15:24:19.091899+00:00,5350.357186,5355.239005,5319.792091,5324.650454,2403,synthetic
495512552,2024-02-29T15:24:19.091899+00:00,2024-03-01T15:24:19.091899+00:00,5324.650454,5348.659399,5321.221516,5345.217216,2410,synthetic
495512552,2024-03-01T15:24:19.091899+00:00,2024-03-02T15:24:19.091899+00:00,5345.217216,5377.184385,5342.229818,5374.180799,2417,synthetic
495512552,2024-03-02T15:24:19.091899+00:00,2024-03-03T15:24:19.091899+00:00,5374.180799,5389.428755,5369.07102,5384.309345,2424,synthetic
495512552,2024-03-03T15:24:19.091899+00:00,2024-03-04T15:24:19.091899+00:00,5384.309345,5391.274978,5384.110614,5391.075997,2431,synthetic
495512552,2024-03-04T15:24:19.091899+00:00,2024-03-05T15:24:19.091899+00:00,5391.075997,5396.31108,5380.049162,5385.278615,2438,synthetic
495512552,2024-03-05T15:24:19.091899+00:00,2024-03-06T15:24:19.091899+00:00,5385.278615,5387.950776,5346.805098,5349.459486,2445,synthetic
495512552,2024-03-06T15:24:19.091899+00:00,2024-03-07T15:24:19.091899+00:00,5349.459486,5353.196918,5319.796675,5323.515982,2452,synthetic
495512552,2024-03-07T15:24:19.091899+00:00,2024-03-08T15:24:19.091899+00:00,5323.515982,5350.198373,5318.832598,5345.495652,2459,synthetic
495512552,2024-03-08T15:24:19.091899+00:00,2024-03-09T15:24:19.091899+00:00,5345.495652,5381.105226,5344.342745,5379.944889,2466,synthetic
495512552,2024-03-09T15:24:19.091899+00:00,2024-03-10T15:24:19.091899+00:00,5379.944889,5394.113461,5374.574846,5388.734644,2473,synthetic
495512552,2024-03-10T15:24:19.091899+00:00,2024-03-11T15:24:19.091899+00:00,5388.734644,5390.525339,5385.448528,5387.238726,2480,synthetic
495512552,2024-03-11T15:24:19.091899+00:00,2024-03-12T15:24:19.091899+00:00,5387.238726,5391.633245,5375.353203,5379.741606,2487,synthetic
495512552,2024-03-12T15:24:19.091899+00:00,2024-03-13T15:24:19.091899+00:00,5379.741606,5383.938512,5344.560982,5348.733698,2494,synthetic
495512552,2024-03-13T15:24:19.091899+00:00,2024-03-14T15:24:19.091899+00:00,5348.733698,5350.80602,5321.765689,5323.828362,2501,synthetic
495512552,2024-03-14T15:24:19.091899+00:00,2024-03-15T15:24:19.091899+00:00,5323.828362,5351.302064,5318.542685,5345.99438,2508,synthetic
495512552,2024-03-15T15:24:19.091899+00:00,2024-03-16T15:24:19.091899+00:00,5345.99438,5385.648695,5345.151765,5384.799964,2515,synthetic
495512552,2024-03-16T15:24:19.091899+00:00,2024-03-17T15:24:19.091899+00:00,5384.799964,5397.992262,5379.919699,5393.104471,2522,synthetic
495512552,2024-03-17T15:24:19.091899+00:00,2024-03-18T15:24:19.091899+00:00,5393.104471,5396.63787,5379.987465,5383.51458,2529,synthetic
495512552,2024-03-18T15:24:19.091899+00:00,2024-03-19T15:24:19.091899+00:00,5383.51458,5386.457322,5370.452531,5373.389738,2536,synthetic
495512552,2024-03-19T15:24:19.091899+00:00,2024-03-20T15:24:19.091899+00:00,5373.389738,5378.522724,5342.886748,5347.995476,2543,synthetic
495512552,2024-03-20T15:24:19.091899+00:00,2024-03-21T15:24:19.091899+00:00,5347.995476,5348.114151,5325.43616,5325.554337,2550,synthetic
495512552,2024-03-21T15:24:19.091899+00:00,2024-03-22T15:24:19.091899+00:00,5325.554337,5352.084644,5320.402169,5346.911813,2557,synthetic
495512552,2024-03-22T15:24:19.091899+00:00,2024-03-23T15:24:19.091899+00:00,5346.911813,5391.353479,5344.190622,5388.611066,2564,synthetic
495512552,2024-03-23T15:24:19.091899+00:00,2024-03-24T15:24:19.091899+00:00,5388.611066,5400.862981,5384.903456,5397.149497,2571,synthetic
495512552,2024-03-24T15:24:19.091899+00:00,2024-03-25T15:24:19.091899+00:00,5397.149497,5401.934929,5375.316482,5380.086785,2578,synthetic
495512552,2024-03-25T15:24:19.091899+00:00,2024-03-26T15:24:19.091899+00:00,5380.086785,5381.169671,5365.406165,5366.486314,2585,synthetic
495512552,2024-03-26T15:24:19.091899+00:00,2024-03-27T15:24:19.091899+00:00,5366.486314,5371.837551,5341.756724,5347.088619,2592,synthetic
495512552,2024-03-27T15:24:19.091899+00:00,2024-03-28T15:24:19.091899+00:00,5347.088619,5348.939542,5326.730849,5328.575363,2599,synthetic
495512552,2024-03-28T15:24:19.091899+00:00,2024-03-29T15:24:19.091899+00:00,5328.575363,5352.749276,5324.274553,5348.432439,2606,synthetic
495512552,2024-03-29T15:24:19.091899+00:00,2024-03-30T15:24:19.091899+00:00,5348.432439,5395.57929,5344.211141,5391.32414,2613,synthetic
495512552,2024-03-30T15:24:19.091899+00:00,2024-03-31T15:24:19.091899+00:00,5391.32414,5402.609107,5389.308727,5400.590231,2620,synthetic
495512552,2024-03-31T15:24:19.091899+00:00,2024-04-01T15:24:19.091899+00:00,5400.590231,5405.961041,5371.729526,5377.076953,2627,synthetic
495512552,2024-04-01T15:24:19.091899+00:00,2024-04-02T15:24:19.091899+00:00,5377.076953,5378.002561,5358.418377,5359.340932,2634,synthetic
495512552,2024-04-02T15:24:19.091899+00:00,2024-04-03T15:24:19.091899+00:00,5359.340932,5364.164246,5341.091899,5345.903119,2641,synthetic
495512552,2024-04-03T15:24:19.091899+00:00,2024-04-04T15:24:19.091899+00:00,5345.903119,5349.464681,5329.144833,5332.697598,2648,synthetic
495512552,2024-04-04T15:24:19.091899+00:00,2024-04-05T15:24:19.091899+00:00,5332.697598,5353.563945,5329.848703,5350.70543,2655,synthetic
495512552,2024-04-05T15:24:19.091899+00:00,2024-04-06T15:24:19.091899+00:00,5350.70543,5398.140295,5345.571365,5392.965682,2662,synthetic
495512552,2024-04-06T15:24:19.091899+00:00,2024-04-07T15:24:19.091899+00:00,5392.965682,5403.200957,5392.925411,5403.16061,2669,synthetic
495512552,2024-04-07T15:24:19.091899+00:00,2024-04-08T15:24:19.091899+00:00,5403.16061,5408.367156,5369.358564,5374.537529,2676,synthetic
495512552,2024-04-08T15:24:19.091899+00:00,2024-04-09T15:24:19.091899+00:00,5374.537529,5377.340606,5349.495817,5352.287289,2683,synthetic
495512552,2024-04-09T15:24:19.091899+00:00,2024-04-10T15:24:19.091899+00:00,5352.287289,5355.912317,5340.768822,5344.3885,2690,synthetic
495512552,2024-04-10T15:24:19.091899+00:00,2024-04-11T15:24:19.091899+00:00,5344.3885,5349.163027,5332.899388,5337.667911,2697,synthetic
495512552,2024-04-11T15:24:19.091899+00:00,2024-04-12T15:24:19.091899+00:00,5337.667911,5354.826344,5336.670666,5353.82608,2704,synthetic
495512552,2024-04-12T15:24:19.091899+00:00,2024-04-13T15:24:19.091899+00:00,5353.82608,5399.00722,5348.493985,5393.635477,2711,synthetic
495512552,2024-04-13T15:24:19.091899+00:00,2024-04-14T15:24:19.091899+00:00,5393.635477,5406.576421,5391.694134,5404.631121,2718,synthetic
495512552,2024-04-14T15:24:19.091899+00:00,2024-04-15T15:24:19.091899+00:00,5404.631121,5408.945861,5368.161965,5372.451014,2725,synthetic
495512552,2024-04-15T15:24:19.091899+00:00,2024-04-16T15:24:19.091899+00:00,5372.451014,5376.739385,5341.391787,5345.658773,2732,synthetic
495512552,2024-04-16T15:24:19.091899+00:00,2024-04-17T15:24:19.091899+00:00,5345.658773,5347.583892,5340.637189,5342.561192,2739,synthetic
495512552,2024-04-17T15:24:19.091899+00:00,2024-04-18T15:24:19.091899+00:00,5342.561192,5348.515907,5337.240417,5343.194501,2746,synthetic
495512552,2024-04-18T15:24:19.091899+00:00,2024-04-19T15:24:19.091899+00:00,5343.194501,5358.821746,5342.197323,5357.821839,2753,synthetic
495512552,2024-04-19T15:24:19.091899+00:00,2024-04-20T15:24:19.091899+00:00,5357.821839,5398.312073,5353.034806,5393.493169,2760,synthetic
495512552,2024-04-20T15:24:19.091899+00:00,2024-04-21T15:24:19.091899+00:00,5393.493169,5408.489166,5389.841065,5404.829386,2767,synthetic
495512552,2024-04-21T15:24:19.091899+00:00,2024-04-22T15:24:19.091899+00:00,5404.829386,5407.649228,5367.933923,5370.735977,2774,synthetic
495512552,2024-04-22T15:24:19.091899+00:00,2024-04-23T15:24:19.091899+00:00,5370.735977,5375.910977,5334.618785,5339.763942,2781,synthetic
495512552,2024-04-23T15:24:19.091899+00:00,2024-04-24T15:24:19.091899+00:00,5339.763942,5340.54397,5339.725187,5340.50521,2788,synthetic
495512552,2024-04-24T15:24:19.091899+00:00,2024-04-25T15:24:19.091899+00:00,5340.50521,5354.103031,5335.380618,5348.970316,2795,synthetic
495512552,2024-04-25T15:24:19.091899+00:00,2024-04-26T15:24:19.091899+00:00,5348.970316,5365.508224,5346.113674,5362.64428,2802,synthetic
495512552,2024-04-26T15:24:19.091899+00:00,2024-04-27T15:24:19.091899+00:00,5362.64428,5396.333564,5359.070726,5392.739955,2809,synthetic
495512552,2024-04-27T15:24:19.091899+00:00,2024-04-28T15:24:19.091899+00:00,5392.739955,5408.519081,5387.887075,5403.656378,2816,synthetic
495512552,2024-04-28T15:24:19.091899+00:00,2024-04-29T15:24:19.091899+00:00,5403.656378,5404.587677,5368.333853,5369.259223,2823,synthetic
495512552,2024-04-29T15:24:19.091899+00:00,2024-04-30T15:24:19.091899+00:00,5369.259223,5374.598993,5329.55843,5334.863994,2830,synthetic
495512552,2024-04-30T15:24:19.091899+00:00,2024-05-01T15:24:19.091899+00:00,5334.863994,5340.360637,5332.870724,5338.366059,2837,synthetic
495512552,2024-05-01T15:24:19.091899+00:00,2024-05-02T15:24:19.091899+00:00,5338.366059,5358.924135,5334.15202,5354.697204,2844,synthetic
495512552,2024-05-02T15:24:19.091899+00:00,2024-05-03T15:24:19.091899+00:00,5354.697204,5372.499951,5350.375973,5368.167849,2851,synthetic
495512552,2024-05-03T15:24:19.091899+00:00,2024-05-04T15:24:19.091899+00:00,5368.167849,5393.464491,5366.308574,5391.597102,2858,synthetic
495512552,2024-05-04T15:24:19.091899+00:00,2024-05-05T15:24:19.091899+00:00,5391.597102,5406.482444,5386.22091,5401.096781,2865,synthetic
495512552,2024-05-05T15:24:19.091899+00:00,2024-05-06T15:24:19.091899+00:00,5401.096781,5402.182787,5366.773627,5367.852949,2872,synthetic
495512552,2024-05-06T15:24:19.091899+00:00,2024-05-07T15:24:19.091899+00:00,5367.852949,5372.612925,5326.426721,5331.154154,2879,synthetic
495512552,2024-05-07T15:24:19.091899+00:00,2024-05-08T15:24:19.091899+00:00,5331.154154,5340.009206,5327.486888,5336.338374,2886,synthetic
495512552,2024-05-08T15:24:19.091899+00:00,2024-05-09T15:24:19.091899+00:00,5336.338374,5362.837587,5333.621602,5360.108713,2893,synthetic
495512552,2024-05-09T15:24:19.091899+00:00,2024-05-10T15:24:19.091899+00:00,5360.108713,5379.394517,5354.923399,5374.195576,2900,synthetic
495512552,2024-05-10T15:24:19.091899+00:00,2024-05-11T15:24:19.091899+00:00,5374.195576,5390.401792,5374.077445,5390.283306,2907,synthetic
495512552,2024-05-11T15:24:19.091899+00:00,2024-05-12T15:24:19.091899+00:00,5390.283306,5402.378628,5385.133849,5397.222542,2914,synthetic
495512552,2024-05-12T15:24:19.091899+00:00,2024-05-13T15:24:19.091899+00:00,5397.222542,5400.17183,5363.402832,5366.335241,2921,synthetic
495512552,2024-05-13T15:24:19.091899+00:00,2024-05-14T15:24:19.091899+00:00,5366.335241,5369.851951,5325.258481,5328.75056,2928,synthetic
495512552,2024-05-14T15:24:19.091899+00:00,2024-05-15T15:24:19.091899+00:00,5328.75056,5339.482729,5323.921565,5334.64839,2935,synthetic
495512552,2024-05-15T15:24:19.091899+00:00,2024-05-16T15:24:19.091899+00:00,5334.64839,5365.836257,5333.806459,5364.989539,2942,synthetic
495512552,2024-05-16T15:24:19.091899+00:00,2024-05-17T15:24:19.091899+00:00,5364.989539,5385.813415,5359.662861,5380.471367,2949,synthetic
495512552,2024-05-17T15:24:19.091899+00:00,2024-05-18T15:24:19.091899+00:00,5380.471367,5391.07983,5378.387787,5388.99295,2956,synthetic
495512552,2024-05-18T15:24:19.091899+00:00,2024-05-19T15:24:19.091899+00:00,5388.99295,5396.396593,5384.788121,5392.189271,2963,synthetic
495512552,2024-05-19T15:24:19.091899+00:00,2024-05-20T15:24:19.091899+00:00,5392.189271,5396.587175,5360.156636,5364.531983,2970,synthetic
495512552,2024-05-20T15:24:19.091899+00:00,2024-05-21T15:24:19.091899+00:00,5364.531983,5366.315695,5325.912298,5327.683758,2977,synthetic
495512552,2024-05-21T15:24:19.091899+00:00,2024-05-22T15:24:19.091899+00:00,5327.683758,5338.856474,5322.365947,5333.532825,2984,synthetic
495512552,2024-05-22T15:24:19.091899+00:00,2024-05-23T15:24:19.091899+00:00,5333.532825,5370.346892,5332.38359,5369.189974,2991,synthetic
495512552,2024-05-23T15:24:19.091899+00:00,2024-05-24T15:24:19.091899+00:00,5369.189974,5391.437352,5364.465873,5386.697847,2998,synthetic
495512552,2024-05-24T15:24:19.091899+00:00,2024-05-25T15:24:19.091899+00:00,5386.697847,5391.640728,5382.935205,5387.877262,3005,synthetic
495512552,2024-05-25T15:24:19.091899+00:00,2024-05-26T15:24:19.091899+00:00,5387.877262,5390.551693,5383.552119,5386.22573,3012,synthetic
495512552,2024-05-26T15:24:19.091899+00:00,2024-05-27T15:24:19.091899+00:00,5386.22573,5391.455833,5357.091236,5362.298105,3019,synthetic
495512552,2024-05-27T15:24:19.091899+00:00,2024-05-28T15:24:19.091899+00:00,5362.298105,5362.494901,5327.703772,5327.899305,3026,synthetic
495512552,2024-05-28T15:24:19.091899+00:00,2024-05-29T15:24:19.091899+00:00,5327.899305,5338.287267,5322.833185,5333.21609,3033,synthetic
495512552,2024-05-29T15:24:19.091899+00:00,2024-05-30T15:24:19.091899+00:00,5333.21609,5375.635924,5330.236326,5372.634136,3040,synthetic
495512552,2024-05-30T15:24:19.091899+00:00,2024-05-31T15:24:19.091899+00:00,5372.634136,5396.031796,5369.173436,5392.558262,3047,synthetic
495512552,2024-05-31T15:24:19.091899+00:00,2024-06-01T15:24:19.091899+00:00,5392.558262,5397.478124,5382.115279,5387.030098,3054,synthetic
495512552,2024-06-01T15:24:19.091899+00:00,2024-06-02T15:24:19.091899+00:00,5387.030098,5387.801875,5378.846615,5379.61733,3061,synthetic
495512552,2024-06-02T15:24:19.091899+00:00,2024-06-03T15:24:19.091899+00:00,5379.61733,5384.948502,5354.224886,5359.536158,3068,synthetic
495512552,2024-06-03T15:24:19.091899+00:00,2024-06-04T15:24:19.091899+00:00,5359.536158,5361.684165,5327.1295,5329.265375,3075,synthetic
495512552,2024-06-04T15:24:19.091899+00:00,2024-06-05T15:24:19.091899+00:00,5329.265375,5338.00014,5325.15668,5333.887882,3082,synthetic
495512552,2024-06-05T15:24:19.091899+00:00,2024-06-06T15:24:19.091899+00:00,5333.887882,5379.750809,5329.492556,5375.321341,3089,synthetic
495512552,2024-06-06T15:24:19.091899+00:00,2024-06-07T15:24:19.091899+00:00,5375.321341,5399.460147,5373.608881,5397.740545,3096,synthetic
495512552,2024-06-07T15:24:19.091899+00:00,2024-06-08T15:24:19.091899+00:00,5397.740545,5403.132535,5381.098883,5386.479624,3103,synthetic
495512552,2024-06-08T15:24:19.091899+00:00,2024-06-09T15:24:19.091899+00:00,5386.479624,5387.717593,5371.450214,5372.685013,3110,synthetic
495512552,2024-06-09T15:24:19.091899+00:00,2024-06-10T15:24:19.091899+00:00,5372.685013,5377.374079,5351.535768,5356.210456,3117,synthetic
495512552,2024-06-10T15:24:19.091899+00:00,2024-06-11T15:24:19.091899+00:00,5356.210456,5360.007835,5327.806707,5331.586629,3124,synthetic
495512552,2024-06-11T15:24:19.091899+00:00,2024-06-12T15:24:19.091899+00:00,5331.586629,5338.263266,5329.008578,5335.683234,3131,synthetic
495512552,2024-06-12T15:24:19.091899+00:00,2024-06-13T15:24:19.091899+00:00,5335.683234,5382.560401,5330.483991,5377.320585,3138,synthetic
495512552,2024-06-13T15:24:19.091899+00:00,2024-06-14T15:24:19.091899+00:00,5377.320585,5402.239191,5377.044134,5401.961472,3145,synthetic
495512552,2024-06-14T15:24:19.091899+00:00,2024-06-15T15:24:19.091899+00:00,5401.961472,5407.072833,5381.09022,5386.186654,3152,synthetic
495512552,2024-06-15T15:24:19.091899+00:00,2024-06-16T15:24:19.091899+00:00,5386.186654,5389.261464,5362.698199,5365.761348,3159,synthetic
495512552,2024-06-16T15:24:19.091899+00:00,2024-06-17T15:24:19.091899+00:00,5365.761348,5369.156812,5348.968425,5352.355405,3166,synthetic
495512552,2024-06-17T15:24:19.091899+00:00,2024-06-18T15:24:19.091899+00:00,5352.355405,5357.270326,5329.724436,5334.623074,3173,synthetic
495512552,2024-06-18T15:24:19.091899+00:00,2024-06-19T15:24:19.091899+00:00,5334.623074,5339.353828,5333.936628,5338.666861,3180,synthetic
495512552,2024-06-19T15:24:19.091899+00:00,2024-06-20T15:24:19.091899+00:00,5338.666861,5384.07788,5333.387371,5378.758741,3187,synthetic
495512552,2024-06-20T15:24:19.091899+00:00,2024-06-21T15:24:19.091899+00:00,5378.758741,5407.227716,5376.530702,5404.988812,3194,synthetic
495512552,2024-06-21T15:24:19.091899+00:00,2024-06-22T15:24:19.091899+00:00,5404.988812,5409.104749,5381.948256,5386.049771,3201,synthetic
495512552,2024-06-22T15:24:19.091899+00:00,2024-06-23T15:24:19.091899+00:00,5386.049771,5390.532529,5354.705527,5359.16591,3208,synthetic
495512552,2024-06-23T15:24:19.091899+00:00,2024-06-24T15:24:19.091899+00:00,5359.16591,5360.798238,5346.448238,5348.077188,3215,synthetic
495512552,2024-06-24T15:24:19.091899+00:00,2024-06-25T15:24:19.091899+00:00,5348.077188,5353.422623,5332.776713,5338.112188,3222,synthetic
495512552,2024-06-25T15:24:19.091899+00:00,2024-06-26T15:24:19.091899+00:00,5338.112188,5344.127629,5336.80897,5342.823261,3229,synthetic
495512552,2024-06-26T15:24:19.091899+00:00,2024-06-27T15:24:19.091899+00:00,5342.823261,5384.459729,5338.199165,5379.803627,3236,synthetic
495512552,2024-06-27T15:24:19.091899+00:00,2024-06-28T15:24:19.091899+00:00,5379.803627,5410.548402,5375.934069,5406.659527,3243,synthetic
495512552,2024-06-28T15:24:19.091899+00:00,2024-06-29T15:24:19.091899+00:00,5406.659527,5409.20391,5383.382119,5385.916741,3250,synthetic
495512552,2024-06-29T15:24:19.091899+00:00,2024-06-30T15:24:19.091899+00:00,5385.916741,5391.182183,5347.94859,5353.18203,3257,synthetic
495512552,2024-06-30T15:24:19.091899+00:00,2024-07-01T15:24:19.091899+00:00,5353.18203,5353.535931,5343.195304,5343.548568,3264,synthetic
495512552,2024-07-01T15:24:19.091899+00:00,2024-07-02T15:24:19.091899+00:00,5343.548568,5348.578651,5336.763883,5341.792313,3271,synthetic
495512552,2024-07-02T15:24:19.091899+00:00,2024-07-03T15:24:19.091899+00:00,5341.792313,5351.17091,5338.678598,5348.053545,3278,synthetic
495512552,2024-07-03T15:24:19.091899+00:00,2024-07-04T15:24:19.091899+00:00,5348.053545,5383.986732,5344.730629,5380.643567,3285,synthetic
495512552,2024-07-04T15:24:19.091899+00:00,2024-07-05T15:24:19.091899+00:00,5380.643567,5411.888436,5375.671835,5406.89245,3292,synthetic
495512552,2024-07-05T15:24:19.091899+00:00,2024-07-06T15:24:19.091899+00:00,5406.89245,5407.509167,5384.986872,5385.601161,3299,synthetic
495512552,2024-07-06T15:24:19.091899+00:00,2024-07-07T15:24:19.091899+00:00,5385.601161,5390.914714,5342.760446,5348.036937,3306,synthetic
495512552,2024-07-07T15:24:19.091899+00:00,2024-07-08T15:24:19.091899+00:00,5348.036937,5350.323684,5336.714306,5338.997188,3313,synthetic
495512552,2024-07-08T15:24:19.091899+00:00,2024-07-09T15:24:19.091899+00:00,5338.997188,5349.444345,5334.9829,5345.425224,3320,synthetic
495512552,2024-07-09T15:24:19.091899+00:00,2024-07-10T15:24:19.091899+00:00,5345.425224,5358.678816,5340.933128,5354.179364,3327,synthetic
495512552,2024-07-10T15:24:19.091899+00:00,2024-07-11T15:24:19.091899+00:00,5354.179364,5383.028844,5352.623824,5381.465377,3334,synthetic
495512552,2024-07-11T15:24:19.091899+00:00,2024-07-12T15:24:19.091899+00:00,5381.465377,5411.099272,5376.084664,5405.694332,3341,synthetic
495512552,2024-07-12T15:24:19.091899+00:00,2024-07-13T15:24:19.091899+00:00,5405.694332,5407.091094,5383.511397,5384.902787,3348,synthetic
495512552,2024-07-13T15:24:19.091899+00:00,2024-07-14T15:24:19.091899+00:00,5384.902787,5389.523075,5339.301851,5343.886948,3355,synthetic
495512552,2024-07-14T15:24:19.091899+00:00,2024-07-15T15:24:19.091899+00:00,5343.886948,5347.784922,5330.797102,5334.688366,3362,synthetic
495512552,2024-07-15T15:24:19.091899+00:00,2024-07-16T15:24:19.091899+00:00,5334.688366,5351.26325,5332.247434,5348.815854,3369,synthetic
495512552,2024-07-16T15:24:19.091899+00:00,2024-07-17T15:24:19.091899+00:00,5348.815854,5366.210731,5343.570685,5360.953659,3376,synthetic
495512552,2024-07-17T15:24:19.091899+00:00,2024-07-18T15:24:19.091899+00:00,5360.953659,5382.867727,5360.520518,5382.432851,3383,synthetic
495512552,2024-07-18T15:24:19.091899+00:00,2024-07-19T15:24:19.091899+00:00,5382.432851,5408.217532,5377.39346,5403.158736,3390,synthetic
495512552,2024-07-19T15:24:19.091899+00:00,2024-07-20T15:24:19.091899+00:00,5403.158736,5406.372526,5380.427469,5383.629643,3397,synthetic
495512552,2024-07-20T15:24:19.091899+00:00,2024-07-21T15:24:19.091899+00:00,5383.629643,5386.912187,5337.552526,5340.808961,3404,synthetic
495512552,2024-07-21T15:24:19.091899+00:00,2024-07-22T15:24:19.091899+00:00,5340.808961,5345.773422,5325.948599,5330.903853,3411,synthetic
495512552,2024-07-22T15:24:19.091899+00:00,2024-07-23T15:24:19.091899+00:00,5330.903853,5352.359531,5330.373852,5351.82745,3418,synthetic
495512552,2024-07-23T15:24:19.091899+00:00,2024-07-24T15:24:19.091899+00:00,5351.82745,5373.360181,5346.560638,5368.077378,3425,synthetic
495512552,2024-07-24T15:24:19.091899+00:00,2024-07-25T15:24:19.091899+00:00,5368.077378,5386.041145,5365.710858,5383.667751,3432,synthetic
495512552,2024-07-25T15:24:19.091899+00:00,2024-07-26T15:24:19.091899+00:00,5383.667751,5403.464772,5379.672579,5399.457883,3439,synthetic
495512552,2024-07-26T15:24:19.091899+00:00,2024-07-27T15:24:19.091899+00:00,5399.457883,5404.037987,5377.054901,5381.619875,3446,synthetic
495512552,2024-07-27T15:24:19.091899+00:00,2024-07-28T15:24:19.091899+00:00,5381.619875,5383.107393,5337.323203,5338.798885,3453,synthetic
495512552,2024-07-28T15:24:19.091899+00:00,2024-07-29T15:24:19.091899+00:00,5338.798885,5344.137674,5322.590521,5327.918429,3460,synthetic
495512552,2024-07-29T15:24:19.091899+00:00,2024-07-30T15:24:19.091899+00:00,5327.918429,5355.850335,5326.466125,5354.390815,3467,synthetic
495512552,2024-07-30T15:24:19.091899+00:00,2024-07-31T15:24:19.091899+00:00,5354.390815,5379.791569,5349.8377,5375.220741,3474,synthetic
495512552,2024-07-31T15:24:19.091899+00:00,2024-08-01T15:24:19.091899+00:00,5375.220741,5389.217058,5371.246195,5385.235107,3481,synthetic
495512552,2024-08-01T15:24:19.091899+00:00,2024-08-02T15:24:19.091899+00:00,5385.235107,5397.225738,5382.841822,5394.828191,3488,synthetic
495512552,2024-08-02T15:24:19.091899+00:00,2024-08-03T15:24:19.091899+00:00,5394.828191,5400.13347,5373.471788,5378.761267,3495,synthetic
495512552,2024-08-03T15:24:19.091899+00:00,2024-08-04T15:24:19.091899+00:00,5378.761267,5379.274741,5337.267523,5337.777084,3502,synthetic
495512552,2024-08-04T15:24:19.091899+00:00,2024-08-05T15:24:19.091899+00:00,5337.777084,5342.746514,5321.017961,5325.976404,3509,synthetic
495512552,2024-08-05T15:24:19.091899+00:00,2024-08-06T15:24:19.091899+00:00,5325.976404,5359.755995,5322.745823,5356.506895,3516,synthetic
495512552,2024-08-06T15:24:19.091899+00:00,2024-08-07T15:24:19.091899+00:00,5356.506895,5385.265672,5353.303758,5382.047262,3523,synthetic
495512552,2024-08-07T15:24:19.091899+00:00,2024-08-08T15:24:19.091899+00:00,5382.047262,5392.170419,5377.015789,5387.13419,3530,synthetic
495512552,2024-08-08T15:24:19.091899+00:00,2024-08-09T15:24:19.091899+00:00,5387.13419,5390.007581,5386.677588,5389.550773,3537,synthetic
495512552,2024-08-09T15:24:19.091899+00:00,2024-08-10T15:24:19.091899+00:00,5389.550773,5394.840045,5369.731622,5375.00662,3544,synthetic
495512552,2024-08-10T15:24:19.091899+00:00,2024-08-11T15:24:19.091899+00:00,5375.00662,5377.446977,5335.17685,5337.600224,3551,synthetic
495512552,2024-08-11T15:24:19.091899+00:00,2024-08-12T15:24:19.091899+00:00,5337.600224,5341.508099,5321.371252,5325.270099,3558,synthetic
495512552,2024-08-12T15:24:19.091899+00:00,2024-08-13T15:24:19.091899+00:00,5325.270099,5362.828947,5320.711887,5358.242512,3565,synthetic
495512552,2024-08-13T15:24:19.091899+00:00,2024-08-14T15:24:19.091899+00:00,5358.242512,5389.651395,5356.83744,5388.238457,3572,synthetic
495512552,2024-08-14T15:24:19.091899+00:00,2024-08-15T15:24:19.091899+00:00,5388.238457,5394.684914,5382.850656,5389.296055,3579,synthetic
495512552,2024-08-15T15:24:19.091899+00:00,2024-08-16T15:24:19.091899+00:00,5389.296055,5390.841281,5382.384937,5383.928624,3586,synthetic
495512552,2024-08-16T15:24:19.091899+00:00,2024-08-17T15:24:19.091899+00:00,5383.928624,5388.464644,5365.858867,5370.383475,3593,synthetic
495512552,2024-08-17T15:24:19.091899+00:00,2024-08-18T15:24:19.091899+00:00,5370.383475,5374.407252,5334.078826,5338.078399,3600,synthetic
495512552,2024-08-18T15:24:19.091899+00:00,2024-08-19T15:24:19.091899+00:00,5338.078399,5340.380056,5323.625839,5325.922255,3607,synthetic
495512552,2024-08-19T15:24:19.091899+00:00,2024-08-20T15:24:19.091899+00:00,5325.922255,5365.004223,5320.671077,5359.719722,3614,synthetic
495512552,2024-08-20T15:24:19.091899+00:00,2024-08-21T15:24:19.091899+00:00,5359.719722,5394.111007,5359.129561,5393.517125,3621,synthetic
495512552,2024-08-21T15:24:19.091899+00:00,2024-08-22T15:24:19.091899+00:00,5393.517125,5398.508913,5386.597889,5391.587892,3628,synthetic
495512552,2024-08-22T15:24:19.091899+00:00,2024-08-23T15:24:19.091899+00:00,5391.587892,5394.921033,5374.937591,5378.262494,3635,synthetic
495512552,2024-08-23T15:24:19.091899+00:00,2024-08-24T15:24:19.091899+00:00,5378.262494,5381.414818,5361.852691,5364.99724,3642,synthetic
495512552,2024-08-24T15:24:19.091899+00:00,2024-08-25T15:24:19.091899+00:00,5364.99724,5370.040275,5333.977309,5338.995903,3649,synthetic
495512552,2024-08-25T15:24:19.091899+00:00,2024-08-26T15:24:19.091899+00:00,5338.995903,5339.370044,5327.600565,5327.973934,3656,synthetic
495512552,2024-08-26T15:24:19.091899+00:00,2024-08-27T15:24:19.091899+00:00,5327.973934,5366.345453,5322.760724,5361.099831,3663,synthetic
495512552,2024-08-27T15:24:19.091899+00:00,2024-08-28T15:24:19.091899+00:00,5361.099831,5400.188402,5358.595716,5397.667207,3670,synthetic
495512552,2024-08-28T15:24:19.091899+00:00,2024-08-29T15:24:19.091899+00:00,5397.667207,5401.564494,5389.929335,5393.823847,3677,synthetic
495512552,2024-08-29T15:24:19.091899+00:00,2024-08-30T15:24:19.091899+00:00,5393.823847,5398.481302,5368.188241,5372.827566,3684,synthetic
495512552,2024-08-30T15:24:19.091899+00:00,2024-08-31T15:24:19.091899+00:00,5372.827566,5374.159965,5357.69834,5359.027317,3691,synthetic
495512552,2024-08-31T15:24:19.091899+00:00,2024-09-01T15:24:19.091899+00:00,5359.027317,5364.384323,5334.795608,5340.133728,3698,synthetic
495512552,2024-09-01T15:24:19.091899+00:00,2024-09-02T15:24:19.091899+00:00,5340.133728,5341.740022,5329.775369,5331.37903,3705,synthetic
495512552,2024-09-02T15:24:19.091899+00:00,2024-09-03T15:24:19.091899+00:00,5331.37903,5367.03859,5326.930058,5362.563595,3712,synthetic
495512552,2024-09-03T15:24:19.091899+00:00,2024-09-04T15:24:19.091899+00:00,5362.563595,5404.647136,5358.493818,5400.548531,3719,synthetic
495512552,2024-09-04T15:24:19.091899+00:00,2024-09-05T15:24:19.091899+00:00,5400.548531,5402.805123,5393.526754,5395.781353,3726,synthetic
495512552,2024-09-05T15:24:19.091899+00:00,2024-09-06T15:24:19.091899+00:00,5395.781353,5401.114098,5362.547822,5367.852964,3733,synthetic
495512552,2024-09-06T15:24:19.091899+00:00,2024-09-07T15:24:19.091899+00:00,5367.852964,5368.522515,5352.048825,5352.716488,3740,synthetic
495512552,2024-09-07T15:24:19.091899+00:00,2024-09-08T15:24:19.091899+00:00,5352.716488,5357.640129,5336.37857,5341.291702,3747,synthetic
495512552,2024-09-08T15:24:19.091899+00:00,2024-09-09T15:24:19.091899+00:00,5341.291702,5344.65521,5332.645737,5336.005917,3754,synthetic
495512552,2024-09-09T15:24:19.091899+00:00,2024-09-10T15:24:19.091899+00:00,5336.005917,5367.369278,5332.942358,5364.289482,3761,synthetic
495512552,2024-09-10T15:24:19.091899+00:00,2024-09-11T15:24:19.091899+00:00,5364.289482,5407.209704,5359.220708,5402.105197,3768,synthetic
495512552,2024-09-11T15:24:19.091899+00:00,2024-09-12T15:24:19.091899+00:00,5402.105197,5402.404372,5396.922614,5397.221518,3775,synthetic
495512552,2024-09-12T15:24:19.091899+00:00,2024-09-13T15:24:19.091899+00:00,5397.221518,5402.485505,5358.27475,5363.505854,3782,synthetic
495512552,2024-09-13T15:24:19.091899+00:00,2024-09-14T15:24:19.091899+00:00,5363.505854,5366.080652,5343.787849,5346.354413,3789,synthetic
495512552,2024-09-14T15:24:19.091899+00:00,2024-09-15T15:24:19.091899+00:00,5346.354413,5350.159766,5338.505763,5342.308237,3796,synthetic
495512552,2024-09-15T15:24:19.091899+00:00,2024-09-16T15:24:19.091899+00:00,5342.308237,5346.960386,5336.994548,5341.64612,3803,synthetic
495512552,2024-09-16T15:24:19.091899+00:00,2024-09-17T15:24:19.091899+00:00,5341.64612,5367.686154,5340.397795,5366.432036,3810,synthetic
495512552,2024-09-17T15:24:19.091899+00:00,2024-09-18T15:24:19.091899+00:00,5366.432036,5407.764494,5361.070379,5402.366934,3817,synthetic
495512552,2024-09-18T15:24:19.091899+00:00,2024-09-19T15:24:19.091899+00:00,5402.366934,5404.067636,5396.212414,5397.911713,3824,synthetic
495512552,2024-09-19T15:24:19.091899+00:00,2024-09-20T15:24:19.091899+00:00,5397.911713,5402.37192,5355.452696,5359.88148,3831,synthetic
495512552,2024-09-20T15:24:19.091899+00:00,2024-09-21T15:24:19.091899+00:00,5359.88148,5364.000173,5336.153008,5340.256621,3838,synthetic
495512552,2024-09-21T15:24:19.091899+00:00,2024-09-22T15:24:19.091899+00:00,5340.256621,5345.236739,5338.096904,5343.075882,3845,synthetic
495512552,2024-09-22T15:24:19.091899+00:00,2024-09-23T15:24:19.091899+00:00,5343.075882,5353.326282,5337.783809,5348.029303,3852,synthetic
495512552,2024-09-23T15:24:19.091899+00:00,2024-09-24T15:24:19.091899+00:00,5348.029303,5369.850486,5347.284164,5369.102412,3859,synthetic
495512552,2024-09-24T15:24:19.091899+00:00,2024-09-25T15:24:19.091899+00:00,5369.102412,5406.380088,5364.195248,5401.443366,3866,synthetic
495512552,2024-09-25T15:24:19.091899+00:00,2024-09-26T15:24:19.091899+00:00,5401.443366,5404.906168,5394.187969,5397.648338,3873,synthetic
495512552,2024-09-26T15:24:19.091899+00:00,2024-09-27T15:24:19.091899+00:00,5397.648338,5400.681877,5353.98925,5356.999944,3880,synthetic
495512552,2024-09-27T15:24:19.091899+00:00,2024-09-28T15:24:19.091899+00:00,5356.999944,5362.087101,5329.674771,5334.74079,3887,synthetic
495512552,2024-09-28T15:24:19.091899+00:00,2024-09-29T15:24:19.091899+00:00,5334.74079,5343.768607,5334.52381,5343.551268,3894,synthetic
495512552,2024-09-29T15:24:19.091899+00:00,2024-09-30T15:24:19.091899+00:00,5343.551268,5360.047951,5338.357566,5354.843273,3901,synthetic
495512552,2024-09-30T15:24:19.091899+00:00,2024-10-01T15:24:19.091899+00:00,5354.843273,5375.00106,5352.203744,5372.3529,3908,synthetic
495512552,2024-10-01T15:24:19.091899+00:00,2024-10-02T15:24:19.091899+00:00,5372.3529,5403.298686,5368.585022,5399.51176,3915,synthetic
495512552,2024-10-02T15:24:19.091899+00:00,2024-10-03T15:24:19.091899+00:00,5399.51176,5404.252299,5391.539967,5396.277667,3922,synthetic
495512552,2024-10-03T15:24:19.091899+00:00,2024-10-04T15:24:19.091899+00:00,5396.277667,5397.461365,5353.635317,5354.80992,3929,synthetic
495512552,2024-10-04T15:24:19.091899+00:00,2024-10-05T15:24:19.091899+00:00,5354.80992,5360.15606,5324.780901,5330.102373,3936,synthetic
495512552,2024-10-05T15:24:19.091899+00:00,2024-10-06T15:24:19.091899+00:00,5330.102373,5345.515295,5328.35011,5343.758542,3943,synthetic
495512552,2024-10-06T15:24:19.091899+00:00,2024-10-07T15:24:19.091899+00:00,5343.758542,5366.142696,5339.387879,5361.757312,3950,synthetic
495512552,2024-10-07T15:24:19.091899+00:00,2024-10-08T15:24:19.091899+00:00,5361.757312,5380.348373,5357.587101,5376.166954,3957,synthetic
495512552,2024-10-08T15:24:19.091899+00:00,2024-10-09T15:24:19.091899+00:00,5376.166954,5398.909071,5374.06535,5396.7994,3964,synthetic
495512552,2024-10-09T15:24:19.091899+00:00,2024-10-10T15:24:19.091899+00:00,5396.7994,5402.155058,5388.360262,5393.712857,3971,synthetic
495512552,2024-10-10T15:24:19.091899+00:00,2024-10-11T15:24:19.091899+00:00,5393.712857,5394.542925,5352.375032,5353.198866,3978,synthetic
495512552,2024-10-11T15:24:19.091899+00:00,2024-10-12T15:24:19.091899+00:00,5353.198866,5358.058977,5321.75572,5326.591675,3985,synthetic
495512552,2024-10-12T15:24:19.091899+00:00,2024-10-13T15:24:19.091899+00:00,5326.591675,5347.271841,5323.117036,5343.785985,3992,synthetic
495512552,2024-10-13T15:24:19.091899+00:00,2024-10-14T15:24:19.091899+00:00,5343.785985,5371.398207,5340.848126,5368.44679,3999,synthetic
495512552,2024-10-14T15:24:19.091899+00:00,2024-10-15T15:24:19.091899+00:00,5368.44679,5385.589408,5363.324544,5380.455703,4006,synthetic
495512552,2024-10-15T15:24:19.091899+00:00,2024-10-16T15:24:19.091899+00:00,5380.455703,5393.702201,5380.316047,5393.562205,4013,synthetic
495512552,2024-10-16T15:24:19.091899+00:00,2024-10-17T15:24:19.091899+00:00,5393.562205,5398.785272,5384.725978,5389.945543,4020,synthetic
495512552,2024-10-17T15:24:19.091899+00:00,2024-10-18T15:24:19.091899+00:00,5389.945543,5392.67114,5349.302307,5352.00872,4027,synthetic
495512552,2024-10-18T15:24:19.091899+00:00,2024-10-19T15:24:19.091899+00:00,5352.00872,5355.705748,5320.71642,5324.394372,4034,synthetic
495512552,2024-10-19T15:24:19.091899+00:00,2024-10-20T15:24:19.091899+00:00,5324.394372,5348.504925,5319.682757,5343.776158,4041,synthetic
495512552,2024-10-20T15:24:19.091899+00:00,2024-10-21T15:24:19.091899+00:00,5343.776158,5375.718582,5342.680873,5374.616974,4048,synthetic
495512552,2024-10-21T15:24:19.091899+00:00,2024-10-22T15:24:19.091899+00:00,5374.616974,5390.432595,5369.256143,5385.061346,4055,synthetic
495512552,2024-10-22T15:24:19.091899+00:00,2024-10-23T15:24:19.091899+00:00,5385.061346,5391.908251,5383.216321,5390.061513,4062,synthetic
495512552,2024-10-23T15:24:19.091899+00:00,2024-10-24T15:24:19.091899+00:00,5390.061513,5394.423905,5380.692566,5385.050903,4069,synthetic
495512552,2024-10-24T15:24:19.091899+00:00,2024-10-25T15:24:19.091899+00:00,5385.050903,5389.288617,5346.844607,5351.055568,4076,synthetic
495512552,2024-10-25T15:24:19.091899+00:00,2024-10-26T15:24:19.091899+00:00,5351.055568,5353.074607,5321.608495,5323.617181,4083,synthetic
495512552,2024-10-26T15:24:19.091899+00:00,2024-10-27T15:24:19.091899+00:00,5323.617181,5349.222768,5318.32506,5343.910473,4090,synthetic
495512552,2024-10-27T15:24:19.091899+00:00,2024-10-28T15:24:19.091899+00:00,5343.910473,5380.930114,5343.010409,5380.023967,4097,synthetic
495512552,2024-10-28T15:24:19.091899+00:00,2024-10-29T15:24:19.091899+00:00,5380.023967,5394.62673,5375.17324,5389.767218,4104,synthetic
495512552,2024-10-29T15:24:19.091899+00:00,2024-10-30T15:24:19.091899+00:00,5389.767218,5393.342839,5382.967668,5386.541149,4111,synthetic
495512552,2024-10-30T15:24:19.091899+00:00,2024-10-31T15:24:19.091899+00:00,5386.541149,5389.43594,5376.294824,5379.185662,4118,synthetic
495512552,2024-10-31T15:24:19.091899+00:00,2024-11-01T15:24:19.091899+00:00,5379.185662,5384.34131,5345.023594,5350.151414,4125,synthetic
495512552,2024-11-01T15:24:19.091899+00:00,2024-11-02T15:24:19.091899+00:00,5350.151414,5350.211516,5324.220099,5324.27991,4132,synthetic
495512552,2024-11-02T15:24:19.091899+00:00,2024-11-03T15:24:19.091899+00:00,5324.27991,5349.544897,5319.14405,5344.389639,4139,synthetic
495512552,2024-11-03T15:24:19.091899+00:00,2024-11-04T15:24:19.091899+00:00,5344.389639,5387.281951,5341.619481,5384.491007,4146,synthetic
495512552,2024-11-04T15:24:19.091899+00:00,2024-11-05T15:24:19.091899+00:00,5384.491007,5397.982107,5380.829273,5394.313693,4153,synthetic
495512552,2024-11-05T15:24:19.091899+00:00,2024-11-06T15:24:19.091899+00:00,5394.313693,5399.123658,5378.406733,5383.206794,4160,synthetic
495512552,2024-11-06T15:24:19.091899+00:00,2024-11-07T15:24:19.091899+00:00,5383.206794,5384.23246,5371.555482,5372.579122,4167,synthetic
495512552,2024-11-07T15:24:19.091899+00:00,2024-11-08T15:24:19.091899+00:00,5372.579122,5377.931678,5343.796822,5349.126012,4174,synthetic
495512552,2024-11-08T15:24:19.091899+00:00,2024-11-09T15:24:19.091899+00:00,5349.126012,5351.032522,5324.416201,5326.314582,4181,synthetic
495512552,2024-11-09T15:24:19.091899+00:00,2024-11-10T15:24:19.091899+00:00,5326.314582,5349.691348,5322.050314,5345.411791,4188,synthetic
495512552,2024-11-10T15:24:19.091899+00:00,2024-11-11T15:24:19.091899+00:00,5345.411791,5392.207227,5341.157161,5387.918764,4195,synthetic
495512552,2024-11-11T15:24:19.091899+00:00,2024-11-12T15:24:19.091899+00:00,5387.918764,5400.381628,5385.959508,5398.418554,4202,synthetic
495512552,2024-11-12T15:24:19.091899+00:00,2024-11-13T15:24:19.091899+00:00,5398.418554,5403.793086,5374.853108,5380.209511,4209,synthetic
495512552,2024-11-13T15:24:19.091899+00:00,2024-11-14T15:24:19.091899+00:00,5380.209511,5381.193681,5364.536467,5365.517949,4216,synthetic
495512552,2024-11-14T15:24:19.091899+00:00,2024-11-15T15:24:19.091899+00:00,5365.517949,5370.320901,5343.059564,5347.846696,4223,synthetic
495512552,2024-11-15T15:24:19.091899+00:00,2024-11-16T15:24:19.091899+00:00,5347.846696,5351.453044,5325.977671,5329.571694,4230,synthetic
495512552,2024-11-16T15:24:19.091899+00:00,2024-11-17T15:24:19.091899+00:00,5329.571694,5349.957245,5326.774011,5347.150333,4237,synthetic
495512552,2024-11-17T15:24:19.091899+00:00,2024-11-18T15:24:19.091899+00:00,5347.150333,5395.47718,5342.003484,5390.288807,4244,synthetic
495512552,2024-11-18T15:24:19.091899+00:00,2024-11-19T15:24:19.091899+00:00,5390.288807,5401.818922,5390.269988,5401.800063,4251,synthetic
495512552,2024-11-19T15:24:19.091899+00:00,2024-11-20T15:24:19.091899+00:00,5401.800063,5406.989162,5372.468974,5377.634859,4258,synthetic
495512552,2024-11-20T15:24:19.091899+00:00,2024-11-21T15:24:19.091899+00:00,5377.634859,5380.489664,5355.481407,5358.325961,4265,synthetic
495512552,2024-11-21T15:24:19.091899+00:00,2024-11-22T15:24:19.091899+00:00,5358.325961,5361.911661,5342.656756,5346.234364,4272,synthetic
495512552,2024-11-22T15:24:19.091899+00:00,2024-11-23T15:24:19.091899+00:00,5346.234364,5351.036577,5329.041974,5333.833047,4279,synthetic
495512552,2024-11-23T15:24:19.091899+00:00,2024-11-24T15:24:19.091899+00:00,5333.833047,5350.675427,5332.893999,5349.73358,4286,synthetic
495512552,2024-11-24T15:24:19.091899+00:00,2024-11-25T15:24:19.091899+00:00,5349.73358,5397.024165,5344.411157,5391.660029,4293,synthetic
495512552,2024-11-25T15:24:19.091899+00:00,2024-11-26T15:24:19.091899+00:00,5391.660029,5406.200977,5389.664391,5404.200697,4300,synthetic
495512552,2024-11-26T15:24:19.091899+00:00,2024-11-27T15:24:19.091899+00:00,5404.200697,5408.47917,5371.242773,5375.498524,4307,synthetic
495512552,2024-11-27T15:24:19.091899+00:00,2024-11-28T15:24:19.091899+00:00,5375.498524,5379.824554,5347.034066,5351.340655,4314,synthetic
495512552,2024-11-28T15:24:19.091899+00:00,2024-11-29T15:24:19.091899+00:00,5351.340655,5353.212997,5342.404208,5344.274077,4321,synthetic
495512552,2024-11-29T15:24:19.091899+00:00,2024-11-30T15:24:19.091899+00:00,5344.274077,5349.601522,5333.507977,5338.829995,4328,synthetic
495512552,2024-11-30T15:24:19.091899+00:00,2024-12-01T15:24:19.091899+00:00,5338.829995,5354.284706,5337.776215,5353.228084,4335,synthetic
495512552,2024-12-01T15:24:19.091899+00:00,2024-12-02T15:24:19.091899+00:00,5353.228084,5396.949332,5348.47179,5392.158449,4342,synthetic
495512552,2024-12-02T15:24:19.091899+00:00,2024-12-03T15:24:19.091899+00:00,5392.158449,5409.112981,5388.463986,5405.409439,4349,synthetic
495512552,2024-12-03T15:24:19.091899+00:00,2024-12-04T15:24:19.091899+00:00,5405.409439,5408.17888,5370.995587,5373.748807,4356,synthetic
495512552,2024-12-04T15:24:19.091899+00:00,2024-12-05T15:24:19.091899+00:00,5373.748807,5378.942153,5339.723012,5344.888466,4363,synthetic
495512552,2024-12-05T15:24:19.091899+00:00,2024-12-06T15:24:19.091899+00:00,5344.888466,5344.985825,5341.921992,5342.019299,4370,synthetic
495512552,2024-12-06T15:24:19.091899+00:00,2024-12-07T15:24:19.091899+00:00,5342.019299,5349.376926,5336.910039,5344.265517,4377,synthetic
495512552,2024-12-07T15:24:19.091899+00:00,2024-12-08T15:24:19.091899+00:00,5344.265517,5360.537997,5341.362047,5357.627267,4384,synthetic
495512552,2024-12-08T15:24:19.091899+00:00,2024-12-09T15:24:19.091899+00:00,5357.627267,5395.510206,5354.101046,5391.961388,4391,synthetic
495512552,2024-12-09T15:24:19.091899+00:00,2024-12-10T15:24:19.091899+00:00,5391.961388,5410.170356,5387.083732,5405.280651,4398,synthetic
495512552,2024-12-10T15:24:19.091899+00:00,2024-12-11T15:24:19.091899+00:00,5405.280651,5406.153827,5371.407824,5372.275668,4405,synthetic
495512552,2024-12-11T15:24:19.091899+00:00,2024-12-12T15:24:19.091899+00:00,5372.275668,5377.611956,5333.957391,5339.260885,4412,synthetic
495512552,2024-12-12T15:24:19.091899+00:00,2024-12-13T15:24:19.091899+00:00,5339.260885,5341.638492,5337.21182,5339.589301,4419,synthetic
495512552,2024-12-13T15:24:19.091899+00:00,2024-12-14T15:24:19.091899+00:00,5339.589301,5354.025002,5335.41047,5349.83815,4426,synthetic
495512552,2024-12-14T15:24:19.091899+00:00,2024-12-15T15:24:19.091899+00:00,5349.83815,5367.208713,5345.486478,5362.84646,4433,synthetic
495512552,2024-12-15T15:24:19.091899+00:00,2024-12-16T15:24:19.091899+00:00,5362.84646,5393.089278,5361.04427,5391.277534,4440,synthetic
495512552,2024-12-16T15:24:19.091899+00:00,2024-12-17T15:24:19.091899+00:00,5391.277534,5409.140283,5385.897521,5403.747826,4447,synthetic
495512552,2024-12-17T15:24:19.091899+00:00,2024-12-18T15:24:19.091899+00:00,5403.747826,5404.892308,5369.787907,5370.925437,4454,synthetic
495512552,2024-12-18T15:24:19.091899+00:00,2024-12-19T15:24:19.091899+00:00,5370.925437,5375.660646,5329.99022,5334.693485,4461,synthetic
495512552,2024-12-19T15:24:19.091899+00:00,2024-12-20T15:24:19.091899+00:00,5334.693485,5340.873584,5330.981574,5337.159957,4468,synthetic
495512552,2024-12-20T15:24:19.091899+00:00,2024-12-21T15:24:19.091899+00:00,5337.159957,5357.941427,5334.493269,5355.265693,4475,synthetic
495512552,2024-12-21T15:24:19.091899+00:00,2024-12-22T15:24:19.091899+00:00,5355.265693,5373.933135,5350.070511,5368.724896,4482,synthetic
495512552,2024-12-22T15:24:19.091899+00:00,2024-12-23T15:24:19.091899+00:00,5368.724896,5390.502279,5368.548074,5390.324746,4489,synthetic
495512552,2024-12-23T15:24:19.091899+00:00,2024-12-24T15:24:19.091899+00:00,5390.324746,5405.972698,5385.193017,5400.830967,4496,synthetic
495512552,2024-12-24T15:24:19.091899+00:00,2024-12-25T15:24:19.091899+00:00,5400.830967,5403.831616,5366.536529,5369.519782,4503,synthetic
495512552,2024-12-25T15:24:19.091899+00:00,2024-12-26T15:24:19.091899+00:00,5369.519782,5372.993921,5327.900191,5331.349634,4510,synthetic
495512552,2024-12-26T15:24:19.091899+00:00,2024-12-27T15:24:19.091899+00:00,5331.349634,5339.807753,5326.493872,5334.948712,4517,synthetic
495512552,2024-12-27T15:24:19.091899+00:00,2024-12-28T15:24:19.091899+00:00,5334.948712,5361.094531,5334.164515,5360.306607,4524,synthetic
495512552,2024-12-28T15:24:19.091899+00:00,2024-12-29T15:24:19.091899+00:00,5360.306607,5380.363892,5354.991906,5375.034588,4531,synthetic
495512552,2024-12-29T15:24:19.091899+00:00,2024-12-30T15:24:19.091899+00:00,5375.034588,5391.448983,5372.898933,5389.307657,4538,synthetic
495512552,2024-12-30T15:24:19.091899+00:00,2024-12-31T15:24:19.091899+00:00,5389.307657,5400.810473,5385.139773,5396.63692,4545,synthetic
495512552,2024-12-31T15:24:19.091899+00:00,2025-01-01T15:24:19.091899+00:00,5396.63692,5401.072406,5363.465292,5367.87714,4552,synthetic
495512552,2025-01-01T15:24:19.091899+00:00,2025-01-02T15:24:19.091899+00:00,5367.87714,5369.606381,5327.59347,5329.310287,4559,synthetic
495512552,2025-01-02T15:24:19.091899+00:00,2025-01-03T15:24:19.091899+00:00,5329.310287,5338.521615,5323.987619,5333.195067,4566,synthetic
495512552,2025-01-03T15:24:19.091899+00:00,2025-01-04T15:24:19.091899+00:00,5333.195067,5365.990574,5331.988903,5364.777267,4573,synthetic
495512552,2025-01-04T15:24:19.091899+00:00,2025-01-05T15:24:19.091899+00:00,5364.777267,5386.202001,5360.085271,5381.495384,4580,synthetic
495512552,2025-01-05T15:24:19.091899+00:00,2025-01-06T15:24:19.091899+00:00,5381.495384,5392.203006,5377.694401,5388.397148,4587,synthetic
495512552,2025-01-06T15:24:19.091899+00:00,2025-01-07T15:24:19.091899+00:00,5388.397148,5393.977288,5385.773881,5391.352581,4594,synthetic
495512552,2025-01-07T15:24:19.091899+00:00,2025-01-08T15:24:19.091899+00:00,5391.352581,5396.60147,5360.610544,5365.834588,4601,synthetic
495512552,2025-01-08T15:24:19.091899+00:00,2025-01-09T15:24:19.091899+00:00,5365.834588,5366.090263,5328.316775,5328.570674,4608,synthetic
495512552,2025-01-09T15:24:19.091899+00:00,2025-01-10T15:24:19.091899+00:00,5328.570674,5337.190082,5323.522298,5332.138325,4615,synthetic
495512552,2025-01-10T15:24:19.091899+00:00,2025-01-11T15:24:19.091899+00:00,5332.138325,5371.611718,5329.110882,5368.563593,4622,synthetic
495512552,2025-01-11T15:24:19.091899+00:00,2025-01-12T15:24:19.091899+00:00,5368.563593,5391.220045,5365.150723,5387.794949,4629,synthetic
495512552,2025-01-12T15:24:19.091899+00:00,2025-01-13T15:24:19.091899+00:00,5387.794949,5392.734344,5382.774243,5387.713563,4636,synthetic
495512552,2025-01-13T15:24:19.091899+00:00,2025-01-14T15:24:19.091899+00:00,5387.713563,5388.42696,5384.518468,5385.231536,4643,synthetic
495512552,2025-01-14T15:24:19.091899+00:00,2025-01-15T15:24:19.091899+00:00,5385.231536,5390.560049,5357.961302,5363.268083,4650,synthetic
495512552,2025-01-15T15:24:19.091899+00:00,2025-01-16T15:24:19.091899+00:00,5363.268083,5365.471303,5326.854966,5329.044127,4657,synthetic
495512552,2025-01-16T15:24:19.091899+00:00,2025-01-17T15:24:19.091899+00:00,5329.044127,5336.067964,5324.973041,5331.994625,4664,synthetic
495512552,2025-01-17T15:24:19.091899+00:00,2025-01-18T15:24:19.091899+00:00,5331.994625,5376.085605,5327.568021,5371.6261,4671,synthetic
495512552,2025-01-18T15:24:19.091899+00:00,2025-01-19T15:24:19.091899+00:00,5371.6261,5395.274142,5369.970717,5393.611984,4678,synthetic
495512552,2025-01-19T15:24:19.091899+00:00,2025-01-20T15:24:19.091899+00:00,5393.611984,5399.002254,5381.931221,5387.315198,4685,synthetic
495512552,2025-01-20T15:24:19.091899+00:00,2025-01-21T15:24:19.091899+00:00,5387.315198,5388.610741,5377.28184,5378.575281,4692,synthetic
495512552,2025-01-21T15:24:19.091899+00:00,2025-01-22T15:24:19.091899+00:00,5378.575281,5383.240435,5355.460023,5360.10916,4699,synthetic
495512552,2025-01-22T15:24:19.091899+00:00,2025-01-23T15:24:19.091899+00:00,5360.10916,5363.950499,5326.752457,5330.572629,4706,synthetic
495512552,2025-01-23T15:24:19.091899+00:00,2025-01-24T15:24:19.091899+00:00,5330.572629,5335.462727,5328.046355,5332.935333,4713,synthetic
495512552,2025-01-24T15:24:19.091899+00:00,2025-01-25T15:24:19.091899+00:00,5332.935333,5379.24751,5327.725949,5373.998014,4720,synthetic
495512552,2025-01-25T15:24:19.091899+00:00,2025-01-26T15:24:19.091899+00:00,5373.998014,5398.977271,5373.662938,5398.640657,4727,synthetic
495512552,2025-01-26T15:24:19.091899+00:00,2025-01-27T15:24:19.091899+00:00,5398.640657,5403.729427,5382.115148,5387.193127,4734,synthetic
495512552,2025-01-27T15:24:19.091899+00:00,2025-01-28T15:24:19.091899+00:00,5387.193127,5390.316796,5368.595935,5371.710627,4741,synthetic
495512552,2025-01-28T15:24:19.091899+00:00,2025-01-29T15:24:19.091899+00:00,5371.710627,5375.064071,5353.012623,5356.356482,4748,synthetic
495512552,2025-01-29T15:24:19.091899+00:00,2025-01-30T15:24:19.091899+00:00,5356.356482,5361.298023,5328.023154,5332.943095,4755,synthetic
495512552,2025-01-30T15:24:19.091899+00:00,2025-01-31T15:24:19.091899+00:00,5332.943095,5335.697278,5332.31486,5335.068793,4762,synthetic
495512552,2025-01-31T15:24:19.091899+00:00,2025-02-01T15:24:19.091899+00:00,5335.068793,5381.083845,5329.801858,5375.776722,4769,synthetic
495512552,2025-02-01T15:24:19.091899+00:00,2025-02-02T15:24:19.091899+00:00,5375.776722,5404.90584,5373.496433,5402.614168,4776,synthetic
495512552,2025-02-02T15:24:19.091899+00:00,2025-02-03T15:24:19.091899+00:00,5402.614168,5406.689676,5383.208872,5387.272807,4783,synthetic
495512552,2025-02-03T15:24:19.091899+00:00,2025-02-04T15:24:19.091899+00:00,5387.272807,5391.789039,5360.46771,5364.965242,4790,synthetic
495512552,2025-02-04T15:24:19.091899+00:00,2025-02-05T15:24:19.091899+00:00,5364.965242,5366.543241,5350.506905,5352.081114,4797,synthetic
495512552,2025-02-05T15:24:19.091899+00:00,2025-02-06T15:24:19.091899+00:00,5352.081114,5357.432072,5330.573088,5335.907876,4804,synthetic
495512552,2025-02-06T15:24:19.091899+00:00,2025-02-07T15:24:19.091899+00:00,5335.907876,5339.787054,5334.548572,5338.427108,4811,synthetic
495512552,2025-02-07T15:24:19.091899+00:00,2025-02-08T15:24:19.091899+00:00,5338.427108,5381.733379,5333.8364,5377.109407,4818,synthetic
495512552,2025-02-08T15:24:19.091899+00:00,2025-02-09T15:24:19.091899+00:00,5377.109407,5409.254196,5373.201083,5405.325363,4825,synthetic
495512552,2025-02-09T15:24:19.091899+00:00,2025-02-10T15:24:19.091899+00:00,5405.325363,5407.816701,5384.939236,5387.422322,4832,synthetic
495512552,2025-02-10T15:24:19.091899+00:00,2025-02-11T15:24:19.091899+00:00,5387.422322,5392.701337,5353.392631,5358.643446,4839,synthetic
495512552,2025-02-11T15:24:19.091899+00:00,2025-02-12T15:24:19.091899+00:00,5358.643446,5359.05628,5347.012971,5347.42494,4846,synthetic
495512552,2025-02-12T15:24:19.091899+00:00,2025-02-13T15:24:19.091899+00:00,5347.42494,5352.438595,5334.201687,5339.207637,4853,synthetic
495512552,2025-02-13T15:24:19.091899+00:00,2025-02-14T15:24:19.091899+00:00,5339.207637,5346.120997,5336.048074,5342.959214,4860,synthetic
495512552,2025-02-14T15:24:19.091899+00:00,2025-02-15T15:24:19.091899+00:00,5342.959214,5381.469545,5339.68554,5378.174294,4867,synthetic
495512552,2025-02-15T15:24:19.091899+00:00,2025-02-16T15:24:19.091899+00:00,5378.174294,5411.66075,5373.182606,5406.64264,4874,synthetic
495512552,2025-02-16T15:24:19.091899+00:00,2025-02-17T15:24:19.091899+00:00,5406.64264,5407.20043,5386.910672,5387.466484,4881,synthetic
495512552,2025-02-17T15:24:19.091899+00:00,2025-02-18T15:24:19.091899+00:00,5387.466484,5392.771933,5347.732808,5353.00432,4888,synthetic
495512552,2025-02-18T15:24:19.091899+00:00,2025-02-19T15:24:19.091899+00:00,5353.00432,5355.346081,5340.255095,5342.592301,4895,synthetic
495512552,2025-02-19T15:24:19.091899+00:00,2025-02-20T15:24:19.091899+00:00,5342.592301,5346.572669,5338.61415,5342.594517,4902,synthetic
495512552,2025-02-20T15:24:19.091899+00:00,2025-02-21T15:24:19.091899+00:00,5342.594517,5353.057149,5338.073336,5348.530944,4909,synthetic
495512552,2025-02-21T15:24:19.091899+00:00,2025-02-22T15:24:19.091899+00:00,5348.530944,5380.66555,5347.033222,5379.159251,4916,synthetic
495512552,2025-02-22T15:24:19.091899+00:00,2025-02-23T15:24:19.091899+00:00,5379.159251,5411.926175,5373.78018,5406.519745,4923,synthetic
495512552,2025-02-23T15:24:19.091899+00:00,2025-02-24T15:24:19.091899+00:00,5406.519745,5407.973871,5385.756556,5387.205487,4930,synthetic
495512552,2025-02-24T15:24:19.091899+00:00,2025-02-25T15:24:19.091899+00:00,5387.205487,5391.797152,5343.68556,5348.244016,4937,synthetic
495512552,2025-02-25T15:24:19.091899+00:00,2025-02-26T15:24:19.091899+00:00,5348.244016,5352.185025,5333.90216,5337.835499,4944,synthetic
495512552,2025-02-26T15:24:19.091899+00:00,2025-02-27T15:24:19.091899+00:00,5337.835499,5348.247321,5335.445286,5345.853517,4951,synthetic
495512552,2025-02-27T15:24:19.091899+00:00,2025-02-28T15:24:19.091899+00:00,5345.853517,5360.19449,5340.600091,5354.932142,4958,synthetic
495512552,2025-02-28T15:24:19.091899+00:00,2025-03-01T15:24:19.091899+00:00,5354.932142,5380.733234,5354.441024,5380.239795,4965,synthetic
495512552,2025-03-01T15:24:19.091899+00:00,2025-03-02T15:24:19.091899+00:00,5380.239795,5410.038034,5375.223471,5404.998626,4972,synthetic
495512552,2025-03-02T15:24:19.091899+00:00,2025-03-03T15:24:19.091899+00:00,5404.998626,5408.260931,5383.185297,5386.436398,4979,synthetic
495512552,2025-03-03T15:24:19.091899+00:00,2025-03-04T15:24:19.091899+00:00,5386.436398,5389.673671,5341.27169,5344.483749,4986,synthetic
495512552,2025-03-04T15:24:19.091899+00:00,2025-03-05T15:24:19.091899+00:00,5344.483749,5349.472924,5328.456566,5333.435426,4993,synthetic
495512552,2025-03-05T15:24:19.091899+00:00,2025-03-06T15:24:19.091899+00:00,5333.435426,5349.293627,5332.963362,5348.820201,5000,synthetic
495512552,2025-03-06T15:24:19.091899+00:00,2025-03-07T15:24:19.091899+00:00,5348.820201,5367.156264,5343.567071,5361.890298,5007,synthetic
495512552,2025-03-07T15:24:19.091899+00:00,2025-03-08T15:24:19.091899+00:00,5361.890298,5383.983816,5359.473908,5381.558562,5014,synthetic
495512552,2025-03-08T15:24:19.091899+00:00,2025-03-09T15:24:19.091899+00:00,5381.558562,5406.174112,5377.604725,5402.205106,5021,synthetic
495512552,2025-03-09T15:24:19.091899+00:00,2025-03-10T15:24:19.091899+00:00,5402.205106,5406.818617,5380.37667,5384.975467,5028,synthetic
495512552,2025-03-10T15:24:19.091899+00:00,2025-03-11T15:24:19.091899+00:00,5384.975467,5386.407112,5340.344284,5341.764441,5035,synthetic
495512552,2025-03-11T15:24:19.091899+00:00,2025-03-12T15:24:19.091899+00:00,5341.764441,5347.10599,5324.34951,5329.678975,5042,synthetic
495512552,2025-03-12T15:24:19.091899+00:00,2025-03-13T15:24:19.091899+00:00,5329.678975,5352.908182,5328.170085,5351.393144,5049,synthetic
495512552,2025-03-13T15:24:19.091899+00:00,2025-03-14T15:24:19.091899+00:00,5351.393144,5373.623937,5346.87371,5369.089558,5056,synthetic
495512552,2025-03-14T15:24:19.091899+00:00,2025-03-15T15:24:19.091899+00:00,5369.089558,5387.228088,5365.080172,5383.20816,5063,synthetic
495512552,2025-03-15T15:24:19.091899+00:00,2025-03-16T15:24:19.091899+00:00,5383.20816,5400.683745,5380.868765,5398.337775,5070,synthetic
495512552,2025-03-16T15:24:19.091899+00:00,2025-03-17T15:24:19.091899+00:00,5398.337775,5403.656921,5377.375489,5382.679205,5077,synthetic
495512552,2025-03-17T15:24:19.091899+00:00,2025-03-18T15:24:19.091899+00:00,5382.679205,5383.251739,5339.480409,5340.048408,5084,synthetic
495512552,2025-03-18T15:24:19.091899+00:00,2025-03-19T15:24:19.091899+00:00,5340.048408,5344.998292,5321.897591,5326.835228,5091,synthetic
495512552,2025-03-19T15:24:19.091899+00:00,2025-03-20T15:24:19.091899+00:00,5326.835228,5356.833811,5323.557912,5353.540064,5098,synthetic
495512552,2025-03-20T15:24:19.091899+00:00,2025-03-21T15:24:19.091899+00:00,5353.540064,5379.361004,5350.385915,5376.193507,5105,synthetic
495512552,2025-03-21T15:24:19.091899+00:00,2025-03-22T15:24:19.091899+00:00,5376.193507,5390.274126,5371.146893,5385.21904,5112,synthetic
495512552,2025-03-22T15:24:19.091899+00:00,2025-03-23T15:24:19.091899+00:00,5385.21904,5394.049339,5384.821428,5393.651104,5119,synthetic
495512552,2025-03-23T15:24:19.091899+00:00,2025-03-24T15:24:19.091899+00:00,5393.651104,5398.932733,5374.194496,5379.462231,5126,synthetic
495512552,2025-03-24T15:24:19.091899+00:00,2025-03-25T15:24:19.091899+00:00,5379.462231,5381.956989,5336.751744,5339.227843,5133,synthetic
495512552,2025-03-25T15:24:19.091899+00:00,2025-03-26T15:24:19.091899+00:00,5339.227843,5343.096821,5321.273764,5325.132528,5140,synthetic
495512552,2025-03-26T15:24:19.091899+00:00,2025-03-27T15:24:19.091899+00:00,5325.132528,5359.911106,5320.544536,5355.297125,5147,synthetic
495512552,2025-03-27T15:24:19.091899+00:00,2025-03-28T15:24:19.091899+00:00,5355.297125,5384.224307,5353.949542,5382.869786,5154,synthetic
495512552,2025-03-28T15:24:19.091899+00:00,2025-03-29T15:24:19.091899+00:00,5382.869786,5392.939576,5377.488427,5387.553535,5161,synthetic
495512552,2025-03-29T15:24:19.091899+00:00,2025-03-30T15:24:19.091899+00:00,5387.553535,5390.035716,5385.952342,5388.434261,5168,synthetic
495512552,2025-03-30T15:24:19.091899+00:00,2025-03-31T15:24:19.091899+00:00,5388.434261,5392.941996,5370.813454,5375.31021,5175,synthetic
495512552,2025-03-31T15:24:19.091899+00:00,2025-04-01T15:24:19.091899+00:00,5375.31021,5379.376448,5335.100351,5339.139227,5182,synthetic
495512552,2025-04-01T15:24:19.091899+00:00,2025-04-02T15:24:19.091899+00:00,5339.139227,5341.388413,5322.495333,5324.738453,5189,synthetic
495512552,2025-04-02T15:24:19.091899+00:00,2025-04-03T15:24:19.091899+00:00,5324.738453,5362.052622,5319.479016,5356.761554,5196,synthetic
495512552,2025-04-03T15:24:19.091899+00:00,2025-04-04T15:24:19.091899+00:00,5356.761554,5389.466434,5356.113411,5388.814412,5203,synthetic
495512552,2025-04-04T15:24:19.091899+00:00,2025-04-05T15:24:19.091899+00:00,5388.814412,5395.072622,5383.849639,5390.106659,5210,synthetic
495512552,2025-04-05T15:24:19.091899+00:00,2025-04-06T15:24:19.091899+00:00,5390.106659,5393.485111,5379.613533,5382.987523,5217,synthetic
495512552,2025-04-06T15:24:19.091899+00:00,2025-04-07T15:24:19.091899+00:00,5382.987523,5386.094634,5367.186842,5370.286622,5224,synthetic
495512552,2025-04-07T15:24:19.091899+00:00,2025-04-08T15:24:19.091899+00:00,5370.286622,5375.354406,5334.543494,5339.582303,5231,synthetic
495512552,2025-04-08T15:24:19.091899+00:00,2025-04-09T15:24:19.091899+00:00,5339.582303,5339.898094,5325.429533,5325.744505,5238,synthetic
495512552,2025-04-09T15:24:19.091899+00:00,2025-04-10T15:24:19.091899+00:00,5325.744505,5363.308531,5320.545837,5358.078301,5245,synthetic
495512552,2025-04-10T15:24:19.091899+00:00,2025-04-11T15:24:19.091899+00:00,5358.078301,5396.345232,5355.523831,5393.773744,5252,synthetic
495512552,2025-04-11T15:24:19.091899+00:00,2025-04-12T15:24:19.091899+00:00,5393.773744,5397.627092,5388.861055,5392.713645,5259,synthetic
495512552,2025-04-12T15:24:19.091899+00:00,2025-04-13T15:24:19.091899+00:00,5392.713645,5397.399669,5372.925458,5377.598347,5266,synthetic
495512552,2025-04-13T15:24:19.091899+00:00,2025-04-14T15:24:19.091899+00:00,5377.598347,5378.87476,5363.259338,5364.53265,5273,synthetic
495512552,2025-04-14T15:24:19.091899+00:00,2025-04-15T15:24:19.091899+00:00,5364.53265,5369.893223,5335.005426,5340.341826,5280,synthetic
495512552,2025-04-15T15:24:19.091899+00:00,2025-04-16T15:24:19.091899+00:00,5340.341826,5342.003898,5326.498593,5328.156872,5287,synthetic
495512552,2025-04-16T15:24:19.091899+00:00,2025-04-17T15:24:19.091899+00:00,5328.156872,5363.861765,5323.743029,5359.422022,5294,synthetic
495512552,2025-04-17T15:24:19.091899+00:00,2025-04-18T15:24:19.091899+00:00,5359.422022,5401.69681,5355.316629,5397.562201,5301,synthetic
495512552,2025-04-18T15:24:19.091899+00:00,2025-04-19T15:24:19.091899+00:00,5397.562201,5399.763672,5392.963086,5395.163579,5308,synthetic
495512552,2025-04-19T15:24:19.091899+00:00,2025-04-20T15:24:19.091899+00:00,5395.163579,5400.504403,5367.200788,5372.519196,5315,synthetic
495512552,2025-04-20T15:24:19.091899+00:00,2025-04-21T15:24:19.091899+00:00,5372.519196,5373.247703,5357.533526,5358.2601,5322,synthetic
495512552,2025-04-21T15:24:19.091899+00:00,2025-04-22T15:24:19.091899+00:00,5358.2601,5363.165509,5336.320263,5341.210064,5329,synthetic
495512552,2025-04-22T15:24:19.091899+00:00,2025-04-23T15:24:19.091899+00:00,5341.210064,5344.618787,5328.491356,5331.894134,5336,synthetic
495512552,2025-04-23T15:24:19.091899+00:00,2025-04-24T15:24:19.091899+00:00,5331.894134,5364.005711,5328.88096,5360.976102,5343,synthetic
495512552,2025-04-24T15:24:19.091899+00:00,2025-04-25T15:24:19.091899+00:00,5360.976102,5405.195882,5355.891533,5400.074231,5350,synthetic
495512552,2025-04-25T15:24:19.091899+00:00,2025-04-26T15:24:19.091899+00:00,5400.074231,5400.31419,5396.978089,5397.217921,5357,synthetic
495512552,2025-04-26T15:24:19.091899+00:00,2025-04-27T15:24:19.091899+00:00,5397.217921,5402.468529,5362.726911,5367.949045,5364,synthetic
495512552,2025-04-27T15:24:19.091899+00:00,2025-04-28T15:24:19.091899+00:00,5367.949045,5370.577424,5349.117449,5351.73789,5371,synthetic
495512552,2025-04-28T15:24:19.091899+00:00,2025-04-29T15:24:19.091899+00:00,5351.73789,5355.505652,5338.247064,5342.007976,5378,synthetic
495512552,2025-04-29T15:24:19.091899+00:00,2025-04-30T15:24:19.091899+00:00,5342.007976,5346.688363,5332.11631,5336.792127,5385,synthetic
495512552,2025-04-30T15:24:19.091899+00:00,2025-05-01T15:24:19.091899+00:00,5336.792127,5364.106767,5335.601874,5362.910688,5392,synthetic
495512552,2025-05-01T15:24:19.091899+00:00,2025-05-02T15:24:19.091899+00:00,5362.910688,5406.683219,5357.55535,5401.289555,5399,synthetic
495512552,2025-05-02T15:24:19.091899+00:00,2025-05-03T15:24:19.091899+00:00,5401.289555,5403.045995,5396.876693,5398.632269,5406,synthetic
495512552,2025-05-03T15:24:19.091899+00:00,2025-05-04T15:24:19.091899+00:00,5398.632269,5403.059482,5359.621333,5364.020162,5413,synthetic
495512552,2025-05-04T15:24:19.091899+00:00,2025-05-05T15:24:19.091899+00:00,5364.020162,5368.179404,5341.128509,5345.273215,5420,synthetic
495512552,2025-05-05T15:24:19.091899+00:00,2025-05-06T15:24:19.091899+00:00,5345.273215,5347.381259,5340.496129,5342.60312,5427,synthetic
495512552,2025-05-06T15:24:19.091899+00:00,2025-05-07T15:24:19.091899+00:00,5342.60312,5347.914964,5337.303763,5342.615594,5434,synthetic
495512552,2025-05-07T15:24:19.091899+00:00,2025-05-08T15:24:19.091899+00:00,5342.615594,5366.167545,5341.813279,5365.361814,5441,synthetic
495512552,2025-05-08T15:24:19.091899+00:00,2025-05-09T15:24:19.091899+00:00,5365.361814,5406.183526,5360.482223,5401.271276,5448,synthetic
495512552,2025-05-09T15:24:19.091899+00:00,2025-05-10T15:24:19.091899+00:00,5401.271276,5404.779185,5395.672835,5399.179386,5455,synthetic
495512552,2025-05-10T15:24:19.091899+00:00,2025-05-11T15:24:19.091899+00:00,5399.179386,5402.164665,5357.827197,5360.79125,5462,synthetic
495512552,2025-05-11T15:24:19.091899+00:00,2025-05-12T15:24:19.091899+00:00,5360.79125,5365.900111,5334.100716,5339.18899,5469,synthetic
495512552,2025-05-12T15:24:19.091899+00:00,2025-05-13T15:24:19.091899+00:00,5339.18899,5343.081447,5339.030302,5342.922648,5476,synthetic
495512552,2025-05-13T15:24:19.091899+00:00,2025-05-14T15:24:19.091899+00:00,5342.922648,5354.260588,5337.743636,5349.075613,5483,synthetic
495512552,2025-05-14T15:24:19.091899+00:00,2025-05-15T15:24:19.091899+00:00,5349.075613,5371.110827,5346.388084,5368.413582,5490,synthetic
495512552,2025-05-15T15:24:19.091899+00:00,2025-05-16T15:24:19.091899+00:00,5368.413582,5403.902066,5364.690627,5400.157098,5497,synthetic
495512552,2025-05-16T15:24:19.091899+00:00,2025-05-17T15:24:19.091899+00:00,5400.157098,5404.926249,5393.903588,5398.671427,5504,synthetic
495512552,2025-05-17T15:24:19.091899+00:00,2025-05-18T15:24:19.091899+00:00,5398.671427,5399.797859,5357.129496,5358.247494,5511,synthetic
495512552,2025-05-18T15:24:19.091899+00:00,2025-05-19T15:24:19.091899+00:00,5358.247494,5363.593405,5328.477984,5333.799503,5518,synthetic
495512552,2025-05-19T15:24:19.091899+00:00,2025-05-20T15:24:19.091899+00:00,5333.799503,5344.771877,5331.990929,5342.960196,5525,synthetic
495512552,2025-05-20T15:24:19.091899+00:00,2025-05-21T15:24:19.091899+00:00,5342.960196,5360.197839,5338.624135,5355.851317,5532,synthetic
495512552,2025-05-21T15:24:19.091899+00:00,2025-05-22T15:24:19.091899+00:00,5355.851317,5376.300107,5351.649059,5372.085112,5539,synthetic
495512552,2025-05-22T15:24:19.091899+00:00,2025-05-23T15:24:19.091899+00:00,5372.085112,5400.200124,5370.039413,5398.144502,5546,synthetic
495512552,2025-05-23T15:24:19.091899+00:00,2025-05-24T15:24:19.091899+00:00,5398.144502,5403.508463,5391.616507,5396.979311,5553,synthetic
495512552,2025-05-24T15:24:19.091899+00:00,2025-05-25T15:24:19.091899+00:00,5396.979311,5397.868269,5355.425135,5356.307394,5560,synthetic
495512552,2025-05-25T15:24:19.091899+00:00,2025-05-26T15:24:19.091899+00:00,5356.307394,5361.14543,5324.572664,5329.386383,5567,synthetic
495512552,2025-05-26T15:24:19.091899+00:00,2025-05-27T15:24:19.091899+00:00,5329.386383,5346.305418,5325.865865,5342.776054,5574,synthetic
495512552,2025-05-27T15:24:19.091899+00:00,2025-05-28T15:24:19.091899+00:00,5342.776054,5365.512978,5339.887833,5362.614033,5581,synthetic
495512552,2025-05-28T15:24:19.091899+00:00,2025-05-29T15:24:19.091899+00:00,5362.614033,5381.470619,5357.480067,5376.323527,5588,synthetic
495512552,2025-05-29T15:24:19.091899+00:00,2025-05-30T15:24:19.091899+00:00,5376.323527,5395.55218,5376.242883,5395.471249,5595,synthetic
495512552,2025-05-30T15:24:19.091899+00:00,2025-05-31T15:24:19.091899+00:00,5395.471249,5400.681102,5388.838995,5394.047473,5602,synthetic
495512552,2025-05-31T15:24:19.091899+00:00,2025-06-01T15:24:19.091899+00:00,5394.047473,5396.825976,5352.077385,5354.83569,5609,synthetic
495512552,2025-06-01T15:24:19.091899+00:00,2025-06-02T15:24:19.091899+00:00,5354.83569,5358.492019,5322.540201,5326.176961,5616,synthetic
495512552,2025-06-02T15:24:19.091899+00:00,2025-06-03T15:24:19.091899+00:00,5326.176961,5347.245215,5321.436866,5342.490602,5623,synthetic
495512552,2025-06-03T15:24:19.091899+00:00,2025-06-04T15:24:19.091899+00:00,5342.490602,5370.094551,5341.452948,5369.051737,5630,synthetic
495512552,2025-06-04T15:24:19.091899+00:00,2025-06-05T15:24:19.091899+00:00,5369.051737,5386.366362,5363.700989,5381.003703,5637,synthetic
495512552,2025-06-05T15:24:19.091899+00:00,2025-06-06T15:24:19.091899+00:00,5381.003703,5394.295932,5379.104781,5392.392991,5644,synthetic
495512552,2025-06-06T15:24:19.091899+00:00,2025-06-07T15:24:19.091899+00:00,5392.392991,5396.722301,5385.575298,5389.902609,5651,synthetic
495512552,2025-06-07T15:24:19.091899+00:00,2025-06-08T15:24:19.091899+00:00,5389.902609,5394.18033,5349.412143,5353.661101,5658,synthetic
495512552,2025-06-08T15:24:19.091899+00:00,2025-06-09T15:24:19.091899+00:00,5353.661101,5355.626671,5322.372105,5324.326905,5665,synthetic
495512552,2025-06-09T15:24:19.091899+00:00,2025-06-10T15:24:19.091899+00:00,5324.326905,5347.588324,5319.028058,5342.271619,5672,synthetic
495512552,2025-06-10T15:24:19.091899+00:00,2025-06-11T15:24:19.091899+00:00,5342.271619,5375.855037,5341.314179,5374.89175,5679,synthetic
495512552,2025-06-11T15:24:19.091899+00:00,2025-06-12T15:24:19.091899+00:00,5374.89175,5390.76512,5370.071418,5385.934883,5686,synthetic
495512552,2025-06-12T15:24:19.091899+00:00,2025-06-13T15:24:19.091899+00:00,5385.934883,5392.779228,5382.317856,5389.160035,5693,synthetic
495512552,2025-06-13T15:24:19.091899+00:00,2025-06-14T15:24:19.091899+00:00,5389.160035,5392.006255,5381.811703,5384.655545,5700,synthetic
495512552,2025-06-14T15:24:19.091899+00:00,2025-06-15T15:24:19.091899+00:00,5384.655545,5389.832959,5347.450602,5352.597192,5707,synthetic
495512552,2025-06-15T15:24:19.091899+00:00,2025-06-16T15:24:19.091899+00:00,5352.597192,5352.598665,5323.907171,5323.908637,5714,synthetic
495512552,2025-06-16T15:24:19.091899+00:00,2025-06-17T15:24:19.091899+00:00,5323.908637,5347.454159,5318.788827,5342.316647,5721,synthetic
495512552,2025-06-17T15:24:19.091899+00:00,2025-06-18T15:24:19.091899+00:00,5342.316647,5382.758527,5339.497664,5379.919703,5728,synthetic
495512552,2025-06-18T15:24:19.091899+00:00,2025-06-19T15:24:19.091899+00:00,5379.919703,5394.496211,5376.304521,5390.873668,5735,synthetic
495512552,2025-06-19T15:24:19.091899+00:00,2025-06-20T15:24:19.091899+00:00,5390.873668,5395.70702,5381.166348,5385.995326,5742,synthetic
495512552,2025-06-20T15:24:19.091899+00:00,2025-06-21T15:24:19.091899+00:00,5385.995326,5386.963521,5377.529169,5378.496015,5749,synthetic
495512552,2025-06-21T15:24:19.091899+00:00,2025-06-22T15:24:19.091899+00:00,5378.496015,5383.84906,5346.138252,5351.464393,5756,synthetic
495512552,2025-06-22T15:24:19.091899+00:00,2025-06-23T15:24:19.091899+00:00,5351.464393,5353.426415,5322.954235,5324.90652,5763,synthetic
495512552,2025-06-23T15:24:19.091899+00:00,2025-06-24T15:24:19.091899+00:00,5324.90652,5347.074186,5320.6786,5342.832033,5770,synthetic
495512552,2025-06-24T15:24:19.091899+00:00,2025-06-25T15:24:19.091899+00:00,5342.832033,5388.313988,5338.544268,5383.99319,5777,synthetic
495512552,2025-06-25T15:24:19.091899+00:00,2025-06-26T15:24:19.091899+00:00,5383.99319,5397.449103,5382.090439,5395.54227,5784,synthetic
495512552,2025-06-26T15:24:19.091899+00:00,2025-06-27T15:24:19.091899+00:00,5395.54227,5400.919173,5377.711171,5383.07565,5791,synthetic
495512552,2025-06-27T15:24:19.091899+00:00,2025-06-28T15:24:19.091899+00:00,5383.07565,5384.118279,5370.640279,5371.680702,5798,synthetic
495512552,2025-06-28T15:24:19.091899+00:00,2025-06-29T15:24:19.091899+00:00,5371.680702,5376.462641,5345.348362,5350.1111,5805,synthetic
495512552,2025-06-29T15:24:19.091899+00:00,2025-06-30T15:24:19.091899+00:00,5350.1111,5353.762049,5323.583897,5327.219225,5812,synthetic
495512552,2025-06-30T15:24:19.091899+00:00,2025-07-01T15:24:19.091899+00:00,5327.219225,5346.765848,5324.472632,5344.010598,5819,synthetic
495512552,2025-07-01T15:24:19.091899+00:00,2025-07-02T15:24:19.091899+00:00,5344.010598,5392.24992,5338.851201,5387.048972,5826,synthetic
495512552,2025-07-02T15:24:19.091899+00:00,2025-07-03T15:24:19.091899+00:00,5387.048972,5399.728491,5386.971133,5399.65047,5833,synthetic
495512552,2025-07-03T15:24:19.091899+00:00,2025-07-04T15:24:19.091899+00:00,5399.65047,5404.820751,5375.365726,5380.517688,5840,synthetic
495512552,2025-07-04T15:24:19.091899+00:00,2025-07-05T15:24:19.091899+00:00,5380.517688,5383.423818,5361.618054,5364.515541,5847,synthetic
495512552,2025-07-05T15:24:19.091899+00:00,2025-07-06T15:24:19.091899+00:00,5364.515541,5368.061483,5344.896557,5348.431867,5854,synthetic
495512552,2025-07-06T15:24:19.091899+00:00,2025-07-07T15:24:19.091899+00:00,5348.431867,5353.261525,5325.855423,5330.66904,5861,synthetic
495512552,2025-07-07T15:24:19.091899+00:00,2025-07-08T15:24:19.091899+00:00,5330.66904,5346.89346,5329.788109,5346.009993,5868,synthetic
495512552,2025-07-08T15:24:19.091899+00:00,2025-07-09T15:24:19.091899+00:00,5346.009993,5394.458497,5340.697506,5389.103187,5875,synthetic
495512552,2025-07-09T15:24:19.091899+00:00,2025-07-10T15:24:19.091899+00:00,5389.103187,5404.974034,5387.053753,5402.919346,5882,synthetic
495512552,2025-07-10T15:24:19.091899+00:00,2025-07-11T15:24:19.091899+00:00,5402.919346,5407.160378,5374.148411,5378.370173,5889,synthetic
495512552,2025-07-11T15:24:19.091899+00:00,2025-07-12T15:24:19.091899+00:00,5378.370173,5382.733239,5352.987776,5357.333777,5896,synthetic
495512552,2025-07-12T15:24:19.091899+00:00,2025-07-13T15:24:19.091899+00:00,5357.333777,5359.153107,5344.56537,5346.38098,5903,synthetic
495512552,2025-07-13T15:24:19.091899+00:00,2025-07-14T15:24:19.091899+00:00,5346.38098,5351.714851,5329.694762,5335.017296,5910,synthetic
495512552,2025-07-14T15:24:19.091899+00:00,2025-07-15T15:24:19.091899+00:00,5335.017296,5350.046958,5333.907018,5348.933784,5917,synthetic
495512552,2025-07-15T15:24:19.091899+00:00,2025-07-16T15:24:19.091899+00:00,5348.933784,5395.006443,5344.20849,5390.244654,5924,synthetic
495512552,2025-07-16T15:24:19.091899+00:00,2025-07-17T15:24:19.091899+00:00,5390.244654,5408.85096,5386.508699,5405.104706,5931,synthetic
495512552,2025-07-17T15:24:19.091899+00:00,2025-07-18T15:24:19.091899+00:00,5405.104706,5407.822958,5373.908857,5376.61278,5938,synthetic
495512552,2025-07-18T15:24:19.091899+00:00,2025-07-19T15:24:19.091899+00:00,5376.61278,5381.82372,5345.286033,5350.471637,5945,synthetic
495512552,2025-07-19T15:24:19.091899+00:00,2025-07-20T15:24:19.091899+00:00,5350.471637,5350.627715,5343.824224,5343.980113,5952,synthetic
495512552,2025-07-20T15:24:19.091899+00:00,2025-07-21T15:24:19.091899+00:00,5343.980113,5349.073844,5334.894588,5339.98451,5959,synthetic
495512552,2025-07-21T15:24:19.091899+00:00,2025-07-22T15:24:19.091899+00:00,5339.98451,5355.774217,5337.034412,5352.817029,5966,synthetic
495512552,2025-07-22T15:24:19.091899+00:00,2025-07-23T15:24:19.091899+00:00,5352.817029,5394.125203,5349.338348,5390.621953,5973,synthetic
495512552,2025-07-23T15:24:19.091899+00:00,2025-07-24T15:24:19.091899+00:00,5390.621953,5410.933449,5385.720624,5406.01812,5980,synthetic
495512552,2025-07-24T15:24:19.091899+00:00,2025-07-25T15:24:19.091899+00:00,5406.01812,5406.8329,5374.351677,5375.161806,5987,synthetic
495512552,2025-07-25T15:24:19.091899+00:00,2025-07-26T15:24:19.091899+00:00,5375.161806,5380.493833,5338.942355,5344.243712,5994,synthetic
495512552,2025-07-26T15:24:19.091899+00:00,2025-07-27T15:24:19.091899+00:00,5344.243712,5346.348646,5339.215535,5341.319317,6001,synthetic
495512552,2025-07-27T15:24:19.091899+00:00,2025-07-28T15:24:19.091899+00:00,5341.319317,5349.420051,5337.17582,5345.273487,6008,synthetic
495512552,2025-07-28T15:24:19.091899+00:00,2025-07-29T15:24:19.091899+00:00,5345.273487,5362.009643,5340.891717,5357.617753,6015,synthetic
495512552,2025-07-29T15:24:19.091899+00:00,2025-07-30T15:24:19.091899+00:00,5357.617753,5392.18126,5355.872725,5390.425546,6022,synthetic
495512552,2025-07-30T15:24:19.091899+00:00,2025-07-31T15:24:19.091899+00:00,5390.425546,5410.941461,5385.04289,5405.543709,6029,synthetic
495512552,2025-07-31T15:24:19.091899+00:00,2025-08-01T15:24:19.091899+00:00,5405.543709,5406.746394,5372.686408,5373.882048,6036,synthetic
495512552,2025-08-01T15:24:19.091899+00:00,2025-08-02T15:24:19.091899+00:00,5373.882048,5378.591788,5334.241053,5338.920152,6043,synthetic
495512552,2025-08-02T15:24:19.091899+00:00,2025-08-03T15:24:19.091899+00:00,5338.920152,5342.676801,5334.794812,5338.551202,6050,synthetic
495512552,2025-08-03T15:24:19.091899+00:00,2025-08-04T15:24:19.091899+00:00,5338.551202,5353.215765,5335.934655,5350.593316,6057,synthetic
495512552,2025-08-04T15:24:19.091899+00:00,2025-08-05T15:24:19.091899+00:00,5350.593316,5368.432022,5345.388749,5363.215178,6064,synthetic
495512552,2025-08-05T15:24:19.091899+00:00,2025-08-06T15:24:19.091899+00:00,5363.215178,5390.103156,5362.979807,5389.866616,6071,synthetic
495512552,2025-08-06T15:24:19.091899+00:00,2025-08-07T15:24:19.091899+00:00,5389.866616,5408.775142,5384.753706,5403.649158,6078,synthetic
495512552,2025-08-07T15:24:19.091899+00:00,2025-08-08T15:24:19.091899+00:00,5403.649158,5406.700427,5369.570011,5372.60375,6085,synthetic
495512552,2025-08-08T15:24:19.091899+00:00,2025-08-09T15:24:19.091899+00:00,5372.60375,5376.034785,5331.300795,5334.70763,6092,synthetic
495512552,2025-08-09T15:24:19.091899+00:00,2025-08-10T15:24:19.091899+00:00,5334.70763,5340.762528,5329.824965,5335.878791,6099,synthetic
495512552,2025-08-10T15:24:19.091899+00:00,2025-08-11T15:24:19.091899+00:00,5335.878791,5356.411323,5335.152342,5355.682178,6106,synthetic
495512552,2025-08-11T15:24:19.091899+00:00,2025-08-12T15:24:19.091899+00:00,5355.682178,5374.730709,5350.38002,5369.414956,6113,synthetic
495512552,2025-08-12T15:24:19.091899+00:00,2025-08-13T15:24:19.091899+00:00,5369.414956,5391.349932,5367.227665,5389.1546,6120,synthetic
495512552,2025-08-13T15:24:19.091899+00:00,2025-08-14T15:24:19.091899+00:00,5389.1546,5404.528663,5385.024524,5400.389977,6127,synthetic
495512552,2025-08-14T15:24:19.091899+00:00,2025-08-15T15:24:19.091899+00:00,5400.389977,5404.861991,5366.695192,5371.142987,6134,synthetic
495512552,2025-08-15T15:24:19.091899+00:00,2025-08-16T15:24:19.091899+00:00,5371.142987,5372.817455,5330.073499,5331.735681,6141,synthetic
495512552,2025-08-16T15:24:19.091899+00:00,2025-08-17T15:24:19.091899+00:00,5331.735681,5338.867598,5326.407994,5333.538109,6148,synthetic
495512552,2025-08-17T15:24:19.091899+00:00,2025-08-18T15:24:19.091899+00:00,5333.538109,5361.596401,5332.275008,5360.326955,6155,synthetic
495512552,2025-08-18T15:24:19.091899+00:00,2025-08-19T15:24:19.091899+00:00,5360.326955,5380.63399,5355.667614,5375.961059,6162,synthetic
495512552,2025-08-19T15:24:19.091899+00:00,2025-08-20T15:24:19.091899+00:00,5375.961059,5392.322992,5372.122509,5388.475507,6169,synthetic
495512552,2025-08-20T15:24:19.091899+00:00,2025-08-21T15:24:19.091899+00:00,5388.475507,5398.481701,5385.903937,5395.906585,6176,synthetic
495512552,2025-08-21T15:24:19.091899+00:00,2025-08-22T15:24:19.091899+00:00,5395.906585,5401.173095,5364.083024,5369.323588,6183,synthetic
495512552,2025-08-22T15:24:19.091899+00:00,2025-08-23T15:24:19.091899+00:00,5369.323588,5369.638186,5329.737271,5330.049568,6190,synthetic
495512552,2025-08-23T15:24:19.091899+00:00,2025-08-24T15:24:19.091899+00:00,5330.049568,5336.809469,5325.018785,5331.777055,6197,synthetic
495512552,2025-08-24T15:24:19.091899+00:00,2025-08-25T15:24:19.091899+00:00,5331.777055,5367.471922,5328.701901,5364.377966,6204,synthetic
495512552,2025-08-25T15:24:19.091899+00:00,2025-08-26T15:24:19.091899+00:00,5364.377966,5385.929363,5361.013339,5382.553336,6211,synthetic
495512552,2025-08-26T15:24:19.091899+00:00,2025-08-27T15:24:19.091899+00:00,5382.553336,5392.935841,5377.595485,5387.972998,6218,synthetic
495512552,2025-08-27T15:24:19.091899+00:00,2025-08-28T15:24:19.091899+00:00,5387.972998,5391.069611,5387.318133,5390.414449,6225,synthetic
495512552,2025-08-28T15:24:19.091899+00:00,2025-08-29T15:24:19.091899+00:00,5390.414449,5395.73922,5361.69687,5366.99851,6232,synthetic
495512552,2025-08-29T15:24:19.091899+00:00,2025-08-30T15:24:19.091899+00:00,5366.99851,5369.256752,5327.367706,5329.610216,6239,synthetic
495512552,2025-08-30T15:24:19.091899+00:00,2025-08-31T15:24:19.091899+00:00,5329.610216,5334.866966,5325.57663,5330.832455,6246,synthetic
495512552,2025-08-31T15:24:19.091899+00:00,2025-09-01T15:24:19.091899+00:00,5330.832455,5372.246395,5326.374516,5367.757577,6253,synthetic
495512552,2025-09-01T15:24:19.091899+00:00,2025-09-02T15:24:19.091899+00:00,5367.757577,5390.473691,5366.159445,5388.869274,6260,synthetic
495512552,2025-09-02T15:24:19.091899+00:00,2025-09-03T15:24:19.091899+00:00,5388.869274,5394.256559,5382.347846,5387.733996,6267,synthetic
495512552,2025-09-03T15:24:19.091899+00:00,2025-09-04T15:24:19.091899+00:00,5387.733996,5389.08687,5382.836134,5384.188117,6274,synthetic
495512552,2025-09-04T15:24:19.091899+00:00,2025-09-05T15:24:19.091899+00:00,5384.188117,5388.828494,5359.445617,5364.068654,6281,synthetic
495512552,2025-09-05T15:24:19.091899+00:00,2025-09-06T15:24:19.091899+00:00,5364.068654,5367.953596,5326.440681,5330.301167,6288,synthetic
495512552,2025-09-06T15:24:19.091899+00:00,2025-09-07T15:24:19.091899+00:00,5330.301167,5333.382215,5327.826608,5330.907375,6295,synthetic
495512552,2025-09-07T15:24:19.091899+00:00,2025-09-08T15:24:19.091899+00:00,5330.907375,5375.720325,5325.687782,5370.462004,6302,synthetic
495512552,2025-09-08T15:24:19.091899+00:00,2025-09-09T15:24:19.091899+00:00,5370.462004,5394.983431,5370.068431,5394.58809,6309,synthetic
495512552,2025-09-09T15:24:19.091899+00:00,2025-09-10T15:24:19.091899+00:00,5394.58809,5399.652994,5382.721608,5387.78012,6316,synthetic
495512552,2025-09-10T15:24:19.091899+00:00,2025-09-11T15:24:19.091899+00:00,5387.78012,5390.952045,5374.37461,5377.540506,6323,synthetic
495512552,2025-09-11T15:24:19.091899+00:00,2025-09-12T15:24:19.091899+00:00,5377.540506,5380.851353,5357.196976,5360.497329,6330,synthetic
495512552,2025-09-12T15:24:19.091899+00:00,2025-09-13T15:24:19.091899+00:00,5360.497329,5365.46506,5327.000588,5331.941855,6337,synthetic
495512552,2025-09-13T15:24:19.091899+00:00,2025-09-14T15:24:19.091899+00:00,5331.941855,5332.720818,5331.371799,5332.150739,6344,synthetic
495512552,2025-09-14T15:24:19.091899+00:00,2025-09-15T15:24:19.091899+00:00,5332.150739,5377.850479,5326.89631,5372.556233,6351,synthetic
495512552,2025-09-15T15:24:19.091899+00:00,2025-09-16T15:24:19.091899+00:00,5372.556233,5401.758856,5370.224133,5399.415096,6358,synthetic
495512552,2025-09-16T15:24:19.091899+00:00,2025-09-17T15:24:19.091899+00:00,5399.415096,5403.449104,5384.040214,5388.065742,6365,synthetic
495512552,2025-09-17T15:24:19.091899+00:00,2025-09-18T15:24:19.091899+00:00,5388.065742,5392.614559,5366.265014,5370.799253,6372,synthetic
495512552,2025-09-18T15:24:19.091899+00:00,2025-09-19T15:24:19.091899+00:00,5370.799253,5372.322621,5354.799708,5356.318968,6379,synthetic
495512552,2025-09-19T15:24:19.091899+00:00,2025-09-20T15:24:19.091899+00:00,5356.318968,5361.675044,5328.971906,5334.30597,6386,synthetic
495512552,2025-09-20T15:24:19.091899+00:00,2025-09-21T15:24:19.091899+00:00,5334.30597,5336.056579,5332.890628,5334.641149,6393,synthetic
495512552,2025-09-21T15:24:19.091899+00:00,2025-09-22T15:24:19.091899+00:00,5334.641149,5378.753729,5330.083809,5374.162627,6400,synthetic
495512552,2025-09-22T15:24:19.091899+00:00,2025-09-23T15:24:19.091899+00:00,5374.162627,5407.071854,5370.216232,5403.104206,6407,synthetic
495512552,2025-09-23T15:24:19.091899+00:00,2025-09-24T15:24:19.091899+00:00,5403.104206,5405.541825,5386.051811,5388.482834,6414,synthetic
495512552,2025-09-24T15:24:19.091899+00:00,2025-09-25T15:24:19.091899+00:00,5388.482834,5393.774358,5359.014392,5364.28215,6421,synthetic
495512552,2025-09-25T15:24:19.091899+00:00,2025-09-26T15:24:19.091899+00:00,5364.28215,5364.754002,5351.170464,5351.641205,6428,synthetic
495512552,2025-09-26T15:24:19.091899+00:00,2025-09-27T15:24:19.091899+00:00,5351.641205,5356.638116,5332.159829,5337.143204,6435,synthetic
495512552,2025-09-27T15:24:19.091899+00:00,2025-09-28T15:24:19.091899+00:00,5337.143204,5341.582416,5333.937906,5338.376378,6442,synthetic
495512552,2025-09-28T15:24:19.091899+00:00,2025-09-29T15:24:19.091899+00:00,5338.376378,5378.691145,5335.151941,5375.444319,6449,synthetic
495512552,2025-09-29T15:24:19.091899+00:00,2025-09-30T15:24:19.091899+00:00,5375.444319,5410.515428,5370.433537,5405.476651,6456,synthetic
495512552,2025-09-30T15:24:19.091899+00:00,2025-10-01T15:24:19.091899+00:00,5405.476651,5405.975368,5388.374974,5388.872159,6463,synthetic
495512552,2025-10-01T15:24:19.091899+00:00,2025-10-02T15:24:19.091899+00:00,5388.872159,5394.168409,5353.007626,5358.273804,6470,synthetic
495512552,2025-10-02T15:24:19.091899+00:00,2025-10-03T15:24:19.091899+00:00,5358.273804,5360.67053,5344.248521,5346.640044,6477,synthetic
495512552,2025-10-03T15:24:19.091899+00:00,2025-10-04T15:24:19.091899+00:00,5346.640044,5350.58186,5336.265352,5340.202423,6484,synthetic
495512552,2025-10-04T15:24:19.091899+00:00,2025-10-05T15:24:19.091899+00:00,5340.202423,5347.822254,5335.652359,5343.269577,6491,synthetic
495512552,2025-10-05T15:24:19.091899+00:00,2025-10-06T15:24:19.091899+00:00,5343.269577,5378.033937,5341.829628,5376.58501,6498,synthetic
495512552,2025-10-06T15:24:19.091899+00:00,2025-10-07T15:24:19.091899+00:00,5376.58501,5411.840644,5371.208498,5406.434283,6505,synthetic
495512552,2025-10-07T15:24:19.091899+00:00,2025-10-08T15:24:19.091899+00:00,5406.434283,5407.945361,5387.533558,5389.039775,6512,synthetic
495512552,2025-10-08T15:24:19.091899+00:00,2025-10-09T15:24:19.091899+00:00,5389.039775,5393.601841,5348.473942,5353.005503,6519,synthetic
495512552,2025-10-09T15:24:19.091899+00:00,2025-10-10T15:24:19.091899+00:00,5353.005503,5356.989439,5337.573055,5341.548464,6526,synthetic
495512552,2025-10-10T15:24:19.091899+00:00,2025-10-11T15:24:19.091899+00:00,5341.548464,5345.594298,5339.20907,5343.254157,6533,synthetic
495512552,2025-10-11T15:24:19.091899+00:00,2025-10-12T15:24:19.091899+00:00,5343.254157,5354.419784,5337.992759,5349.152579,6540,synthetic
495512552,2025-10-12T15:24:19.091899+00:00,2025-10-13T15:24:19.091899+00:00,5349.152579,5378.318938,5348.603649,5377.767072,6547,synthetic
495512552,2025-10-13T15:24:19.091899+00:00,2025-10-14T15:24:19.091899+00:00,5377.767072,5410.984901,5372.77466,5405.96631,6554,synthetic
495512552,2025-10-14T15:24:19.091899+00:00,2025-10-15T15:24:19.091899+00:00,5405.96631,5409.276236,5385.477921,5388.777323,6561,synthetic
495512552,2025-10-15T15:24:19.091899+00:00,2025-10-16T15:24:19.091899+00:00,5388.777323,5391.968611,5345.472499,5348.640018,6568,synthetic
495512552,2025-10-16T15:24:19.091899+00:00,2025-10-17T15:24:19.091899+00:00,5348.640018,5353.653787,5331.63688,5336.6394,6575,synthetic
495512552,2025-10-17T15:24:19.091899+00:00,2025-10-18T15:24:19.091899+00:00,5336.6394,5346.525191,5336.225332,5346.110388,6582,synthetic
495512552,2025-10-18T15:24:19.091899+00:00,2025-10-19T15:24:19.091899+00:00,5346.110388,5361.034705,5340.871267,5355.786101,6589,synthetic
495512552,2025-10-19T15:24:19.091899+00:00,2025-10-20T15:24:19.091899+00:00,5355.786101,5381.62666,5353.320214,5379.150015,6596,synthetic
495512552,2025-10-20T15:24:19.091899+00:00,2025-10-21T15:24:19.091899+00:00,5379.150015,5408.07893,5375.238174,5404.148909,6603,synthetic
495512552,2025-10-21T15:24:19.091899+00:00,2025-10-22T15:24:19.091899+00:00,5404.148909,5408.794614,5383.252515,5387.884238,6610,synthetic
495512552,2025-10-22T15:24:19.091899+00:00,2025-10-23T15:24:19.091899+00:00,5387.884238,5389.259652,5343.898056,5345.26259,6617,synthetic
495512552,2025-10-23T15:24:19.091899+00:00,2025-10-24T15:24:19.091899+00:00,5345.26259,5350.606791,5326.873411,5332.204557,6624,synthetic
495512552,2025-10-24T15:24:19.091899+00:00,2025-10-25T15:24:19.091899+00:00,5332.204557,5350.210268,5330.639001,5348.639887,6631,synthetic
495512552,2025-10-25T15:24:19.091899+00:00,2025-10-26T15:24:19.091899+00:00,5348.639887,5367.373405,5344.154436,5362.876015,6638,synthetic
495512552,2025-10-26T15:24:19.091899+00:00,2025-10-27T15:24:19.091899+00:00,5362.876015,5384.908515,5358.832423,5380.851369,6645,synthetic
495512552,2025-10-27T15:24:19.091899+00:00,2025-10-28T15:24:19.091899+00:00,5380.851369,5403.431503,5378.566246,5401.137765,6652,synthetic
495512552,2025-10-28T15:24:19.091899+00:00,2025-10-29T15:24:19.091899+00:00,5401.137765,5406.46945,5380.87288,5386.18981,6659,synthetic
495512552,2025-10-29T15:24:19.091899+00:00,2025-10-30T15:24:19.091899+00:00,5386.18981,5386.821371,5342.252335,5342.878818,6666,synthetic
495512552,2025-10-30T15:24:19.091899+00:00,2025-10-31T15:24:19.091899+00:00,5342.878818,5347.809059,5323.613906,5328.530908,6673,synthetic
495512552,2025-10-31T15:24:19.091899+00:00,2025-11-01T15:24:19.091899+00:00,5328.530908,5354.115805,5325.206713,5350.777731,6680,synthetic
495512552,2025-11-01T15:24:19.091899+00:00,2025-11-02T15:24:19.091899+00:00,5350.777731,5373.210476,5347.672777,5370.094312,6687,synthetic
495512552,2025-11-02T15:24:19.091899+00:00,2025-11-03T15:24:19.091899+00:00,5370.094312,5388.004725,5365.033439,5382.931753,6694,synthetic
495512552,2025-11-03T15:24:19.091899+00:00,2025-11-04T15:24:19.091899+00:00,5382.931753,5397.49371,5382.593161,5397.154224,6701,synthetic
495512552,2025-11-04T15:24:19.091899+00:00,2025-11-05T15:24:19.091899+00:00,5397.154224,5402.426974,5378.313569,5383.573051,6708,synthetic
495512552,2025-11-05T15:24:19.091899+00:00,2025-11-06T15:24:19.091899+00:00,5383.573051,5386.121833,5338.890711,5341.419535,6715,synthetic
495512552,2025-11-06T15:24:19.091899+00:00,2025-11-07T15:24:19.091899+00:00,5341.419535,5345.249532,5322.058079,5325.876931,6722,synthetic
495512552,2025-11-07T15:24:19.091899+00:00,2025-11-08T15:24:19.091899+00:00,5325.876931,5357.169302,5321.258946,5352.528208,6729,synthetic
495512552,2025-11-08T15:24:19.091899+00:00,2025-11-09T15:24:19.091899+00:00,5352.528208,5378.398946,5351.23817,5377.102985,6736,synthetic
495512552,2025-11-09T15:24:19.091899+00:00,2025-11-10T15:24:19.091899+00:00,5377.102985,5390.767729,5371.72911,5385.385577,6743,synthetic
495512552,2025-11-10T15:24:19.091899+00:00,2025-11-11T15:24:19.091899+00:00,5385.385577,5394.125282,5383.728775,5392.466302,6750,synthetic
495512552,2025-11-11T15:24:19.091899+00:00,2025-11-12T15:24:19.091899+00:00,5392.466302,5396.944764,5375.510408,5379.978499,6757,synthetic
495512552,2025-11-12T15:24:19.091899+00:00,2025-11-13T15:24:19.091899+00:00,5379.978499,5384.086583,5336.674011,5340.752142,6764,synthetic
495512552,2025-11-13T15:24:19.091899+00:00,2025-11-14T15:24:19.091899+00:00,5340.752142,5342.948794,5322.260737,5324.450684,6771,synthetic
495512552,2025-11-14T15:24:19.091899+00:00,2025-11-15T15:24:19.091899+00:00,5324.450684,5359.258025,5319.182737,5353.960881,6778,synthetic
495512552,2025-11-15T15:24:19.091899+00:00,2025-11-16T15:24:19.091899+00:00,5353.960881,5384.288692,5353.254876,5383.57878,6785,synthetic
495512552,2025-11-16T15:24:19.091899+00:00,2025-11-17T15:24:19.091899+00:00,5383.57878,5393.079162,5378.642068,5388.138269,6792,synthetic
495512552,2025-11-17T15:24:19.091899+00:00,2025-11-18T15:24:19.091899+00:00,5388.138269,5391.561292,5383.9437,5387.366233,6799,synthetic
495512552,2025-11-18T15:24:19.091899+00:00,2025-11-19T15:24:19.091899+00:00,5387.366233,5390.427475,5372.371987,5375.426444,6806,synthetic
495512552,2025-11-19T15:24:19.091899+00:00,2025-11-20T15:24:19.091899+00:00,5375.426444,5380.518265,5335.638354,5340.697277,6813,synthetic
495512552,2025-11-20T15:24:19.091899+00:00,2025-11-21T15:24:19.091899+00:00,5340.697277,5340.954692,5324.135038,5324.391667,6820,synthetic
495512552,2025-11-21T15:24:19.091899+00:00,2025-11-22T15:24:19.091899+00:00,5324.391667,5360.414607,5319.207301,5355.200243,6827,synthetic
495512552,2025-11-22T15:24:19.091899+00:00,2025-11-23T15:24:19.091899+00:00,5355.200243,5391.857784,5352.595713,5389.2367,6834,synthetic
495512552,2025-11-23T15:24:19.091899+00:00,2025-11-24T15:24:19.091899+00:00,5389.2367,5394.860171,5385.428149,5391.050338,6841,synthetic
495512552,2025-11-24T15:24:19.091899+00:00,2025-11-25T15:24:19.091899+00:00,5391.050338,5395.763872,5377.440799,5382.146548,6848,synthetic
495512552,2025-11-25T15:24:19.091899+00:00,2025-11-26T15:24:19.091899+00:00,5382.146548,5383.36667,5368.799205,5370.016577,6855,synthetic
495512552,2025-11-26T15:24:19.091899+00:00,2025-11-27T15:24:19.091899+00:00,5370.016577,5375.380048,5335.714712,5341.049251,6862,synthetic
495512552,2025-11-27T15:24:19.091899+00:00,2025-11-28T15:24:19.091899+00:00,5341.049251,5342.767065,5324.045186,5325.758082,6869,synthetic
495512552,2025-11-28T15:24:19.091899+00:00,2025-11-29T15:24:19.091899+00:00,5325.758082,5360.814067,5321.379182,5356.409965,6876,synthetic
495512552,2025-11-29T15:24:19.091899+00:00,2025-11-30T15:24:19.091899+00:00,5356.409965,5398.019752,5352.269393,5393.850238,6883,synthetic
495512552,2025-11-30T15:24:19.091899+00:00,2025-12-01T15:24:19.091899+00:00,5393.850238,5396.073845,5391.704381,5393.927957,6890,synthetic
495512552,2025-12-01T15:24:19.091899+00:00,2025-12-02T15:24:19.091899+00:00,5393.927957,5399.275606,5371.745852,5377.076795,6897,synthetic
495512552,2025-12-02T15:24:19.091899+00:00,2025-12-03T15:24:19.091899+00:00,5377.076795,5377.864255,5363.139084,5363.924619,6904,synthetic
495512552,2025-12-03T15:24:19.091899+00:00,2025-12-04T15:24:19.091899+00:00,5363.924619,5368.811269,5336.732015,5341.598325,6911,synthetic
495512552,2025-12-04T15:24:19.091899+00:00,2025-12-05T15:24:19.091899+00:00,5341.598325,5345.052156,5325.075283,5328.520658,6918,synthetic
495512552,2025-12-05T15:24:19.091899+00:00,2025-12-06T15:24:19.091899+00:00,5328.520658,5360.752399,5325.557744,5357.77322,6925,synthetic
495512552,2025-12-06T15:24:19.091899+00:00,2025-12-07T15:24:19.091899+00:00,5357.77322,5402.404063,5352.673385,5397.266636,6932,synthetic
495512552,2025-12-07T15:24:19.091899+00:00,2025-12-08T15:24:19.091899+00:00,5397.266636,5397.447369,5396.358437,5396.539145,6939,synthetic
495512552,2025-12-08T15:24:19.091899+00:00,2025-12-09T15:24:19.091899+00:00,5396.539145,5401.775088,5367.170419,5372.382924,6946,synthetic
495512552,2025-12-09T15:24:19.091899+00:00,2025-12-10T15:24:19.091899+00:00,5372.382924,5375.064648,5354.7179,5357.392141,6953,synthetic
495512552,2025-12-10T15:24:19.091899+00:00,2025-12-11T15:24:19.091899+00:00,5357.392141,5361.121964,5338.43356,5342.152773,6960,synthetic
495512552,2025-12-11T15:24:19.091899+00:00,2025-12-12T15:24:19.091899+00:00,5342.152773,5346.861226,5327.863581,5332.563582,6967,synthetic
495512552,2025-12-12T15:24:19.091899+00:00,2025-12-13T15:24:19.091899+00:00,5332.563582,5360.608955,5331.431307,5359.470967,6974,synthetic
495512552,2025-12-13T15:24:19.091899+00:00,2025-12-14T15:24:19.091899+00:00,5359.470967,5404.804201,5354.122504,5399.415876,6981,synthetic
495512552,2025-12-14T15:24:19.091899+00:00,2025-12-15T15:24:19.091899+00:00,5399.415876,5401.227554,5396.822714,5398.63413,6988,synthetic
495512552,2025-12-15T15:24:19.091899+00:00,2025-12-16T15:24:19.091899+00:00,5398.63413,5403.027222,5363.862791,5368.231143,6995,synthetic
495512552,2025-12-16T15:24:19.091899+00:00,2025-12-17T15:24:19.091899+00:00,5368.231143,5372.430549,5346.524693,5350.710393,7002,synthetic
495512552,2025-12-17T15:24:19.091899+00:00,2025-12-18T15:24:19.091899+00:00,5350.710393,5352.766572,5340.505621,5342.558668,7009,synthetic
495512552,2025-12-18T15:24:19.091899+00:00,2025-12-19T15:24:19.091899+00:00,5342.558668,5347.865097,5332.390922,5337.692517,7016,synthetic
495512552,2025-12-19T15:24:19.091899+00:00,2025-12-20T15:24:19.091899+00:00,5337.692517,5362.523425,5336.833161,5361.660209,7023,synthetic
495512552,2025-12-20T15:24:19.091899+00:00,2025-12-21T15:24:19.091899+00:00,5361.660209,5405.199169,5356.808706,5400.312691,7030,synthetic
495512552,2025-12-21T15:24:19.091899+00:00,2025-12-22T15:24:19.091899+00:00,5400.312691,5403.864767,5396.416201,5399.96805,7037,synthetic
495512552,2025-12-22T15:24:19.091899+00:00,2025-12-23T15:24:19.091899+00:00,5399.96805,5402.904279,5361.800541,5364.717602,7044,synthetic
495512552,2025-12-23T15:24:19.091899+00:00,2025-12-24T15:24:19.091899+00:00,5364.717602,5369.847708,5339.088993,5344.199479,7051,synthetic
495512552,2025-12-24T15:24:19.091899+00:00,2025-12-25T15:24:19.091899+00:00,5344.199479,5344.299768,5342.615329,5342.71559,7058,synthetic
495512552,2025-12-25T15:24:19.091899+00:00,2025-12-26T15:24:19.091899+00:00,5342.71559,5348.814018,5337.551481,5343.649006,7065,synthetic
495512552,2025-12-26T15:24:19.091899+00:00,2025-12-27T15:24:19.091899+00:00,5343.649006,5367.200224,5340.913735,5364.454303,7072,synthetic
495512552,2025-12-27T15:24:19.091899+00:00,2025-12-28T15:24:19.091899+00:00,5364.454303,5403.753526,5360.776671,5400.051489,7079,synthetic
495512552,2025-12-28T15:24:19.091899+00:00,2025-12-29T15:24:19.091899+00:00,5400.051489,5405.120751,5395.254959,5400.323979,7086,synthetic
495512552,2025-12-29T15:24:19.091899+00:00,2025-12-30T15:24:19.091899+00:00,5400.323979,5401.392812,5360.803534,5361.864755,7093,synthetic
495512552,2025-12-30T15:24:19.091899+00:00,2025-12-31T15:24:19.091899+00:00,5361.864755,5367.209969,5332.86306,5338.184667,7100,synthetic
495512552,2025-12-31T15:24:19.091899+00:00,2026-01-01T15:24:19.091899+00:00,5338.184667,5344.45333,5336.319682,5342.586807,7107,synthetic
495512552,2026-01-01T15:24:19.091899+00:00,2026-01-02T15:24:19.091899+00:00,5342.586807,5354.437393,5338.285517,5350.13003,7114,synthetic
495512552,2026-01-02T15:24:19.091899+00:00,2026-01-03T15:24:19.091899+00:00,5350.13003,5372.155112,5345.896164,5367.907178,7121,synthetic
495512552,2026-01-03T15:24:19.091899+00:00,2026-01-04T15:24:19.091899+00:00,5367.907178,5400.795751,5365.917586,5398.79471,7128,synthetic
495512552,2026-01-04T15:24:19.091899+00:00,2026-01-05T15:24:19.091899+00:00,5398.79471,5404.905828,5393.423777,5399.53416,7135,synthetic
495512552,2026-01-05T15:24:19.091899+00:00,2026-01-06T15:24:19.091899+00:00,5399.53416,5400.481848,5358.68396,5359.624643,7142,synthetic
495512552,2026-01-06T15:24:19.091899+00:00,2026-01-07T15:24:19.091899+00:00,5359.624643,5364.44018,5328.180276,5332.971866,7149,synthetic
495512552,2026-01-07T15:24:19.091899+00:00,2026-01-08T15:24:19.091899+00:00,5332.971866,5345.775697,5329.405316,5342.202974,7156,synthetic
495512552,2026-01-08T15:24:19.091899+00:00,2026-01-09T15:24:19.091899+00:00,5342.202974,5359.657284,5339.364486,5356.811035,7163,synthetic
495512552,2026-01-09T15:24:19.091899+00:00,2026-01-10T15:24:19.091899+00:00,5356.811035,5377.162633,5351.665974,5372.002981,7170,synthetic
495512552,2026-01-10T15:24:19.091899+00:00,2026-01-11T15:24:19.091899+00:00,5372.002981,5396.777537,5371.981268,5396.755724,7177,synthetic
495512552,2026-01-11T15:24:19.091899+00:00,2026-01-12T15:24:19.091899+00:00,5396.755724,5402.693642,5391.560322,5397.497526,7184,synthetic
495512552,2026-01-12T15:24:19.091899+00:00,2026-01-13T15:24:19.091899+00:00,5397.497526,5400.328336,5355.078658,5357.888694,7191,synthetic
495512552,2026-01-13T15:24:19.091899+00:00,2026-01-14T15:24:19.091899+00:00,5357.888694,5361.503992,5325.228693,5328.824379,7198,synthetic
495512552,2026-01-14T15:24:19.091899+00:00,2026-01-15T15:24:19.091899+00:00,5328.824379,5346.439324,5324.055583,5341.659042,7205,synthetic
495512552,2026-01-15T15:24:19.091899+00:00,2026-01-16T15:24:19.091899+00:00,5341.659042,5364.354422,5340.679032,5363.370428,7212,synthetic
495512552,2026-01-16T15:24:19.091899+00:00,2026-01-17T15:24:19.091899+00:00,5363.370428,5382.005324,5358.030512,5376.652184,7219,synthetic
495512552,2026-01-17T15:24:19.091899+00:00,2026-01-18T15:24:19.091899+00:00,5376.652184,5396.136622,5374.699783,5394.177857,7226,synthetic
495512552,2026-01-18T15:24:19.091899+00:00,2026-01-19T15:24:19.091899+00:00,5394.177857,5398.487142,5389.882615,5394.191889,7233,synthetic
495512552,2026-01-19T15:24:19.091899+00:00,2026-01-20T15:24:19.091899+00:00,5394.191889,5398.508719,5352.216406,5356.503075,7240,synthetic
495512552,2026-01-20T15:24:19.091899+00:00,2026-01-21T15:24:19.091899+00:00,5356.503075,5358.414971,5324.041972,5325.94296,7247,synthetic
495512552,2026-01-21T15:24:19.091899+00:00,2026-01-22T15:24:19.091899+00:00,5325.94296,5346.425579,5320.63712,5341.104635,7254,synthetic
495512552,2026-01-22T15:24:19.091899+00:00,2026-01-23T15:24:19.091899+00:00,5341.104635,5370.533586,5340.089879,5369.513433,7261,synthetic
495512552,2026-01-23T15:24:19.091899+00:00,2026-01-24T15:24:19.091899+00:00,5369.513433,5386.494653,5364.724243,5381.694599,7268,synthetic
495512552,2026-01-24T15:24:19.091899+00:00,2026-01-25T15:24:19.091899+00:00,5381.694599,5394.975638,5378.03694,5391.311443,7275,synthetic
495512552,2026-01-25T15:24:19.091899+00:00,2026-01-26T15:24:19.091899+00:00,5391.311443,5394.108461,5386.883462,5389.679633,7282,synthetic
495512552,2026-01-26T15:24:19.091899+00:00,2026-01-27T15:24:19.091899+00:00,5389.679633,5394.877795,5350.12311,5355.288103,7289,synthetic
495512552,2026-01-27T15:24:19.091899+00:00,2026-01-28T15:24:19.091899+00:00,5355.288103,5355.345314,5324.394001,5324.450883,7296,synthetic
495512552,2026-01-28T15:24:19.091899+00:00,2026-01-29T15:24:19.091899+00:00,5324.450883,5345.848416,5319.346859,5340.728789,7303,synthetic
495512552,2026-01-29T15:24:19.091899+00:00,2026-01-30T15:24:19.091899+00:00,5340.728789,5377.87933,5337.861099,5374.993242,7310,synthetic
495512552,2026-01-30T15:24:19.091899+00:00,2026-01-31T15:24:19.091899+00:00,5374.993242,5390.485057,5371.425208,5386.909112,7317,synthetic
495512552,2026-01-31T15:24:19.091899+00:00,2026-02-01T15:24:19.091899+00:00,5386.909112,5393.247989,5382.053461,5388.391002,7324,synthetic
495512552,2026-02-01T15:24:19.091899+00:00,2026-02-02T15:24:19.091899+00:00,5388.391002,5389.301483,5383.196596,5384.106353,7331,synthetic
495512552,2026-02-02T15:24:19.091899+00:00,2026-02-03T15:24:19.091899+00:00,5384.106353,5389.458927,5348.737175,5354.059878,7338,synthetic
495512552,2026-02-03T15:24:19.091899+00:00,2026-02-04T15:24:19.091899+00:00,5354.059878,5356.07732,5322.379061,5324.385321,7345,synthetic
495512552,2026-02-04T15:24:19.091899+00:00,2026-02-05T15:24:19.091899+00:00,5324.385321,5344.945117,5320.193539,5340.740459,7352,synthetic
495512552,2026-02-05T15:24:19.091899+00:00,2026-02-06T15:24:19.091899+00:00,5340.740459,5383.979888,5336.419712,5379.627681,7359,synthetic
495512552,2026-02-06T15:24:19.091899+00:00,2026-02-07T15:24:19.091899+00:00,5379.627681,5393.879558,5377.781735,5392.029357,7366,synthetic
495512552,2026-02-07T15:24:19.091899+00:00,2026-02-08T15:24:19.091899+00:00,5392.029357,5397.407343,5380.243002,5385.61459,7373,synthetic
495512552,2026-02-08T15:24:19.091899+00:00,2026-02-09T15:24:19.091899+00:00,5385.61459,5386.715549,5376.593129,5377.692468,7380,synthetic
495512552,2026-02-09T15:24:19.091899+00:00,2026-02-10T15:24:19.091899+00:00,5377.692468,5382.452626,5347.914105,5352.652098,7387,synthetic
495512552,2026-02-10T15:24:19.091899+00:00,2026-02-11T15:24:19.091899+00:00,5352.652098,5356.347439,5322.019028,5325.695758,7394,synthetic
495512552,2026-02-11T15:24:19.091899+00:00,2026-02-12T15:24:19.091899+00:00,5325.695758,5344.050145,5323.000121,5341.346586,7401,synthetic
495512552,2026-02-12T15:24:19.091899+00:00,2026-02-13T15:24:19.091899+00:00,5341.346586,5388.522363,5336.174819,5383.309965,7408,synthetic
495512552,2026-02-13T15:24:19.091899+00:00,2026-02-14T15:24:19.091899+00:00,5383.309965,5396.901096,5383.173198,5396.763988,7415,synthetic
495512552,2026-02-14T15:24:19.091899+00:00,2026-02-15T15:24:19.091899+00:00,5396.763988,5401.914142,5377.990034,5383.127174,7422,synthetic
495512552,2026-02-15T15:24:19.091899+00:00,2026-02-16T15:24:19.091899+00:00,5383.127174,5386.084185,5367.768291,5370.718486,7429,synthetic
495512552,2026-02-16T15:24:19.091899+00:00,2026-02-17T15:24:19.091899+00:00,5370.718486,5374.224151,5347.443238,5350.93599,7436,synthetic
495512552,2026-02-17T15:24:19.091899+00:00,2026-02-18T15:24:19.091899+00:00,5350.93599,5355.792811,5323.413311,5328.249541,7443,synthetic
495512552,2026-02-18T15:24:19.091899+00:00,2026-02-19T15:24:19.091899+00:00,5328.249541,5343.554881,5327.426648,5342.729752,7450,synthetic
495512552,2026-02-19T15:24:19.091899+00:00,2026-02-20T15:24:19.091899+00:00,5342.729752,5391.358019,5337.42739,5386.012701,7457,synthetic
495512552,2026-02-20T15:24:19.091899+00:00,2026-02-21T15:24:19.091899+00:00,5386.012701,5402.92831,5383.909977,5400.819806,7464,synthetic
495512552,2026-02-21T15:24:19.091899+00:00,2026-02-22T15:24:19.091899+00:00,5400.819806,5405.022267,5376.822447,5381.009493,7471,synthetic
495512552,2026-02-22T15:24:19.091899+00:00,2026-02-23T15:24:19.091899+00:00,5381.009493,5385.408919,5359.120034,5363.505148,7478,synthetic
495512552,2026-02-23T15:24:19.091899+00:00,2026-02-24T15:24:19.091899+00:00,5363.505148,5365.271182,5347.075285,5348.836489,7485,synthetic
495512552,2026-02-24T15:24:19.091899+00:00,2026-02-25T15:24:19.091899+00:00,5348.836489,5354.176497,5326.521024,5331.844067,7492,synthetic
495512552,2026-02-25T15:24:19.091899+00:00,2026-02-26T15:24:19.091899+00:00,5331.844067,5346.197082,5330.677368,5345.027498,7499,synthetic
495512552,2026-02-26T15:24:19.091899+00:00,2026-02-27T15:24:19.091899+00:00,5345.027498,5392.516529,5340.333385,5387.784866,7506,synthetic
495512552,2026-02-27T15:24:19.091899+00:00,2026-02-28T15:24:19.091899+00:00,5387.784866,5407.713603,5384.00828,5403.925703,7513,synthetic
495512552,2026-02-28T15:24:19.091899+00:00,2026-03-01T15:24:19.091899+00:00,5403.925703,5406.592015,5376.619239,5379.273388,7520,synthetic
495512552,2026-03-01T15:24:19.091899+00:00,2026-03-02T15:24:19.091899+00:00,5379.273388,5384.501113,5351.184657,5356.390145,7527,synthetic
495512552,2026-03-02T15:24:19.091899+00:00,2026-03-03T15:24:19.091899+00:00,5356.390145,5356.605058,5346.12861,5346.34312,7534,synthetic
495512552,2026-03-03T15:24:19.091899+00:00,2026-03-04T15:24:19.091899+00:00,5346.34312,5351.421079,5331.156151,5336.224499,7541,synthetic
495512552,2026-03-04T15:24:19.091899+00:00,2026-03-05T15:24:19.091899+00:00,5336.224499,5351.318618,5333.227912,5348.315241,7548,synthetic
495512552,2026-03-05T15:24:19.091899+00:00,2026-03-06T15:24:19.091899+00:00,5348.315241,5392.199075,5344.884239,5388.742139,7555,synthetic
495512552,2026-03-06T15:24:19.091899+00:00,2026-03-07T15:24:19.091899+00:00,5388.742139,5410.794879,5383.81823,5405.855333,7562,synthetic
495512552,2026-03-07T15:24:19.091899+00:00,2026-03-08T15:24:19.091899+00:00,5405.855333,5406.611477,5377.111729,5377.863957,7569,synthetic
495512552,2026-03-08T15:24:19.091899+00:00,2026-03-09T15:24:19.091899+00:00,5377.863957,5383.190893,5344.404347,5349.703389,7576,synthetic
495512552,2026-03-09T15:24:19.091899+00:00,2026-03-10T15:24:19.091899+00:00,5349.703389,5351.864232,5341.356194,5343.514537,7583,synthetic
495512552,2026-03-10T15:24:19.091899+00:00,2026-03-11T15:24:19.091899+00:00,5343.514537,5347.622536,5336.999274,5341.105421,7590,synthetic
495512552,2026-03-11T15:24:19.091899+00:00,2026-03-12T15:24:19.091899+00:00,5341.105421,5357.015513,5336.693809,5352.594412,7597,synthetic
495512552,2026-03-12T15:24:19.091899+00:00,2026-03-13T15:24:19.091899+00:00,5352.594412,5390.750869,5350.906581,5389.051543,7604,synthetic
495512552,2026-03-13T15:24:19.091899+00:00,2026-03-14T15:24:19.091899+00:00,5389.051543,5411.847997,5383.667412,5406.446487,7611,synthetic
495512552,2026-03-14T15:24:19.091899+00:00,2026-03-15T15:24:19.091899+00:00,5406.446487,5407.707062,5375.414669,5376.6683,7618,synthetic
495512552,2026-03-15T15:24:19.091899+00:00,2026-03-16T15:24:19.091899+00:00,5376.6683,5381.351826,5339.088127,5343.742972,7625,synthetic
495512552,2026-03-16T15:24:19.091899+00:00,2026-03-17T15:24:19.091899+00:00,5343.742972,5347.544398,5336.677138,5340.476241,7632,synthetic
495512552,2026-03-17T15:24:19.091899+00:00,2026-03-18T15:24:19.091899+00:00,5340.476241,5348.763595,5337.909919,5346.194526,7639,synthetic
495512552,2026-03-18T15:24:19.091899+00:00,2026-03-19T15:24:19.091899+00:00,5346.194526,5363.011833,5340.980956,5357.786959,7646,synthetic
495512552,2026-03-19T15:24:19.091899+00:00,2026-03-20T15:24:19.091899+00:00,5357.786959,5389.207354,5357.493185,5388.911874,7653,synthetic
495512552,2026-03-20T15:24:19.091899+00:00,2026-03-21T15:24:19.091899+00:00,5388.911874,5410.724261,5383.818863,5405.615464,7660,synthetic
495512552,2026-03-21T15:24:19.091899+00:00,2026-03-22T15:24:19.091899+00:00,5405.615464,5408.71655,5372.44616,5375.529986,7667,synthetic
495512552,2026-03-22T15:24:19.091899+00:00,2026-03-23T15:24:19.091899+00:00,5375.529986,5378.917353,5335.389656,5338.753849,7674,synthetic
495512552,2026-03-23T15:24:19.091899+00:00,2026-03-24T15:24:19.091899+00:00,5338.753849,5343.663493,5332.503218,5337.411627,7681,synthetic
495512552,2026-03-24T15:24:19.091899+00:00,2026-03-25T15:24:19.091899+00:00,5337.411627,5351.886626,5336.742957,5351.216226,7688,synthetic
495512552,2026-03-25T15:24:19.091899+00:00,2026-03-26T15:24:19.091899+00:00,5351.216226,5369.038356,5345.927078,5363.736832,7695,synthetic
495512552,2026-03-26T15:24:19.091899+00:00,2026-03-27T15:24:19.091899+00:00,5363.736832,5390.780625,5361.498306,5388.531751,7702,synthetic
495512552,2026-03-27T15:24:19.091899+00:00,2026-03-28T15:24:19.091899+00:00,5388.531751,5407.467821,5384.440334,5403.365141,7709,synthetic
495512552,2026-03-28T15:24:19.091899+00:00,2026-03-29T15:24:19.091899+00:00,5403.365141,5407.872544,5369.784733,5374.267864,7716,synthetic
495512552,2026-03-29T15:24:19.091899+00:00,2026-03-30T15:24:19.091899+00:00,5374.267864,5375.887247,5333.303568,5334.911093,7723,synthetic
495512552,2026-03-30T15:24:19.091899+00:00,2026-03-31T15:24:19.091899+00:00,5334.911093,5340.243911,5329.21468,5334.547134,7730,synthetic
495512552,2026-03-31T15:24:19.091899+00:00,2026-04-01T15:24:19.091899+00:00,5334.547134,5357.258483,5333.227074,5355.933131,7737,synthetic
495512552,2026-04-01T15:24:19.091899+00:00,2026-04-02T15:24:19.091899+00:00,5355.933131,5374.85695,5351.306907,5370.218387,7744,synthetic
495512552,2026-04-02T15:24:19.091899+00:00,2026-04-03T15:24:19.091899+00:00,5370.218387,5391.995667,5366.342966,5388.107336,7751,synthetic
495512552,2026-04-03T15:24:19.091899+00:00,2026-04-04T15:24:19.091899+00:00,5388.107336,5402.310824,5385.587984,5399.786011,7758,synthetic
495512552,2026-04-04T15:24:19.091899+00:00,2026-04-05T15:24:19.091899+00:00,5399.786011,5405.068871,5367.441101,5372.69746,7765,synthetic
495512552,2026-04-05T15:24:19.091899+00:00,2026-04-06T15:24:19.091899+00:00,5372.69746,5373.071012,5331.938352,5332.309095,7772,synthetic
495512552,2026-04-06T15:24:19.091899+00:00,2026-04-07T15:24:19.091899+00:00,5332.309095,5337.322405,5327.119643,5332.132787,7779,synthetic
495512552,2026-04-07T15:24:19.091899+00:00,2026-04-08T15:24:19.091899+00:00,5332.132787,5363.30283,5329.00988,5360.163506,7786,synthetic
495512552,2026-04-08T15:24:19.091899+00:00,2026-04-09T15:24:19.091899+00:00,5360.163506,5380.277493,5356.847472,5376.951074,7793,synthetic
495512552,2026-04-09T15:24:19.091899+00:00,2026-04-10T15:24:19.091899+00:00,5376.951074,5392.787164,5371.97574,5387.80179,7800,synthetic
495512552,2026-04-10T15:24:19.091899+00:00,2026-04-11T15:24:19.091899+00:00,5387.80179,5395.647075,5387.205588,5395.050072,7807,synthetic
495512552,2026-04-11T15:24:19.091899+00:00,2026-04-12T15:24:19.091899+00:00,5395.050072,5400.369903,5365.357151,5370.652925,7814,synthetic
495512552,2026-04-12T15:24:19.091899+00:00,2026-04-13T15:24:19.091899+00:00,5370.652925,5372.965959,5328.661688,5330.957626,7821,synthetic
495512552,2026-04-13T15:24:19.091899+00:00,2026-04-14T15:24:19.091899+00:00,5330.957626,5334.953806,5326.424093,5330.41987,7828,synthetic
495512552,2026-04-14T15:24:19.091899+00:00,2026-04-15T15:24:19.091899+00:00,5330.41987,5368.310688,5325.930514,5363.793224,7835,synthetic
495512552,2026-04-15T15:24:19.091899+00:00,2026-04-16T15:24:19.091899+00:00,5363.793224,5385.165626,5362.252481,5383.619188,7842,synthetic
495512552,2026-04-16T15:24:19.091899+00:00,2026-04-17T15:24:19.091899+00:00,5383.619188,5393.115606,5378.236044,5387.728354,7849,synthetic
495512552,2026-04-17T15:24:19.091899+00:00,2026-04-18T15:24:19.091899+00:00,5387.728354,5390.808457,5386.318413,5389.398079,7856,synthetic
495512552,2026-04-18T15:24:19.091899+00:00,2026-04-19T15:24:19.091899+00:00,5389.398079,5394.012716,5363.411155,5368.007476,7863,synthetic
495512552,2026-04-19T15:24:19.091899+00:00,2026-04-20T15:24:19.091899+00:00,5368.007476,5371.935599,5326.88411,5330.784995,7870,synthetic
495512552,2026-04-20T15:24:19.091899+00:00,2026-04-21T15:24:19.091899+00:00,5330.784995,5333.207889,5327.215364,5329.637737,7877,synthetic
495512552,2026-04-21T15:24:19.091899+00:00,2026-04-22T15:24:19.091899+00:00,5329.637737,5372.047572,5324.407828,5366.781215,7884,synthetic
495512552,2026-04-22T15:24:19.091899+00:00,2026-04-23T15:24:19.091899+00:00,5366.781215,5390.348882,5366.329282,5389.895003,7891,synthetic
495512552,2026-04-23T15:24:19.091899+00:00,2026-04-24T15:24:19.091899+00:00,5389.895003,5394.934865,5382.9006,5387.938633,7898,synthetic
495512552,2026-04-24T15:24:19.091899+00:00,2026-04-25T15:24:19.091899+00:00,5387.938633,5391.158188,5379.904583,5383.121259,7905,synthetic
495512552,2026-04-25T15:24:19.091899+00:00,2026-04-26T15:24:19.091899+00:00,5383.121259,5386.388858,5361.433978,5364.69039,7912,synthetic
495512552,2026-04-26T15:24:19.091899+00:00,2026-04-27T15:24:19.091899+00:00,5364.69039,5369.683797,5326.685333,5331.647984,7919,synthetic
495512552,2026-04-27T15:24:19.091899+00:00,2026-04-28T15:24:19.091899+00:00,5331.647984,5332.159883,5329.460107,5329.971845,7926,synthetic
495512552,2026-04-28T15:24:19.091899+00:00,2026-04-29T15:24:19.091899+00:00,5329.971845,5374.438575,5324.729814,5369.158004,7933,synthetic
495512552,2026-04-29T15:24:19.091899+00:00,2026-04-30T15:24:19.091899+00:00,5369.158004,5397.858472,5366.774514,5395.463304,7940,synthetic
495512552,2026-04-30T15:24:19.091899+00:00,2026-05-01T15:24:19.091899+00:00,5395.463304,5399.454818,5384.430846,5388.417147,7947,synthetic
495512552,2026-05-01T15:24:19.091899+00:00,2026-05-02T15:24:19.091899+00:00,5388.417147,5392.997634,5371.968666,5376.539056,7954,synthetic
495512552,2026-05-02T15:24:19.091899+00:00,2026-05-03T15:24:19.091899+00:00,5376.539056,5378.007462,5359.234851,5360.698931,7961,synthetic
495512552,2026-05-03T15:24:19.091899+00:00,2026-05-04T15:24:19.091899+00:00,5360.698931,5366.059624,5328.014235,5333.347577,7968,synthetic
495512552,2026-05-04T15:24:19.091899+00:00,2026-05-05T15:24:19.091899+00:00,5333.347577,5334.81893,5330.074162,5331.545018,7975,synthetic
495512552,2026-05-05T15:24:19.091899+00:00,2026-05-06T15:24:19.091899+00:00,5331.545018,5375.57512,5327.020966,5371.017574,7982,synthetic
495512552,2026-05-06T15:24:19.091899+00:00,2026-05-07T15:24:19.091899+00:00,5371.017574,5404.050548,5367.033773,5400.045216,7989,synthetic
495512552,2026-05-07T15:24:19.091899+00:00,2026-05-08T15:24:19.091899+00:00,5400.045216,5402.428498,5386.704212,5389.082656,7996,synthetic
495512552,2026-05-08T15:24:19.091899+00:00,2026-05-09T15:24:19.091899+00:00,5389.082656,5394.385603,5364.690719,5369.974864,8003,synthetic
495512552,2026-05-09T15:24:19.091899+00:00,2026-05-10T15:24:19.091899+00:00,5369.974864,5370.505807,5355.574452,5356.104023,8010,synthetic
495512552,2026-05-10T15:24:19.091899+00:00,2026-05-11T15:24:19.091899+00:00,5356.104023,5361.083788,5330.688282,5335.64903,8017,synthetic
495512552,2026-05-11T15:24:19.091899+00:00,2026-05-12T15:24:19.091899+00:00,5335.64903,5338.899989,5331.153451,5334.403651,8024,synthetic
495512552,2026-05-12T15:24:19.091899+00:00,2026-05-13T15:24:19.091899+00:00,5334.403651,5375.701295,5331.228396,5372.503362,8031,synthetic
495512552,2026-05-13T15:24:19.091899+00:00,2026-05-14T15:24:19.091899+00:00,5372.503362,5408.477242,5367.474307,5403.419248,8038,synthetic
495512552,2026-05-14T15:24:19.091899+00:00,2026-05-15T15:24:19.091899+00:00,5403.419248,5403.858786,5389.357724,5389.796154,8045,synthetic
