conid,start,end,open,high,low,close,volume,source
12087792,2023-08-19T15:24:19.079968+00:00,2023-08-20T15:24:19.079968+00:00,1.085111441,1.086012401,1.082968102,1.083868029,1092,synthetic
12087792,2023-08-20T15:24:19.079968+00:00,2023-08-21T15:24:19.079968+00:00,1.083868029,1.084201869,1.08317854,1.083512271,1099,synthetic
12087792,2023-08-21T15:24:19.079968+00:00,2023-08-22T15:24:19.079968+00:00,1.083512271,1.085860342,1.082429424,1.084776231,1106,synthetic
12087792,2023-08-22T15:24:19.079968+00:00,2023-08-23T15:24:19.079968+00:00,1.084776231,1.08631187,1.084515183,1.086050515,1113,synthetic
12087792,2023-08-23T15:24:19.079968+00:00,2023-08-24T15:24:19.079968+00:00,1.086050515,1.087049026,1.085108612,1.086107075,1120,synthetic
12087792,2023-08-24T15:24:19.079968+00:00,2023-08-25T15:24:19.079968+00:00,1.086107075,1.086885567,1.084825777,1.085603909,1127,synthetic
12087792,2023-08-25T15:24:19.079968+00:00,2023-08-26T15:24:19.079968+00:00,1.085603909,1.086118236,1.084397618,1.084911617,1134,synthetic
12087792,2023-08-26T15:24:19.079968+00:00,2023-08-27T15:24:19.079968+00:00,1.084911617,1.085971433,1.082819851,1.083878659,1141,synthetic
12087792,2023-08-27T15:24:19.079968+00:00,2023-08-28T15:24:19.079968+00:00,1.083878659,1.083946426,1.083520297,1.083588046,1148,synthetic
12087792,2023-08-28T15:24:19.079968+00:00,2023-08-29T15:24:19.079968+00:00,1.083588046,1.085884917,1.082566716,1.084862386,1155,synthetic
12087792,2023-08-29T15:24:19.079968+00:00,2023-08-30T15:24:19.079968+00:00,1.084862386,1.086844866,1.084233195,1.086214892,1162,synthetic
12087792,2023-08-30T15:24:19.079968+00:00,2023-08-31T15:24:19.079968+00:00,1.086214892,1.086892847,1.085489569,1.086167495,1169,synthetic
12087792,2023-08-31T15:24:19.079968+00:00,2023-09-01T15:24:19.079968+00:00,1.086167495,1.087169617,1.084395584,1.085396996,1176,synthetic
12087792,2023-09-01T15:24:19.079968+00:00,2023-09-02T15:24:19.079968+00:00,1.085396996,1.085524673,1.084567152,1.084694747,1183,synthetic
12087792,2023-09-02T15:24:19.079968+00:00,2023-09-03T15:24:19.079968+00:00,1.084694747,1.085765559,1.082833332,1.083903364,1190,synthetic
12087792,2023-09-03T15:24:19.079968+00:00,2023-09-04T15:24:19.079968+00:00,1.083903364,1.084363301,1.083250351,1.083710206,1197,synthetic
12087792,2023-09-04T15:24:19.079968+00:00,2023-09-05T15:24:19.079968+00:00,1.083710206,1.085767998,1.082892822,1.084949679,1204,synthetic
12087792,2023-09-05T15:24:19.079968+00:00,2023-09-06T15:24:19.079968+00:00,1.084949679,1.087247725,1.084040048,1.08633693,1211,synthetic
12087792,2023-09-06T15:24:19.079968+00:00,2023-09-07T15:24:19.079968+00:00,1.08633693,1.086656276,1.085896215,1.086215525,1218,synthetic
12087792,2023-09-07T15:24:19.079968+00:00,2023-09-08T15:24:19.079968+00:00,1.086215525,1.087301517,1.084115181,1.085200157,1225,synthetic
12087792,2023-09-08T15:24:19.079968+00:00,2023-09-09T15:24:19.079968+00:00,1.085200157,1.085476789,1.084192018,1.084468463,1232,synthetic
12087792,2023-09-09T15:24:19.079968+00:00,2023-09-10T15:24:19.079968+00:00,1.084468463,1.085400942,1.083004001,1.083936022,1239,synthetic
12087792,2023-09-10T15:24:19.079968+00:00,2023-09-11T15:24:19.079968+00:00,1.083936022,1.084724003,1.083086941,1.083874878,1246,synthetic
12087792,2023-09-11T15:24:19.079968+00:00,2023-09-12T15:24:19.079968+00:00,1.083874878,1.085542746,1.083375481,1.08504281,1253,synthetic
12087792,2023-09-12T15:24:19.079968+00:00,2023-09-13T15:24:19.079968+00:00,1.08504281,1.087478416,1.083979564,1.086413826,1260,synthetic
12087792,2023-09-13T15:24:19.079968+00:00,2023-09-14T15:24:19.079968+00:00,1.086413826,1.08649771,1.086160368,1.086244239,1267,synthetic
12087792,2023-09-14T15:24:19.079968+00:00,2023-09-15T15:24:19.079968+00:00,1.086244239,1.087262618,1.084002504,1.085019735,1274,synthetic
12087792,2023-09-15T15:24:19.079968+00:00,2023-09-16T15:24:19.079968+00:00,1.085019735,1.085661963,1.083600141,1.084241909,1281,synthetic
12087792,2023-09-16T15:24:19.079968+00:00,2023-09-17T15:24:19.079968+00:00,1.084241909,1.084906086,1.083307424,1.083971435,1288,synthetic
12087792,2023-09-17T15:24:19.079968+00:00,2023-09-18T15:24:19.079968+00:00,1.083971435,1.085081937,1.08296529,1.084075696,1295,synthetic
12087792,2023-09-18T15:24:19.079968+00:00,2023-09-19T15:24:19.079968+00:00,1.084075696,1.085257696,1.083964039,1.08514593,1302,synthetic
12087792,2023-09-19T15:24:19.079968+00:00,2023-09-20T15:24:19.079968+00:00,1.08514593,1.087515351,1.084077336,1.086445477,1309,synthetic
12087792,2023-09-20T15:24:19.079968+00:00,2023-09-21T15:24:19.079968+00:00,1.086445477,1.086920929,1.085771455,1.08624682,1316,synthetic
12087792,2023-09-21T15:24:19.079968+00:00,2023-09-22T15:24:19.079968+00:00,1.08624682,1.087055526,1.084052301,1.084859975,1323,synthetic
12087792,2023-09-22T15:24:19.079968+00:00,2023-09-23T15:24:19.079968+00:00,1.084859975,1.085778139,1.083107663,1.08402512,1330,synthetic
12087792,2023-09-23T15:24:19.079968+00:00,2023-09-24T15:24:19.079968+00:00,1.08402512,1.084328496,1.083702462,1.084005832,1337,synthetic
12087792,2023-09-24T15:24:19.079968+00:00,2023-09-25T15:24:19.079968+00:00,1.084005832,1.085388505,1.082921843,1.084304218,1344,synthetic
12087792,2023-09-25T15:24:19.079968+00:00,2023-09-26T15:24:19.079968+00:00,1.084304218,1.08555411,1.084012407,1.08526204,1351,synthetic
12087792,2023-09-26T15:24:19.079968+00:00,2023-09-27T15:24:19.079968+00:00,1.08526204,1.087360268,1.084337139,1.086434367,1358,synthetic
12087792,2023-09-27T15:24:19.079968+00:00,2023-09-28T15:24:19.079968+00:00,1.086434367,1.087235064,1.085416715,1.086217252,1365,synthetic
12087792,2023-09-28T15:24:19.079968+00:00,2023-09-29T15:24:19.079968+00:00,1.086217252,1.086703479,1.084237302,1.084722861,1372,synthetic
12087792,2023-09-29T15:24:19.079968+00:00,2023-09-30T15:24:19.079968+00:00,1.084722861,1.085788864,1.082763184,1.083828308,1379,synthetic
12087792,2023-09-30T15:24:19.079968+00:00,2023-10-01T15:24:19.079968+00:00,1.083828308,1.084136828,1.083728721,1.084037222,1386,synthetic
12087792,2023-10-01T15:24:19.079968+00:00,2023-10-02T15:24:19.079968+00:00,1.084037222,1.085561641,1.083026575,1.084550516,1393,synthetic
12087792,2023-10-02T15:24:19.079968+00:00,2023-10-03T15:24:19.079968+00:00,1.084550516,1.086047769,1.083895764,1.085392508,1400,synthetic
12087792,2023-10-03T15:24:19.079968+00:00,2023-10-04T15:24:19.079968+00:00,1.085392508,1.087038022,1.084740331,1.086385248,1407,synthetic
12087792,2023-10-04T15:24:19.079968+00:00,2023-10-05T15:24:19.079968+00:00,1.086385248,1.087399476,1.085136955,1.086150963,1414,synthetic
12087792,2023-10-05T15:24:19.079968+00:00,2023-10-06T15:24:19.079968+00:00,1.086150963,1.086246913,1.084512349,1.084608162,1421,synthetic
12087792,2023-10-06T15:24:19.079968+00:00,2023-10-07T15:24:19.079968+00:00,1.084608162,1.085673332,1.08259687,1.08366111,1428,synthetic
12087792,2023-10-07T15:24:19.079968+00:00,2023-10-08T15:24:19.079968+00:00,1.08366111,1.084554263,1.083172581,1.084065551,1435,synthetic
12087792,2023-10-08T15:24:19.079968+00:00,2023-10-09T15:24:19.079968+00:00,1.084065551,1.085600752,1.083269213,1.084803872,1442,synthetic
12087792,2023-10-09T15:24:19.079968+00:00,2023-10-10T15:24:19.079968+00:00,1.084803872,1.086463874,1.083877347,1.085536723,1449,synthetic
12087792,2023-10-10T15:24:19.079968+00:00,2023-10-11T15:24:19.079968+00:00,1.085536723,1.086593268,1.085248303,1.086304644,1456,synthetic
12087792,2023-10-11T15:24:19.079968+00:00,2023-10-12T15:24:19.079968+00:00,1.086304644,1.087390903,1.084959371,1.086045371,1463,synthetic
12087792,2023-10-12T15:24:19.079968+00:00,2023-10-13T15:24:19.079968+00:00,1.086045371,1.086353021,1.084206463,1.084513679,1470,synthetic
12087792,2023-10-13T15:24:19.079968+00:00,2023-10-14T15:24:19.079968+00:00,1.084513679,1.085429488,1.082616892,1.083531872,1477,synthetic
12087792,2023-10-14T15:24:19.079968+00:00,2023-10-15T15:24:19.079968+00:00,1.083531872,1.084902333,1.082722617,1.08409266,1484,synthetic
12087792,2023-10-15T15:24:19.079968+00:00,2023-10-16T15:24:19.079968+00:00,1.08409266,1.085524902,1.08362171,1.085053536,1491,synthetic
12087792,2023-10-16T15:24:19.079968+00:00,2023-10-17T15:24:19.079968+00:00,1.085053536,1.086761754,1.083984368,1.085691957,1498,synthetic
12087792,2023-10-17T15:24:19.079968+00:00,2023-10-18T15:24:19.079968+00:00,1.085691957,1.086315948,1.085576291,1.086200228,1505,synthetic
12087792,2023-10-18T15:24:19.079968+00:00,2023-10-19T15:24:19.079968+00:00,1.086200228,1.087206996,1.084893771,1.085900261,1512,synthetic
12087792,2023-10-19T15:24:19.079968+00:00,2023-10-20T15:24:19.079968+00:00,1.085900261,1.086568504,1.083768325,1.084435667,1519,synthetic
12087792,2023-10-20T15:24:19.079968+00:00,2023-10-21T15:24:19.079968+00:00,1.084435667,1.085074434,1.082808831,1.083447016,1526,synthetic
12087792,2023-10-21T15:24:19.079968+00:00,2023-10-22T15:24:19.079968+00:00,1.083447016,1.085139759,1.082429924,1.084122034,1533,synthetic
12087792,2023-10-22T15:24:19.079968+00:00,2023-10-23T15:24:19.079968+00:00,1.084122034,1.085369419,1.084042174,1.085289474,1540,synthetic
12087792,2023-10-23T15:24:19.079968+00:00,2023-10-24T15:24:19.079968+00:00,1.085289474,1.086916683,1.084226763,1.08585342,1547,synthetic
12087792,2023-10-24T15:24:19.079968+00:00,2023-10-25T15:24:19.079968+00:00,1.08585342,1.086583967,1.085349684,1.086080126,1554,synthetic
12087792,2023-10-25T15:24:19.079968+00:00,2023-10-26T15:24:19.079968+00:00,1.086080126,1.086867006,1.084931371,1.085717989,1561,synthetic
12087792,2023-10-26T15:24:19.079968+00:00,2023-10-27T15:24:19.079968+00:00,1.085717989,1.086653509,1.083435035,1.084369393,1568,synthetic
12087792,2023-10-27T15:24:19.079968+00:00,2023-10-28T15:24:19.079968+00:00,1.084369393,1.084642079,1.083138115,1.083410559,1575,synthetic
12087792,2023-10-28T15:24:19.079968+00:00,2023-10-29T15:24:19.079968+00:00,1.083410559,1.085242238,1.082327457,1.084158389,1582,synthetic
12087792,2023-10-29T15:24:19.079968+00:00,2023-10-30T15:24:19.079968+00:00,1.084158389,1.085825838,1.083835997,1.085503046,1589,synthetic
12087792,2023-10-30T15:24:19.079968+00:00,2023-10-31T15:24:19.079968+00:00,1.085503046,1.086922941,1.084595063,1.086014529,1596,synthetic
12087792,2023-10-31T15:24:19.079968+00:00,2023-11-01T15:24:19.079968+00:00,1.086014529,1.086836184,1.085130599,1.085952206,1603,synthetic
12087792,2023-11-01T15:24:19.079968+00:00,2023-11-02T15:24:19.079968+00:00,1.085952206,1.08640951,1.085046344,1.085503458,1610,synthetic
12087792,2023-11-02T15:24:19.079968+00:00,2023-11-03T15:24:19.079968+00:00,1.085503458,1.086575678,1.083238733,1.084309774,1617,synthetic
12087792,2023-11-03T15:24:19.079968+00:00,2023-11-04T15:24:19.079968+00:00,1.084309774,1.084441155,1.083292542,1.083423817,1624,synthetic
12087792,2023-11-04T15:24:19.079968+00:00,2023-11-05T15:24:19.079968+00:00,1.083423817,1.085205931,1.082425719,1.084207112,1631,synthetic
12087792,2023-11-05T15:24:19.079968+00:00,2023-11-06T15:24:19.079968+00:00,1.084207112,1.086368199,1.083527399,1.085687558,1638,synthetic
12087792,2023-11-06T15:24:19.079968+00:00,2023-11-07T15:24:19.079968+00:00,1.085687558,1.086794148,1.085061041,1.086167354,1645,synthetic
12087792,2023-11-07T15:24:19.079968+00:00,2023-11-08T15:24:19.079968+00:00,1.086167354,1.0871924,1.084798709,1.085823431,1652,synthetic
12087792,2023-11-08T15:24:19.079968+00:00,2023-11-09T15:24:19.079968+00:00,1.085823431,1.085887462,1.085199888,1.085263886,1659,synthetic
12087792,2023-11-09T15:24:19.079968+00:00,2023-11-10T15:24:19.079968+00:00,1.085263886,1.086323214,1.083193691,1.084252032,1666,synthetic
12087792,2023-11-10T15:24:19.079968+00:00,2023-11-11T15:24:19.079968+00:00,1.084252032,1.084769114,1.082968603,1.083485319,1673,synthetic
12087792,2023-11-11T15:24:19.079968+00:00,2023-11-12T15:24:19.079968+00:00,1.083485319,1.085048102,1.082711401,1.08427362,1680,synthetic
12087792,2023-11-12T15:24:19.079968+00:00,2023-11-13T15:24:19.079968+00:00,1.08427362,1.086782267,1.083331344,1.08583863,1687,synthetic
12087792,2023-11-13T15:24:19.079968+00:00,2023-11-14T15:24:19.079968+00:00,1.08583863,1.086560872,1.08558108,1.086303211,1694,synthetic
12087792,2023-11-14T15:24:19.079968+00:00,2023-11-15T15:24:19.079968+00:00,1.086303211,1.087388705,1.084614415,1.085699305,1701,synthetic
12087792,2023-11-15T15:24:19.079968+00:00,2023-11-16T15:24:19.079968+00:00,1.085699305,1.086037384,1.084670512,1.085008376,1708,synthetic
12087792,2023-11-16T15:24:19.079968+00:00,2023-11-17T15:24:19.079968+00:00,1.085008376,1.085907092,1.083294267,1.084192307,1715,synthetic
12087792,2023-11-17T15:24:19.079968+00:00,2023-11-18T15:24:19.079968+00:00,1.084192307,1.085022933,1.082760786,1.083590952,1722,synthetic
12087792,2023-11-18T15:24:19.079968+00:00,2023-11-19T15:24:19.079968+00:00,1.083590952,1.084804804,1.083149164,1.084362701,1729,synthetic
12087792,2023-11-19T15:24:19.079968+00:00,2023-11-20T15:24:19.079968+00:00,1.084362701,1.087029422,1.083289234,1.085954378,1736,synthetic
12087792,2023-11-20T15:24:19.079968+00:00,2023-11-21T15:24:19.079968+00:00,1.085954378,1.086560854,1.08580694,1.086413353,1743,synthetic
12087792,2023-11-21T15:24:19.079968+00:00,2023-11-22T15:24:19.079968+00:00,1.086413353,1.087407873,1.084589739,1.0855835,1750,synthetic
12087792,2023-11-22T15:24:19.079968+00:00,2023-11-23T15:24:19.079968+00:00,1.0855835,1.086276456,1.0840549,1.084747321,1757,synthetic
12087792,2023-11-23T15:24:19.079968+00:00,2023-11-24T15:24:19.079968+00:00,1.084747321,1.085360183,1.083515654,1.084128166,1764,synthetic
12087792,2023-11-24T15:24:19.079968+00:00,2023-11-25T15:24:19.079968+00:00,1.084128166,1.085156456,1.082706379,1.083734296,1771,synthetic
12087792,2023-11-25T15:24:19.079968+00:00,2023-11-26T15:24:19.079968+00:00,1.083734296,1.084525888,1.083686325,1.084477884,1778,synthetic
12087792,2023-11-26T15:24:19.079968+00:00,2023-11-27T15:24:19.079968+00:00,1.084477884,1.087091858,1.083422908,1.086035366,1785,synthetic
12087792,2023-11-27T15:24:19.079968+00:00,2023-11-28T15:24:19.079968+00:00,1.086035366,1.087021847,1.085503434,1.086489692,1792,synthetic
12087792,2023-11-28T15:24:19.079968+00:00,2023-11-29T15:24:19.079968+00:00,1.086489692,1.087254477,1.08471358,1.085477652,1799,synthetic
12087792,2023-11-29T15:24:19.079968+00:00,2023-11-30T15:24:19.079968+00:00,1.085477652,1.086428781,1.083541436,1.084491701,1806,synthetic
12087792,2023-11-30T15:24:19.079968+00:00,2023-12-01T15:24:19.079968+00:00,1.084491701,1.084733391,1.08381737,1.084058964,1813,synthetic
12087792,2023-12-01T15:24:19.079968+00:00,2023-12-02T15:24:19.079968+00:00,1.084058964,1.085141483,1.082824783,1.083907149,1820,synthetic
12087792,2023-12-02T15:24:19.079968+00:00,2023-12-03T15:24:19.079968+00:00,1.083907149,1.0849738,1.083554499,1.084620917,1827,synthetic
12087792,2023-12-03T15:24:19.079968+00:00,2023-12-04T15:24:19.079968+00:00,1.084620917,1.08697491,1.083731567,1.08608436,1834,synthetic
12087792,2023-12-04T15:24:19.079968+00:00,2023-12-05T15:24:19.079968+00:00,1.08608436,1.087368101,1.085242096,1.086525495,1841,synthetic
12087792,2023-12-05T15:24:19.079968+00:00,2023-12-06T15:24:19.079968+00:00,1.086525495,1.086953823,1.084953501,1.085381377,1848,synthetic
12087792,2023-12-06T15:24:19.079968+00:00,2023-12-07T15:24:19.079968+00:00,1.085381377,1.086457997,1.083176817,1.084252316,1855,synthetic
12087792,2023-12-07T15:24:19.079968+00:00,2023-12-08T15:24:19.079968+00:00,1.084252316,1.084415325,1.083823047,1.083986017,1862,synthetic
12087792,2023-12-08T15:24:19.079968+00:00,2023-12-09T15:24:19.079968+00:00,1.083986017,1.085086053,1.08300025,1.084100183,1869,synthetic
12087792,2023-12-09T15:24:19.079968+00:00,2023-12-10T15:24:19.079968+00:00,1.084100183,1.08549606,1.083395962,1.08479139,1876,synthetic
12087792,2023-12-10T15:24:19.079968+00:00,2023-12-11T15:24:19.079968+00:00,1.08479139,1.086706264,1.084191749,1.086105897,1883,synthetic
12087792,2023-12-11T15:24:19.079968+00:00,2023-12-12T15:24:19.079968+00:00,1.086105897,1.087551495,1.085070776,1.086515983,1890,synthetic
12087792,2023-12-12T15:24:19.079968+00:00,2023-12-13T15:24:19.079968+00:00,1.086515983,1.086548089,1.085260413,1.085292483,1897,synthetic
12087792,2023-12-13T15:24:19.079968+00:00,2023-12-14T15:24:19.079968+00:00,1.085292483,1.086344435,1.082988307,1.084039044,1904,synthetic
12087792,2023-12-14T15:24:19.079968+00:00,2023-12-15T15:24:19.079968+00:00,1.084039044,1.084583857,1.08336782,1.08391257,1911,synthetic
12087792,2023-12-15T15:24:19.079968+00:00,2023-12-16T15:24:19.079968+00:00,1.08391257,1.085055485,1.083161019,1.084303663,1918,synthetic
12087792,2023-12-16T15:24:19.079968+00:00,2023-12-17T15:24:19.079968+00:00,1.084303663,1.085944842,1.083345972,1.084986548,1925,synthetic
12087792,2023-12-17T15:24:19.079968+00:00,2023-12-18T15:24:19.079968+00:00,1.084986548,1.08633215,1.084760348,1.086105717,1932,synthetic
12087792,2023-12-18T15:24:19.079968+00:00,2023-12-19T15:24:19.079968+00:00,1.086105717,1.087542736,1.085022124,1.086458791,1939,synthetic
12087792,2023-12-19T15:24:19.079968+00:00,2023-12-20T15:24:19.079968+00:00,1.086458791,1.086827361,1.084839217,1.085207362,1946,synthetic
12087792,2023-12-20T15:24:19.079968+00:00,2023-12-21T15:24:19.079968+00:00,1.085207362,1.08608795,1.082980661,1.083860155,1953,synthetic
12087792,2023-12-21T15:24:19.079968+00:00,2023-12-22T15:24:19.079968+00:00,1.083860155,1.084710679,1.08299306,1.083843571,1960,synthetic
12087792,2023-12-22T15:24:19.079968+00:00,2023-12-23T15:24:19.079968+00:00,1.083843571,1.084920997,1.083431014,1.084508187,1967,synthetic
12087792,2023-12-23T15:24:19.079968+00:00,2023-12-24T15:24:19.079968+00:00,1.084508187,1.086279664,1.083430526,1.085201313,1974,synthetic
12087792,2023-12-24T15:24:19.079968+00:00,2023-12-25T15:24:19.079968+00:00,1.085201313,1.086269185,1.085022381,1.086090107,1981,synthetic
12087792,2023-12-25T15:24:19.079968+00:00,2023-12-26T15:24:19.079968+00:00,1.086090107,1.087335396,1.085109186,1.086354237,1988,synthetic
12087792,2023-12-26T15:24:19.079968+00:00,2023-12-27T15:24:19.079968+00:00,1.086354237,1.087072007,1.08440457,1.085121526,1995,synthetic
12087792,2023-12-27T15:24:19.079968+00:00,2023-12-28T15:24:19.079968+00:00,1.085121526,1.085707969,1.083136085,1.083721771,2002,synthetic
12087792,2023-12-28T15:24:19.079968+00:00,2023-12-29T15:24:19.079968+00:00,1.083721771,1.084822878,1.082684203,1.083785249,2009,synthetic
12087792,2023-12-29T15:24:19.079968+00:00,2023-12-30T15:24:19.079968+00:00,1.083785249,1.084721458,1.083769178,1.084705373,2016,synthetic
12087792,2023-12-30T15:24:19.079968+00:00,2023-12-31T15:24:19.079968+00:00,1.084705373,1.08647655,1.083658033,1.085428512,2023,synthetic
12087792,2023-12-31T15:24:19.079968+00:00,2024-01-01T15:24:19.079968+00:00,1.085428512,1.086624824,1.084869242,1.086065226,2030,synthetic
12087792,2024-01-01T15:24:19.079968+00:00,2024-01-02T15:24:19.079968+00:00,1.086065226,1.086946916,1.085323788,1.086205382,2037,synthetic
12087792,2024-01-02T15:24:19.079968+00:00,2024-01-03T15:24:19.079968+00:00,1.086205382,1.087172148,1.084064506,1.085030227,2044,synthetic
12087792,2024-01-03T15:24:19.079968+00:00,2024-01-04T15:24:19.079968+00:00,1.085030227,1.085240786,1.083417208,1.083627495,2051,synthetic
12087792,2024-01-04T15:24:19.079968+00:00,2024-01-05T15:24:19.079968+00:00,1.083627495,1.084824595,1.082547577,1.08374456,2058,synthetic
12087792,2024-01-05T15:24:19.079968+00:00,2024-01-06T15:24:19.079968+00:00,1.08374456,1.085271452,1.083361939,1.084888428,2065,synthetic
12087792,2024-01-06T15:24:19.079968+00:00,2024-01-07T15:24:19.079968+00:00,1.084888428,1.086530819,1.084017531,1.085659304,2072,synthetic
12087792,2024-01-07T15:24:19.079968+00:00,2024-01-08T15:24:19.079968+00:00,1.085659304,1.086898516,1.084797552,1.086036465,2079,synthetic
12087792,2024-01-08T15:24:19.079968+00:00,2024-01-09T15:24:19.079968+00:00,1.086036465,1.086435024,1.085619316,1.086017868,2086,synthetic
12087792,2024-01-09T15:24:19.079968+00:00,2024-01-10T15:24:19.079968+00:00,1.086017868,1.087098707,1.083849352,1.084929107,2093,synthetic
12087792,2024-01-10T15:24:19.079968+00:00,2024-01-11T15:24:19.079968+00:00,1.084929107,1.085123731,1.083383861,1.083578242,2100,synthetic
12087792,2024-01-11T15:24:19.079968+00:00,2024-01-12T15:24:19.079968+00:00,1.083578242,1.084700361,1.082606546,1.083728529,2107,synthetic
12087792,2024-01-12T15:24:19.079968+00:00,2024-01-13T15:24:19.079968+00:00,1.083728529,1.085781385,1.083000593,1.085052559,2114,synthetic
12087792,2024-01-13T15:24:19.079968+00:00,2024-01-14T15:24:19.079968+00:00,1.085052559,1.086457103,1.08447966,1.085883764,2121,synthetic
12087792,2024-01-14T15:24:19.079968+00:00,2024-01-15T15:24:19.079968+00:00,1.085883764,1.087052163,1.084839622,1.086007901,2128,synthetic
12087792,2024-01-15T15:24:19.079968+00:00,2024-01-16T15:24:19.079968+00:00,1.086007901,1.086008014,1.085799441,1.085799554,2135,synthetic
12087792,2024-01-16T15:24:19.079968+00:00,2024-01-17T15:24:19.079968+00:00,1.085799554,1.086843677,1.083771646,1.084814822,2142,synthetic
12087792,2024-01-17T15:24:19.079968+00:00,2024-01-18T15:24:19.079968+00:00,1.084814822,1.085387405,1.083000374,1.083572301,2149,synthetic
12087792,2024-01-18T15:24:19.079968+00:00,2024-01-19T15:24:19.079968+00:00,1.083572301,1.08447167,1.082844304,1.083743558,2156,synthetic
12087792,2024-01-19T15:24:19.079968+00:00,2024-01-20T15:24:19.079968+00:00,1.083743558,1.086168246,1.082771812,1.085195199,2163,synthetic
12087792,2024-01-20T15:24:19.079968+00:00,2024-01-21T15:24:19.079968+00:00,1.085195199,1.086286638,1.085000306,1.086091584,2170,synthetic
12087792,2024-01-21T15:24:19.079968+00:00,2024-01-22T15:24:19.079968+00:00,1.086091584,1.087172518,1.084901087,1.085981912,2177,synthetic
12087792,2024-01-22T15:24:19.079968+00:00,2024-01-23T15:24:19.079968+00:00,1.085981912,1.086380242,1.085161792,1.085559967,2184,synthetic
12087792,2024-01-23T15:24:19.079968+00:00,2024-01-24T15:24:19.079968+00:00,1.085559967,1.086421777,1.083824446,1.084685562,2191,synthetic
12087792,2024-01-24T15:24:19.079968+00:00,2024-01-25T15:24:19.079968+00:00,1.084685562,1.085556162,1.08273586,1.083605594,2198,synthetic
12087792,2024-01-25T15:24:19.079968+00:00,2024-01-26T15:24:19.079968+00:00,1.083605594,1.084177608,1.083222812,1.083794759,2205,synthetic
12087792,2024-01-26T15:24:19.079968+00:00,2024-01-27T15:24:19.079968+00:00,1.083794759,1.086397594,1.082714693,1.085316012,2212,synthetic
12087792,2024-01-27T15:24:19.079968+00:00,2024-01-28T15:24:19.079968+00:00,1.085316012,1.086483391,1.085105618,1.086272812,2219,synthetic
12087792,2024-01-28T15:24:19.079968+00:00,2024-01-29T15:24:19.079968+00:00,1.086272812,1.087239741,1.084992311,1.08595896,2226,synthetic
12087792,2024-01-29T15:24:19.079968+00:00,2024-01-30T15:24:19.079968+00:00,1.08595896,1.086700162,1.084568875,1.085309633,2233,synthetic
12087792,2024-01-30T15:24:19.079968+00:00,2024-01-31T15:24:19.079968+00:00,1.085309633,1.085869034,1.083982426,1.084541431,2240,synthetic
12087792,2024-01-31T15:24:19.079968+00:00,2024-02-01T15:24:19.079968+00:00,1.084541431,1.085588555,1.082625841,1.083672125,2247,synthetic
12087792,2024-02-01T15:24:19.079968+00:00,2024-02-02T15:24:19.079968+00:00,1.083672125,1.083901232,1.083656281,1.083885384,2254,synthetic
12087792,2024-02-02T15:24:19.079968+00:00,2024-02-03T15:24:19.079968+00:00,1.083885384,1.086455958,1.082847595,1.085416702,2261,synthetic
12087792,2024-02-03T15:24:19.079968+00:00,2024-02-04T15:24:19.079968+00:00,1.085416702,1.087005551,1.084830289,1.086418597,2268,synthetic
12087792,2024-02-04T15:24:19.079968+00:00,2024-02-05T15:24:19.079968+00:00,1.086418597,1.087136579,1.085219924,1.085937588,2275,synthetic
12087792,2024-02-05T15:24:19.079968+00:00,2024-02-06T15:24:19.079968+00:00,1.085937588,1.086918275,1.084079436,1.085059329,2282,synthetic
12087792,2024-02-06T15:24:19.079968+00:00,2024-02-07T15:24:19.079968+00:00,1.085059329,1.085238459,1.084205632,1.084384651,2289,synthetic
12087792,2024-02-07T15:24:19.079968+00:00,2024-02-08T15:24:19.079968+00:00,1.084384651,1.085462215,1.082687631,1.083764579,2296,synthetic
12087792,2024-02-08T15:24:19.079968+00:00,2024-02-09T15:24:19.079968+00:00,1.083764579,1.084428802,1.08335226,1.084016387,2303,synthetic
12087792,2024-02-09T15:24:19.079968+00:00,2024-02-10T15:24:19.079968+00:00,1.084016387,1.08635258,1.083165601,1.085500629,2310,synthetic
12087792,2024-02-10T15:24:19.079968+00:00,2024-02-11T15:24:19.079968+00:00,1.085500629,1.087403367,1.084619936,1.086521845,2317,synthetic
12087792,2024-02-11T15:24:19.079968+00:00,2024-02-12T15:24:19.079968+00:00,1.086521845,1.086890648,1.085546013,1.08591461,2324,synthetic
12087792,2024-02-12T15:24:19.079968+00:00,2024-02-13T15:24:19.079968+00:00,1.08591461,1.086997996,1.083737032,1.084819326,2331,synthetic
12087792,2024-02-13T15:24:19.079968+00:00,2024-02-14T15:24:19.079968+00:00,1.084819326,1.085045272,1.08399373,1.08421955,2338,synthetic
12087792,2024-02-14T15:24:19.079968+00:00,2024-02-15T15:24:19.079968+00:00,1.08421955,1.085177272,1.082917578,1.083874996,2345,synthetic
12087792,2024-02-15T15:24:19.079968+00:00,2024-02-16T15:24:19.079968+00:00,1.083874996,1.08493775,1.083123632,1.084186171,2352,synthetic
12087792,2024-02-16T15:24:19.079968+00:00,2024-02-17T15:24:19.079968+00:00,1.084186171,1.086118066,1.08364109,1.085572288,2359,synthetic
12087792,2024-02-17T15:24:19.079968+00:00,2024-02-18T15:24:19.079968+00:00,1.085572288,1.087630891,1.08452012,1.086577749,2366,synthetic
12087792,2024-02-18T15:24:19.079968+00:00,2024-02-19T15:24:19.079968+00:00,1.086577749,1.086609632,1.08585363,1.085885493,2373,synthetic
12087792,2024-02-19T15:24:19.079968+00:00,2024-02-20T15:24:19.079968+00:00,1.085885493,1.086920472,1.083564935,1.084598687,2380,synthetic
12087792,2024-02-20T15:24:19.079968+00:00,2024-02-21T15:24:19.079968+00:00,1.084598687,1.085198034,1.08345331,1.084052354,2387,synthetic
12087792,2024-02-21T15:24:19.079968+00:00,2024-02-22T15:24:19.079968+00:00,1.084052354,1.084756715,1.08329116,1.083995484,2394,synthetic
12087792,2024-02-22T15:24:19.079968+00:00,2024-02-23T15:24:19.079968+00:00,1.083995484,1.085376598,1.083009802,1.084390557,2401,synthetic
12087792,2024-02-23T15:24:19.079968+00:00,2024-02-24T15:24:19.079968+00:00,1.084390557,1.085800121,1.084227305,1.085636681,2408,synthetic
12087792,2024-02-24T15:24:19.079968+00:00,2024-02-25T15:24:19.079968+00:00,1.085636681,1.087661981,1.08455978,1.08658414,2415,synthetic
12087792,2024-02-25T15:24:19.079968+00:00,2024-02-26T15:24:19.079968+00:00,1.08658414,1.087012284,1.08541703,1.085844882,2422,synthetic
12087792,2024-02-26T15:24:19.079968+00:00,2024-02-27T15:24:19.079968+00:00,1.085844882,1.086687102,1.083563576,1.084404679,2429,synthetic
12087792,2024-02-27T15:24:19.079968+00:00,2024-02-28T15:24:19.079968+00:00,1.084404679,1.085293723,1.083002159,1.083890782,2436,synthetic
12087792,2024-02-28T15:24:19.079968+00:00,2024-02-29T15:24:19.079968+00:00,1.083890782,1.084471821,1.083537924,1.084118889,2443,synthetic
12087792,2024-02-29T15:24:19.079968+00:00,2024-03-01T15:24:19.079968+00:00,1.084118889,1.085706019,1.083036323,1.084622949,2450,synthetic
12087792,2024-03-01T15:24:19.079968+00:00,2024-03-02T15:24:19.079968+00:00,1.084622949,1.08594041,1.084381448,1.08569867,2457,synthetic
12087792,2024-03-02T15:24:19.079968+00:00,2024-03-03T15:24:19.079968+00:00,1.08569867,1.087493801,1.084747239,1.086541632,2464,synthetic
12087792,2024-03-03T15:24:19.079968+00:00,2024-03-04T15:24:19.079968+00:00,1.086541632,1.087306293,1.085023096,1.085787226,2471,synthetic
12087792,2024-03-04T15:24:19.079968+00:00,2024-03-05T15:24:19.079968+00:00,1.085787226,1.086319233,1.083711099,1.084242349,2478,synthetic
12087792,2024-03-05T15:24:19.079968+00:00,2024-03-06T15:24:19.079968+00:00,1.084242349,1.085297043,1.082689272,1.083743481,2485,synthetic
12087792,2024-03-06T15:24:19.079968+00:00,2024-03-07T15:24:19.079968+00:00,1.083743481,1.084287145,1.083695734,1.084239376,2492,synthetic
12087792,2024-03-07T15:24:19.079968+00:00,2024-03-08T15:24:19.079968+00:00,1.084239376,1.08590379,1.083210909,1.08487472,2499,synthetic
12087792,2024-03-08T15:24:19.079968+00:00,2024-03-09T15:24:19.079968+00:00,1.08487472,1.086375588,1.084261972,1.085762339,2506,synthetic
12087792,2024-03-09T15:24:19.079968+00:00,2024-03-10T15:24:19.079968+00:00,1.085762339,1.087147224,1.085069096,1.08645354,2513,synthetic
12087792,2024-03-10T15:24:19.079968+00:00,2024-03-11T15:24:19.079968+00:00,1.08645354,1.087448007,1.084713656,1.08570744,2520,synthetic
12087792,2024-03-11T15:24:19.079968+00:00,2024-03-12T15:24:19.079968+00:00,1.08570744,1.085855068,1.083966878,1.084114289,2527,synthetic
12087792,2024-03-12T15:24:19.079968+00:00,2024-03-13T15:24:19.079968+00:00,1.084114289,1.085187543,1.082546599,1.083619362,2534,synthetic
12087792,2024-03-13T15:24:19.079968+00:00,2024-03-14T15:24:19.079968+00:00,1.083619362,1.084794743,1.083177768,1.08435285,2541,synthetic
12087792,2024-03-14T15:24:19.079968+00:00,2024-03-15T15:24:19.079968+00:00,1.08435285,1.08596726,1.083521956,1.085135766,2548,synthetic
12087792,2024-03-15T15:24:19.079968+00:00,2024-03-16T15:24:19.079968+00:00,1.085135766,1.086729731,1.084237071,1.08583046,2555,synthetic
12087792,2024-03-16T15:24:19.079968+00:00,2024-03-17T15:24:19.079968+00:00,1.08583046,1.086664087,1.085492126,1.086325599,2562,synthetic
12087792,2024-03-17T15:24:19.079968+00:00,2024-03-18T15:24:19.079968+00:00,1.086325599,1.087411107,1.084516766,1.08560155,2569,synthetic
12087792,2024-03-18T15:24:19.079968+00:00,2024-03-19T15:24:19.079968+00:00,1.08560155,1.085858826,1.083763726,1.084020627,2576,synthetic
12087792,2024-03-19T15:24:19.079968+00:00,2024-03-20T15:24:19.079968+00:00,1.084020627,1.084962795,1.082585133,1.083526872,2583,synthetic
12087792,2024-03-20T15:24:19.079968+00:00,2024-03-21T15:24:19.079968+00:00,1.083526872,1.085231665,1.08275308,1.08445721,2590,synthetic
12087792,2024-03-21T15:24:19.079968+00:00,2024-03-22T15:24:19.079968+00:00,1.08445721,1.085913008,1.083939832,1.085395183,2597,synthetic
12087792,2024-03-22T15:24:19.079968+00:00,2024-03-23T15:24:19.079968+00:00,1.085395183,1.08696399,1.084335776,1.085904085,2604,synthetic
12087792,2024-03-23T15:24:19.079968+00:00,2024-03-24T15:24:19.079968+00:00,1.085904085,1.086229309,1.085840274,1.086165483,2611,synthetic
12087792,2024-03-24T15:24:19.079968+00:00,2024-03-25T15:24:19.079968+00:00,1.086165483,1.087190601,1.08444279,1.08546725,2618,synthetic
12087792,2024-03-25T15:24:19.079968+00:00,2024-03-26T15:24:19.079968+00:00,1.08546725,1.086093456,1.08333388,1.083959216,2625,synthetic
12087792,2024-03-26T15:24:19.079968+00:00,2024-03-27T15:24:19.079968+00:00,1.083959216,1.084638948,1.082793859,1.083473287,2632,synthetic
12087792,2024-03-27T15:24:19.079968+00:00,2024-03-28T15:24:19.079968+00:00,1.083473287,1.085551437,1.082475231,1.084552387,2639,synthetic
12087792,2024-03-28T15:24:19.079968+00:00,2024-03-29T15:24:19.079968+00:00,1.084552387,1.08577379,1.084420753,1.085642024,2646,synthetic
12087792,2024-03-29T15:24:19.079968+00:00,2024-03-30T15:24:19.079968+00:00,1.085642024,1.087055056,1.084569632,1.085982328,2653,synthetic
12087792,2024-03-30T15:24:19.079968+00:00,2024-03-31T15:24:19.079968+00:00,1.085982328,1.08643944,1.085525072,1.085982184,2660,synthetic
12087792,2024-03-31T15:24:19.079968+00:00,2024-04-01T15:24:19.079968+00:00,1.085982184,1.086803961,1.084483059,1.085304324,2667,synthetic
12087792,2024-04-01T15:24:19.079968+00:00,2024-04-02T15:24:19.079968+00:00,1.085304324,1.086212018,1.083019475,1.083926017,2674,synthetic
12087792,2024-04-02T15:24:19.079968+00:00,2024-04-03T15:24:19.079968+00:00,1.083926017,1.084248554,1.083141675,1.083464075,2681,synthetic
12087792,2024-04-03T15:24:19.079968+00:00,2024-04-04T15:24:19.079968+00:00,1.083464075,1.08572451,1.082380925,1.084640184,2688,synthetic
12087792,2024-04-04T15:24:19.079968+00:00,2024-04-05T15:24:19.079968+00:00,1.084640184,1.086138901,1.084367648,1.085866056,2695,synthetic
12087792,2024-04-05T15:24:19.079968+00:00,2024-04-06T15:24:19.079968+00:00,1.085866056,1.086998265,1.084930294,1.086062333,2702,synthetic
12087792,2024-04-06T15:24:19.079968+00:00,2024-04-07T15:24:19.079968+00:00,1.086062333,1.086849046,1.084998795,1.085785306,2709,synthetic
12087792,2024-04-07T15:24:19.079968+00:00,2024-04-08T15:24:19.079968+00:00,1.085785306,1.08628921,1.08461129,1.085114883,2716,synthetic
12087792,2024-04-08T15:24:19.079968+00:00,2024-04-09T15:24:19.079968+00:00,1.085114883,1.086177378,1.082854318,1.083915639,2723,synthetic
12087792,2024-04-09T15:24:19.079968+00:00,2024-04-10T15:24:19.079968+00:00,1.083915639,1.083995259,1.083422808,1.083502397,2730,synthetic
12087792,2024-04-10T15:24:19.079968+00:00,2024-04-11T15:24:19.079968+00:00,1.083502397,1.085742295,1.082485176,1.084723927,2737,synthetic
12087792,2024-04-11T15:24:19.079968+00:00,2024-04-12T15:24:19.079968+00:00,1.084723927,1.086698009,1.084085171,1.086058468,2744,synthetic
12087792,2024-04-12T15:24:19.079968+00:00,2024-04-13T15:24:19.079968+00:00,1.086058468,1.086808032,1.08538995,1.086139465,2751,synthetic
12087792,2024-04-13T15:24:19.079968+00:00,2024-04-14T15:24:19.079968+00:00,1.086139465,1.087146092,1.084578212,1.085584325,2758,synthetic
12087792,2024-04-14T15:24:19.079968+00:00,2024-04-15T15:24:19.079968+00:00,1.085584325,1.085700203,1.084787603,1.084903408,2765,synthetic
12087792,2024-04-15T15:24:19.079968+00:00,2024-04-16T15:24:19.079968+00:00,1.084903408,1.085972466,1.082853879,1.08392197,2772,synthetic
12087792,2024-04-16T15:24:19.079968+00:00,2024-04-17T15:24:19.079968+00:00,1.08392197,1.084392643,1.083118248,1.083588776,2779,synthetic
12087792,2024-04-17T15:24:19.079968+00:00,2024-04-18T15:24:19.079968+00:00,1.083588776,1.08561832,1.08277933,1.084807963,2786,synthetic
12087792,2024-04-18T15:24:19.079968+00:00,2024-04-19T15:24:19.079968+00:00,1.084807963,1.087129574,1.083892026,1.086212451,2793,synthetic
12087792,2024-04-19T15:24:19.079968+00:00,2024-04-20T15:24:19.079968+00:00,1.086212451,1.086520364,1.085899758,1.08620767,2800,synthetic
12087792,2024-04-20T15:24:19.079968+00:00,2024-04-21T15:24:19.079968+00:00,1.08620767,1.08729383,1.084302542,1.085387882,2807,synthetic
12087792,2024-04-21T15:24:19.079968+00:00,2024-04-22T15:24:19.079968+00:00,1.085387882,1.085676046,1.084388594,1.084676569,2814,synthetic
12087792,2024-04-22T15:24:19.079968+00:00,2024-04-23T15:24:19.079968+00:00,1.084676569,1.085603103,1.083012954,1.083938857,2821,synthetic
12087792,2024-04-23T15:24:19.079968+00:00,2024-04-24T15:24:19.079968+00:00,1.083938857,1.08473495,1.082925049,1.083720982,2828,synthetic
12087792,2024-04-24T15:24:19.079968+00:00,2024-04-25T15:24:19.079968+00:00,1.083720982,1.085386342,1.083232225,1.084897055,2835,synthetic
12087792,2024-04-25T15:24:19.079968+00:00,2024-04-26T15:24:19.079968+00:00,1.084897055,1.087390438,1.083831644,1.086323626,2842,synthetic
12087792,2024-04-26T15:24:19.079968+00:00,2024-04-27T15:24:19.079968+00:00,1.086323626,1.086419367,1.086164276,1.086260011,2849,synthetic
12087792,2024-04-27T15:24:19.079968+00:00,2024-04-28T15:24:19.079968+00:00,1.086260011,1.087274202,1.084189979,1.085203184,2856,synthetic
12087792,2024-04-28T15:24:19.079968+00:00,2024-04-29T15:24:19.079968+00:00,1.085203184,1.085855067,1.083791425,1.084442851,2863,synthetic
12087792,2024-04-29T15:24:19.079968+00:00,2024-04-30T15:24:19.079968+00:00,1.084442851,1.085097718,1.08330618,1.083960756,2870,synthetic
12087792,2024-04-30T15:24:19.079968+00:00,2024-05-01T15:24:19.079968+00:00,1.083960756,1.08497125,1.082883697,1.083894129,2877,synthetic
12087792,2024-05-01T15:24:19.079968+00:00,2024-05-02T15:24:19.079968+00:00,1.083894129,1.08509565,1.083794312,1.084995732,2884,synthetic
12087792,2024-05-02T15:24:19.079968+00:00,2024-05-03T15:24:19.079968+00:00,1.084995732,1.087457949,1.083929419,1.086390266,2891,synthetic
12087792,2024-05-03T15:24:19.079968+00:00,2024-05-04T15:24:19.079968+00:00,1.086390266,1.086876369,1.085803245,1.086289303,2898,synthetic
12087792,2024-05-04T15:24:19.079968+00:00,2024-05-05T15:24:19.079968+00:00,1.086289303,1.087090045,1.084235719,1.085035537,2905,synthetic
12087792,2024-05-05T15:24:19.079968+00:00,2024-05-06T15:24:19.079968+00:00,1.085035537,1.085960128,1.083288116,1.084212005,2912,synthetic
12087792,2024-05-06T15:24:19.079968+00:00,2024-05-07T15:24:19.079968+00:00,1.084212005,1.084504008,1.083691362,1.083983304,2919,synthetic
12087792,2024-05-07T15:24:19.079968+00:00,2024-05-08T15:24:19.079968+00:00,1.083983304,1.085185077,1.082899336,1.084100992,2926,synthetic
12087792,2024-05-08T15:24:19.079968+00:00,2024-05-09T15:24:19.079968+00:00,1.084100992,1.08541112,1.083797811,1.085107657,2933,synthetic
12087792,2024-05-09T15:24:19.079968+00:00,2024-05-10T15:24:19.079968+00:00,1.085107657,1.087332897,1.084189164,1.086413298,2940,synthetic
12087792,2024-05-10T15:24:19.079968+00:00,2024-05-11T15:24:19.079968+00:00,1.086413298,1.087221978,1.085480214,1.086288801,2947,synthetic
12087792,2024-05-11T15:24:19.079968+00:00,2024-05-12T15:24:19.079968+00:00,1.086288801,1.086764386,1.08441311,1.084888082,2954,synthetic
12087792,2024-05-12T15:24:19.079968+00:00,2024-05-13T15:24:19.079968+00:00,1.084888082,1.085956383,1.082926958,1.083994378,2961,synthetic
12087792,2024-05-13T15:24:19.079968+00:00,2024-05-14T15:24:19.079968+00:00,1.083994378,1.084115181,1.083882953,1.084003755,2968,synthetic
12087792,2024-05-14T15:24:19.079968+00:00,2024-05-15T15:24:19.079968+00:00,1.084003755,1.085339066,1.082997497,1.084332503,2975,synthetic
12087792,2024-05-15T15:24:19.079968+00:00,2024-05-16T15:24:19.079968+00:00,1.084332503,1.085899677,1.083668448,1.08523507,2982,synthetic
12087792,2024-05-16T15:24:19.079968+00:00,2024-05-17T15:24:19.079968+00:00,1.08523507,1.087039325,1.084592533,1.0863961,2989,synthetic
12087792,2024-05-17T15:24:19.079968+00:00,2024-05-18T15:24:19.079968+00:00,1.0863961,1.087414544,1.085234574,1.086252883,2996,synthetic
12087792,2024-05-18T15:24:19.079968+00:00,2024-05-19T15:24:19.079968+00:00,1.086252883,1.086336979,1.084677741,1.084761722,3003,synthetic
12087792,2024-05-19T15:24:19.079968+00:00,2024-05-20T15:24:19.079968+00:00,1.084761722,1.085824737,1.082738094,1.083800167,3010,synthetic
12087792,2024-05-20T15:24:19.079968+00:00,2024-05-21T15:24:19.079968+00:00,1.083800167,1.084520506,1.083301004,1.084021241,3017,synthetic
12087792,2024-05-21T15:24:19.079968+00:00,2024-05-22T15:24:19.079968+00:00,1.084021241,1.085366994,1.083233043,1.084578391,3024,synthetic
12087792,2024-05-22T15:24:19.079968+00:00,2024-05-23T15:24:19.079968+00:00,1.084578391,1.086311512,1.083645933,1.085378366,3031,synthetic
12087792,2024-05-23T15:24:19.079968+00:00,2024-05-24T15:24:19.079968+00:00,1.085378366,1.086621237,1.085101472,1.086344096,3038,synthetic
12087792,2024-05-24T15:24:19.079968+00:00,2024-05-25T15:24:19.079968+00:00,1.086344096,1.087430221,1.085091698,1.086177657,3045,synthetic
12087792,2024-05-25T15:24:19.079968+00:00,2024-05-26T15:24:19.079968+00:00,1.086177657,1.086496741,1.084336628,1.084655265,3052,synthetic
12087792,2024-05-26T15:24:19.079968+00:00,2024-05-27T15:24:19.079968+00:00,1.084655265,1.085564772,1.082730023,1.083638678,3059,synthetic
12087792,2024-05-27T15:24:19.079968+00:00,2024-05-28T15:24:19.079968+00:00,1.083638678,1.084854309,1.082821495,1.084036826,3066,synthetic
12087792,2024-05-28T15:24:19.079968+00:00,2024-05-29T15:24:19.079968+00:00,1.084036826,1.085288455,1.08357663,1.084827922,3073,synthetic
12087792,2024-05-29T15:24:19.079968+00:00,2024-05-30T15:24:19.079968+00:00,1.084827922,1.08660745,1.083757014,1.085535843,3080,synthetic
12087792,2024-05-30T15:24:19.079968+00:00,2024-05-31T15:24:19.079968+00:00,1.085535843,1.086391754,1.085408373,1.086264199,3087,synthetic
12087792,2024-05-31T15:24:19.079968+00:00,2024-06-01T15:24:19.079968+00:00,1.086264199,1.087266497,1.085059325,1.086061437,3094,synthetic
12087792,2024-06-01T15:24:19.079968+00:00,2024-06-02T15:24:19.079968+00:00,1.086061437,1.08673912,1.083889009,1.08456576,3101,synthetic
12087792,2024-06-02T15:24:19.079968+00:00,2024-06-03T15:24:19.079968+00:00,1.08456576,1.085194961,1.082889038,1.083517631,3108,synthetic
12087792,2024-06-03T15:24:19.079968+00:00,2024-06-04T15:24:19.079968+00:00,1.083517631,1.085075067,1.082496442,1.084053373,3115,synthetic
12087792,2024-06-04T15:24:19.079968+00:00,2024-06-05T15:24:19.079968+00:00,1.084053373,1.085138714,1.083985371,1.085070648,3122,synthetic
12087792,2024-06-05T15:24:19.079968+00:00,2024-06-06T15:24:19.079968+00:00,1.085070648,1.086764296,1.084010628,1.085703658,3129,synthetic
12087792,2024-06-06T15:24:19.079968+00:00,2024-06-07T15:24:19.079968+00:00,1.085703658,1.086678543,1.085189482,1.086164149,3136,synthetic
12087792,2024-06-07T15:24:19.079968+00:00,2024-06-08T15:24:19.079968+00:00,1.086164149,1.086942839,1.085126546,1.08590505,3143,synthetic
12087792,2024-06-08T15:24:19.079968+00:00,2024-06-09T15:24:19.079968+00:00,1.08590505,1.086846714,1.083548549,1.084488985,3150,synthetic
12087792,2024-06-09T15:24:19.079968+00:00,2024-06-10T15:24:19.079968+00:00,1.084488985,1.084750182,1.083181648,1.083442593,3157,synthetic
12087792,2024-06-10T15:24:19.079968+00:00,2024-06-11T15:24:19.079968+00:00,1.083442593,1.085158618,1.082359807,1.0840752,3164,synthetic
12087792,2024-06-11T15:24:19.079968+00:00,2024-06-12T15:24:19.079968+00:00,1.0840752,1.085631205,1.083741509,1.085297138,3171,synthetic
12087792,2024-06-12T15:24:19.079968+00:00,2024-06-13T15:24:19.079968+00:00,1.085297138,1.086777701,1.084395899,1.085875981,3178,synthetic
12087792,2024-06-13T15:24:19.079968+00:00,2024-06-14T15:24:19.079968+00:00,1.085875981,1.086881227,1.085046699,1.086051811,3185,synthetic
12087792,2024-06-14T15:24:19.079968+00:00,2024-06-15T15:24:19.079968+00:00,1.086051811,1.086498334,1.08526555,1.085711934,3192,synthetic
12087792,2024-06-15T15:24:19.079968+00:00,2024-06-16T15:24:19.079968+00:00,1.085711934,1.086786151,1.083347113,1.084420052,3199,synthetic
12087792,2024-06-16T15:24:19.079968+00:00,2024-06-17T15:24:19.079968+00:00,1.084420052,1.084563235,1.083273523,1.083416574,3206,synthetic
12087792,2024-06-17T15:24:19.079968+00:00,2024-06-18T15:24:19.079968+00:00,1.083416574,1.085101639,1.082423161,1.084107593,3213,synthetic
12087792,2024-06-18T15:24:19.079968+00:00,2024-06-19T15:24:19.079968+00:00,1.084107593,1.086189346,1.083418728,1.085499596,3220,synthetic
12087792,2024-06-19T15:24:19.079968+00:00,2024-06-20T15:24:19.079968+00:00,1.085499596,1.08666232,1.08488294,1.086045354,3227,synthetic
12087792,2024-06-20T15:24:19.079968+00:00,2024-06-21T15:24:19.079968+00:00,1.086045354,1.08707416,1.084905785,1.085934486,3234,synthetic
12087792,2024-06-21T15:24:19.079968+00:00,2024-06-22T15:24:19.079968+00:00,1.085934486,1.08598664,1.085435886,1.085488019,3241,synthetic
12087792,2024-06-22T15:24:19.079968+00:00,2024-06-23T15:24:19.079968+00:00,1.085488019,1.086544917,1.083298259,1.084354053,3248,synthetic
12087792,2024-06-23T15:24:19.079968+00:00,2024-06-24T15:24:19.079968+00:00,1.084354053,1.084881597,1.082912722,1.083439821,3255,synthetic
12087792,2024-06-24T15:24:19.079968+00:00,2024-06-25T15:24:19.079968+00:00,1.083439821,1.084922236,1.08267429,1.084156199,3262,synthetic
12087792,2024-06-25T15:24:19.079968+00:00,2024-06-26T15:24:19.079968+00:00,1.084156199,1.08662166,1.083208203,1.085672338,3269,synthetic
12087792,2024-06-26T15:24:19.079968+00:00,2024-06-27T15:24:19.079968+00:00,1.085672338,1.086449276,1.0854264,1.086203218,3276,synthetic
12087792,2024-06-27T15:24:19.079968+00:00,2024-06-28T15:24:19.079968+00:00,1.086203218,1.087288088,1.084733818,1.085818304,3283,synthetic
12087792,2024-06-28T15:24:19.079968+00:00,2024-06-29T15:24:19.079968+00:00,1.085818304,1.086167707,1.084892187,1.085241404,3290,synthetic
12087792,2024-06-29T15:24:19.079968+00:00,2024-06-30T15:24:19.079968+00:00,1.085241404,1.086133596,1.0833953,1.084286707,3297,synthetic
12087792,2024-06-30T15:24:19.079968+00:00,2024-07-01T15:24:19.079968+00:00,1.084286707,1.085124992,1.082672153,1.083509837,3304,synthetic
12087792,2024-07-01T15:24:19.079968+00:00,2024-07-02T15:24:19.079968+00:00,1.083509837,1.084657535,1.083078951,1.084226364,3311,synthetic
12087792,2024-07-02T15:24:19.079968+00:00,2024-07-03T15:24:19.079968+00:00,1.084226364,1.086888594,1.083151416,1.085812074,3318,synthetic
12087792,2024-07-03T15:24:19.079968+00:00,2024-07-04T15:24:19.079968+00:00,1.085812074,1.086499832,1.085652874,1.086340555,3325,synthetic
12087792,2024-07-04T15:24:19.079968+00:00,2024-07-05T15:24:19.079968+00:00,1.086340555,1.087330158,1.084718732,1.085707758,3332,synthetic
12087792,2024-07-05T15:24:19.079968+00:00,2024-07-06T15:24:19.079968+00:00,1.085707758,1.086409909,1.084280164,1.084981846,3339,synthetic
12087792,2024-07-06T15:24:19.079968+00:00,2024-07-07T15:24:19.079968+00:00,1.084981846,1.085584993,1.083612204,1.084214925,3346,synthetic
12087792,2024-07-07T15:24:19.079968+00:00,2024-07-08T15:24:19.079968+00:00,1.084214925,1.085247,1.082590101,1.083621611,3353,synthetic
12087792,2024-07-08T15:24:19.079968+00:00,2024-07-09T15:24:19.079968+00:00,1.083621611,1.084358601,1.083585511,1.084322477,3360,synthetic
12087792,2024-07-09T15:24:19.079968+00:00,2024-07-10T15:24:19.079968+00:00,1.084322477,1.08697154,1.083270469,1.085917983,3367,synthetic
12087792,2024-07-10T15:24:19.079968+00:00,2024-07-11T15:24:19.079968+00:00,1.085917983,1.086991096,1.085375766,1.086448613,3374,synthetic
12087792,2024-07-11T15:24:19.079968+00:00,2024-07-12T15:24:19.079968+00:00,1.086448613,1.087204866,1.084849738,1.085605403,3381,synthetic
12087792,2024-07-12T15:24:19.079968+00:00,2024-07-13T15:24:19.079968+00:00,1.085605403,1.08656232,1.083763967,1.084720103,3388,synthetic
12087792,2024-07-13T15:24:19.079968+00:00,2024-07-14T15:24:19.079968+00:00,1.084720103,1.084950242,1.083907239,1.084137254,3395,synthetic
12087792,2024-07-14T15:24:19.079968+00:00,2024-07-15T15:24:19.079968+00:00,1.084137254,1.085219153,1.082686515,1.083768045,3402,synthetic
12087792,2024-07-15T15:24:19.079968+00:00,2024-07-16T15:24:19.079968+00:00,1.083768045,1.084811427,1.083404231,1.084447384,3409,synthetic
12087792,2024-07-16T15:24:19.079968+00:00,2024-07-17T15:24:19.079968+00:00,1.084447384,1.086875187,1.083565033,1.085991579,3416,synthetic
12087792,2024-07-17T15:24:19.079968+00:00,2024-07-18T15:24:19.079968+00:00,1.085991579,1.087369689,1.085141924,1.086519622,3423,synthetic
12087792,2024-07-18T15:24:19.079968+00:00,2024-07-19T15:24:19.079968+00:00,1.086519622,1.086936979,1.085094794,1.085511764,3430,synthetic
12087792,2024-07-19T15:24:19.079968+00:00,2024-07-20T15:24:19.079968+00:00,1.085511764,1.086589956,1.083390047,1.084467202,3437,synthetic
12087792,2024-07-20T15:24:19.079968+00:00,2024-07-21T15:24:19.079968+00:00,1.084467202,1.084641982,1.083879439,1.084054153,3444,synthetic
12087792,2024-07-21T15:24:19.079968+00:00,2024-07-22T15:24:19.079968+00:00,1.084054153,1.085034981,1.082959813,1.083940538,3451,synthetic
12087792,2024-07-22T15:24:19.079968+00:00,2024-07-23T15:24:19.079968+00:00,1.083940538,1.085315464,1.083227432,1.084601923,3458,synthetic
12087792,2024-07-23T15:24:19.079968+00:00,2024-07-24T15:24:19.079968+00:00,1.084601923,1.086626744,1.084012328,1.086036369,3465,synthetic
12087792,2024-07-24T15:24:19.079968+00:00,2024-07-25T15:24:19.079968+00:00,1.086036369,1.087586541,1.084997773,1.086547457,3472,synthetic
12087792,2024-07-25T15:24:19.079968+00:00,2024-07-26T15:24:19.079968+00:00,1.086547457,1.08656766,1.085405258,1.08542544,3479,synthetic
12087792,2024-07-26T15:24:19.079968+00:00,2024-07-27T15:24:19.079968+00:00,1.08542544,1.086474532,1.083185728,1.084233668,3486,synthetic
12087792,2024-07-27T15:24:19.079968+00:00,2024-07-28T15:24:19.079968+00:00,1.084233668,1.084788818,1.083413049,1.083968063,3493,synthetic
12087792,2024-07-28T15:24:19.079968+00:00,2024-07-29T15:24:19.079968+00:00,1.083968063,1.084872773,1.083225078,1.084129677,3500,synthetic
12087792,2024-07-29T15:24:19.079968+00:00,2024-07-30T15:24:19.079968+00:00,1.084129677,1.085748265,1.083166626,1.084784632,3507,synthetic
12087792,2024-07-30T15:24:19.079968+00:00,2024-07-31T15:24:19.079968+00:00,1.084784632,1.086272129,1.084570114,1.086057359,3514,synthetic
12087792,2024-07-31T15:24:19.079968+00:00,2024-08-01T15:24:19.079968+00:00,1.086057359,1.087611325,1.084974689,1.086528185,3521,synthetic
12087792,2024-08-01T15:24:19.079968+00:00,2024-08-02T15:24:19.079968+00:00,1.086528185,1.086907957,1.084964056,1.085343414,3528,synthetic
12087792,2024-08-02T15:24:19.079968+00:00,2024-08-03T15:24:19.079968+00:00,1.085343414,1.086217108,1.083156167,1.084028802,3535,synthetic
12087792,2024-08-03T15:24:19.079968+00:00,2024-08-04T15:24:19.079968+00:00,1.084028802,1.084886771,1.083025433,1.083883286,3542,synthetic
12087792,2024-08-04T15:24:19.079968+00:00,2024-08-05T15:24:19.079968+00:00,1.083883286,1.084727701,1.083481722,1.084325973,3549,synthetic
12087792,2024-08-05T15:24:19.079968+00:00,2024-08-06T15:24:19.079968+00:00,1.084325973,1.086071068,1.083247224,1.084991657,3556,synthetic
12087792,2024-08-06T15:24:19.079968+00:00,2024-08-07T15:24:19.079968+00:00,1.084991657,1.086251244,1.084801044,1.086060443,3563,synthetic
12087792,2024-08-07T15:24:19.079968+00:00,2024-08-08T15:24:19.079968+00:00,1.086060443,1.087436533,1.085084716,1.086460447,3570,synthetic
12087792,2024-08-08T15:24:19.079968+00:00,2024-08-09T15:24:19.079968+00:00,1.086460447,1.087187182,1.084535579,1.085261512,3577,synthetic
12087792,2024-08-09T15:24:19.079968+00:00,2024-08-10T15:24:19.079968+00:00,1.085261512,1.085837989,1.083284324,1.083860057,3584,synthetic
12087792,2024-08-10T15:24:19.079968+00:00,2024-08-11T15:24:19.079968+00:00,1.083860057,1.084901125,1.082764638,1.083805654,3591,synthetic
12087792,2024-08-11T15:24:19.079968+00:00,2024-08-12T15:24:19.079968+00:00,1.083805654,1.084524774,1.083801459,1.084520577,3598,synthetic
12087792,2024-08-12T15:24:19.079968+00:00,2024-08-13T15:24:19.079968+00:00,1.084520577,1.086261546,1.08347657,1.085216869,3605,synthetic
12087792,2024-08-13T15:24:19.079968+00:00,2024-08-14T15:24:19.079968+00:00,1.085216869,1.086621485,1.08464755,1.086051728,3612,synthetic
12087792,2024-08-14T15:24:19.079968+00:00,2024-08-15T15:24:19.079968+00:00,1.086051728,1.087078516,1.08531904,1.086345629,3619,synthetic
12087792,2024-08-15T15:24:19.079968+00:00,2024-08-16T15:24:19.079968+00:00,1.086345629,1.08731789,1.084203778,1.08517499,3626,synthetic
12087792,2024-08-16T15:24:19.079968+00:00,2024-08-17T15:24:19.079968+00:00,1.08517499,1.085373899,1.083533917,1.083732562,3633,synthetic
12087792,2024-08-17T15:24:19.079968+00:00,2024-08-18T15:24:19.079968+00:00,1.083732562,1.084821027,1.082653586,1.083742042,3640,synthetic
12087792,2024-08-18T15:24:19.079968+00:00,2024-08-19T15:24:19.079968+00:00,1.083742042,1.085099974,1.083348334,1.084705916,3647,synthetic
12087792,2024-08-19T15:24:19.079968+00:00,2024-08-20T15:24:19.079968+00:00,1.084705916,1.086316395,1.083842306,1.085452191,3654,synthetic
12087792,2024-08-20T15:24:19.079968+00:00,2024-08-21T15:24:19.079968+00:00,1.085452191,1.086906115,1.08458342,1.086036876,3661,synthetic
12087792,2024-08-21T15:24:19.079968+00:00,2024-08-22T15:24:19.079968+00:00,1.086036876,1.086575347,1.085649411,1.086187828,3668,synthetic
12087792,2024-08-22T15:24:19.079968+00:00,2024-08-23T15:24:19.079968+00:00,1.086187828,1.087269932,1.08399818,1.08507918,3675,synthetic
12087792,2024-08-23T15:24:19.079968+00:00,2024-08-24T15:24:19.079968+00:00,1.08507918,1.085285517,1.083442783,1.083648848,3682,synthetic
12087792,2024-08-24T15:24:19.079968+00:00,2024-08-25T15:24:19.079968+00:00,1.083648848,1.084666242,1.082682402,1.08369975,3689,synthetic
12087792,2024-08-25T15:24:19.079968+00:00,2024-08-26T15:24:19.079968+00:00,1.08369975,1.085613666,1.082963079,1.084876195,3696,synthetic
12087792,2024-08-26T15:24:19.079968+00:00,2024-08-27T15:24:19.079968+00:00,1.084876195,1.086251199,1.08431352,1.085688102,3703,synthetic
12087792,2024-08-27T15:24:19.079968+00:00,2024-08-28T15:24:19.079968+00:00,1.085688102,1.087067981,1.084640944,1.086020502,3710,synthetic
12087792,2024-08-28T15:24:19.079968+00:00,2024-08-29T15:24:19.079968+00:00,1.086020502,1.086032291,1.085981806,1.085993595,3717,synthetic
12087792,2024-08-29T15:24:19.079968+00:00,2024-08-30T15:24:19.079968+00:00,1.085993595,1.087034576,1.083930129,1.084970129,3724,synthetic
12087792,2024-08-30T15:24:19.079968+00:00,2024-08-31T15:24:19.079968+00:00,1.084970129,1.085552858,1.083026782,1.08360878,3731,synthetic
12087792,2024-08-31T15:24:19.079968+00:00,2024-09-01T15:24:19.079968+00:00,1.08360878,1.084405054,1.082889597,1.08368582,3738,synthetic
12087792,2024-09-01T15:24:19.079968+00:00,2024-09-02T15:24:19.079968+00:00,1.08368582,1.086005824,1.082708927,1.085027721,3745,synthetic
12087792,2024-09-02T15:24:19.079968+00:00,2024-09-03T15:24:19.079968+00:00,1.085027721,1.086097591,1.084844567,1.085914287,3752,synthetic
12087792,2024-09-03T15:24:19.079968+00:00,2024-09-04T15:24:19.079968+00:00,1.085914287,1.087085329,1.084834753,1.086005704,3759,synthetic
12087792,2024-09-04T15:24:19.079968+00:00,2024-09-05T15:24:19.079968+00:00,1.086005704,1.08641509,1.085362183,1.085771481,3766,synthetic
12087792,2024-09-05T15:24:19.079968+00:00,2024-09-06T15:24:19.079968+00:00,1.085771481,1.086626173,1.083991225,1.084845187,3773,synthetic
12087792,2024-09-06T15:24:19.079968+00:00,2024-09-07T15:24:19.079968+00:00,1.084845187,1.085722954,1.082732937,1.083609705,3780,synthetic
12087792,2024-09-07T15:24:19.079968+00:00,2024-09-08T15:24:19.079968+00:00,1.083609705,1.084078028,1.083238054,1.083706344,3787,synthetic
12087792,2024-09-08T15:24:19.079968+00:00,2024-09-09T15:24:19.079968+00:00,1.083706344,1.086241371,1.082625446,1.085159025,3794,synthetic
12087792,2024-09-09T15:24:19.079968+00:00,2024-09-10T15:24:19.079968+00:00,1.085159025,1.086342574,1.084937008,1.08612036,3801,synthetic
12087792,2024-09-10T15:24:19.079968+00:00,2024-09-11T15:24:19.079968+00:00,1.08612036,1.087081672,1.085032554,1.085993753,3808,synthetic
12087792,2024-09-11T15:24:19.079968+00:00,2024-09-12T15:24:19.079968+00:00,1.085993753,1.086743632,1.084781878,1.085531437,3815,synthetic
12087792,2024-09-12T15:24:19.079968+00:00,2024-09-13T15:24:19.079968+00:00,1.085531437,1.086080726,1.084154595,1.084703464,3822,synthetic
12087792,2024-09-13T15:24:19.079968+00:00,2024-09-14T15:24:19.079968+00:00,1.084703464,1.085753776,1.082597516,1.083646806,3829,synthetic
12087792,2024-09-14T15:24:19.079968+00:00,2024-09-15T15:24:19.079968+00:00,1.083646806,1.083793548,1.083619089,1.083765828,3836,synthetic
12087792,2024-09-15T15:24:19.079968+00:00,2024-09-16T15:24:19.079968+00:00,1.083765828,1.086306396,1.082731642,1.085270773,3843,synthetic
12087792,2024-09-16T15:24:19.079968+00:00,2024-09-17T15:24:19.079968+00:00,1.085270773,1.086893494,1.084674466,1.086296623,3850,synthetic
12087792,2024-09-17T15:24:19.079968+00:00,2024-09-18T15:24:19.079968+00:00,1.086296623,1.087005547,1.085275262,1.085983982,3857,synthetic
12087792,2024-09-18T15:24:19.079968+00:00,2024-09-19T15:24:19.079968+00:00,1.085983982,1.086969762,1.084298948,1.085284094,3864,synthetic
12087792,2024-09-19T15:24:19.079968+00:00,2024-09-20T15:24:19.079968+00:00,1.085284094,1.08545152,1.084378821,1.084546134,3871,synthetic
12087792,2024-09-20T15:24:19.079968+00:00,2024-09-21T15:24:19.079968+00:00,1.084546134,1.085622463,1.082638117,1.083713619,3878,synthetic
12087792,2024-09-21T15:24:19.079968+00:00,2024-09-22T15:24:19.079968+00:00,1.083713619,1.084289995,1.083290361,1.083866677,3885,synthetic
12087792,2024-09-22T15:24:19.079968+00:00,2024-09-23T15:24:19.079968+00:00,1.083866677,1.086209909,1.08302342,1.085365486,3892,synthetic
12087792,2024-09-23T15:24:19.079968+00:00,2024-09-24T15:24:19.079968+00:00,1.085365486,1.087323134,1.084478002,1.086434775,3899,synthetic
12087792,2024-09-24T15:24:19.079968+00:00,2024-09-25T15:24:19.079968+00:00,1.086434775,1.086792328,1.085616473,1.085973874,3906,synthetic
12087792,2024-09-25T15:24:19.079968+00:00,2024-09-26T15:24:19.079968+00:00,1.085973874,1.087058066,1.083956746,1.085040006,3913,synthetic
12087792,2024-09-26T15:24:19.079968+00:00,2024-09-27T15:24:19.079968+00:00,1.085040006,1.085277614,1.084139072,1.084376535,3920,synthetic
12087792,2024-09-27T15:24:19.079968+00:00,2024-09-28T15:24:19.079968+00:00,1.084376535,1.085328767,1.082850943,1.083802672,3927,synthetic
12087792,2024-09-28T15:24:19.079968+00:00,2024-09-29T15:24:19.079968+00:00,1.083802672,1.084768806,1.083042844,1.084008833,3934,synthetic
12087792,2024-09-29T15:24:19.079968+00:00,2024-09-30T15:24:19.079968+00:00,1.084008833,1.085982481,1.083474142,1.085447081,3941,synthetic
12087792,2024-09-30T15:24:19.079968+00:00,2024-10-01T15:24:19.079968+00:00,1.085447081,1.087584486,1.08439217,1.086528524,3948,synthetic
12087792,2024-10-01T15:24:19.079968+00:00,2024-10-02T15:24:19.079968+00:00,1.086528524,1.086572305,1.085915596,1.085959354,3955,synthetic
12087792,2024-10-02T15:24:19.079968+00:00,2024-10-03T15:24:19.079968+00:00,1.085959354,1.086990741,1.083778626,1.084808919,3962,synthetic
12087792,2024-10-03T15:24:19.079968+00:00,2024-10-04T15:24:19.079968+00:00,1.084808919,1.085418254,1.083591072,1.084200064,3969,synthetic
12087792,2024-10-04T15:24:19.079968+00:00,2024-10-05T15:24:19.079968+00:00,1.084200064,1.084895447,1.083210984,1.083906179,3976,synthetic
12087792,2024-10-05T15:24:19.079968+00:00,2024-10-06T15:24:19.079968+00:00,1.083906179,1.085180367,1.082915695,1.084189624,3983,synthetic
12087792,2024-10-06T15:24:19.079968+00:00,2024-10-07T15:24:19.079968+00:00,1.084189624,1.08567195,1.084038158,1.085520298,3990,synthetic
12087792,2024-10-07T15:24:19.079968+00:00,2024-10-08T15:24:19.079968+00:00,1.085520298,1.087650297,1.084445083,1.086574038,3997,synthetic
12087792,2024-10-08T15:24:19.079968+00:00,2024-10-09T15:24:19.079968+00:00,1.086574038,1.087013096,1.085496442,1.085935242,4004,synthetic
12087792,2024-10-09T15:24:19.079968+00:00,2024-10-10T15:24:19.079968+00:00,1.085935242,1.08676997,1.083765407,1.084599109,4011,synthetic
12087792,2024-10-10T15:24:19.079968+00:00,2024-10-11T15:24:19.079968+00:00,1.084599109,1.085495064,1.083128394,1.084023874,4018,synthetic
12087792,2024-10-11T15:24:19.079968+00:00,2024-10-12T15:24:19.079968+00:00,1.084023874,1.084365522,1.083675093,1.084016739,4025,synthetic
12087792,2024-10-12T15:24:19.079968+00:00,2024-10-13T15:24:19.079968+00:00,1.084016739,1.085487237,1.082933704,1.084403816,4032,synthetic
12087792,2024-10-13T15:24:19.079968+00:00,2024-10-14T15:24:19.079968+00:00,1.084403816,1.085843353,1.084150794,1.085590054,4039,synthetic
12087792,2024-10-14T15:24:19.079968+00:00,2024-10-15T15:24:19.079968+00:00,1.085590054,1.087516612,1.084644507,1.08657021,4046,synthetic
12087792,2024-10-15T15:24:19.079968+00:00,2024-10-16T15:24:19.079968+00:00,1.08657021,1.087343305,1.08512322,1.085895834,4053,synthetic
12087792,2024-10-16T15:24:19.079968+00:00,2024-10-17T15:24:19.079968+00:00,1.085895834,1.086417489,1.083895922,1.084416866,4060,synthetic
12087792,2024-10-17T15:24:19.079968+00:00,2024-10-18T15:24:19.079968+00:00,1.084416866,1.085474423,1.082799374,1.083856384,4067,synthetic
12087792,2024-10-18T15:24:19.079968+00:00,2024-10-19T15:24:19.079968+00:00,1.083856384,1.084187594,1.083796769,1.084127964,4074,synthetic
12087792,2024-10-19T15:24:19.079968+00:00,2024-10-20T15:24:19.079968+00:00,1.084127964,1.085668913,1.083103426,1.084643887,4081,synthetic
12087792,2024-10-20T15:24:19.079968+00:00,2024-10-21T15:24:19.079968+00:00,1.084643887,1.086283771,1.084021497,1.085660798,4088,synthetic
12087792,2024-10-21T15:24:19.079968+00:00,2024-10-22T15:24:19.079968+00:00,1.085660798,1.087203222,1.084976818,1.086518701,4095,synthetic
12087792,2024-10-22T15:24:19.079968+00:00,2024-10-23T15:24:19.079968+00:00,1.086518701,1.087517963,1.084836928,1.085835562,4102,synthetic
12087792,2024-10-23T15:24:19.079968+00:00,2024-10-24T15:24:19.079968+00:00,1.085835562,1.08597141,1.084130507,1.084266159,4109,synthetic
12087792,2024-10-24T15:24:19.079968+00:00,2024-10-25T15:24:19.079968+00:00,1.084266159,1.085337821,1.082635549,1.083706657,4116,synthetic
12087792,2024-10-25T15:24:19.079968+00:00,2024-10-26T15:24:19.079968+00:00,1.083706657,1.08468766,1.083254209,1.084234992,4123,synthetic
12087792,2024-10-26T15:24:19.079968+00:00,2024-10-27T15:24:19.079968+00:00,1.084234992,1.085724115,1.083411872,1.084900491,4130,synthetic
12087792,2024-10-27T15:24:19.079968+00:00,2024-10-28T15:24:19.079968+00:00,1.084900491,1.086641719,1.083995381,1.085735912,4137,synthetic
12087792,2024-10-28T15:24:19.079968+00:00,2024-10-29T15:24:19.079968+00:00,1.085735912,1.086750954,1.085408934,1.086423769,4144,synthetic
12087792,2024-10-29T15:24:19.079968+00:00,2024-10-30T15:24:19.079968+00:00,1.086423769,1.087509771,1.084664322,1.085749651,4151,synthetic
12087792,2024-10-30T15:24:19.079968+00:00,2024-10-31T15:24:19.079968+00:00,1.085749651,1.086018506,1.083880041,1.084148499,4158,synthetic
12087792,2024-10-31T15:24:19.079968+00:00,2024-11-01T15:24:19.079968+00:00,1.084148499,1.085084846,1.08264784,1.083583699,4165,synthetic
12087792,2024-11-01T15:24:19.079968+00:00,2024-11-02T15:24:19.079968+00:00,1.083583699,1.085117466,1.082801601,1.084334826,4172,synthetic
12087792,2024-11-02T15:24:19.079968+00:00,2024-11-03T15:24:19.079968+00:00,1.084334826,1.085670308,1.083827981,1.085163076,4179,synthetic
12087792,2024-11-03T15:24:19.079968+00:00,2024-11-04T15:24:19.079968+00:00,1.085163076,1.086879579,1.084101372,1.085817235,4186,synthetic
12087792,2024-11-04T15:24:19.079968+00:00,2024-11-05T15:24:19.079968+00:00,1.085817235,1.086367604,1.085741554,1.08629189,4193,synthetic
12087792,2024-11-05T15:24:19.079968+00:00,2024-11-06T15:24:19.079968+00:00,1.08629189,1.087313132,1.084614116,1.08563474,4200,synthetic
12087792,2024-11-06T15:24:19.079968+00:00,2024-11-07T15:24:19.079968+00:00,1.08563474,1.086270722,1.083427961,1.084063023,4207,synthetic
12087792,2024-11-07T15:24:19.079968+00:00,2024-11-08T15:24:19.079968+00:00,1.084063023,1.084733526,1.082825572,1.083495724,4214,synthetic
12087792,2024-11-08T15:24:19.079968+00:00,2024-11-09T15:24:19.079968+00:00,1.083495724,1.085429988,1.082493086,1.084426489,4221,synthetic
12087792,2024-11-09T15:24:19.079968+00:00,2024-11-10T15:24:19.079968+00:00,1.084426489,1.085540531,1.084306674,1.085420606,4228,synthetic
12087792,2024-11-10T15:24:19.079968+00:00,2024-11-11T15:24:19.079968+00:00,1.085420606,1.086975476,1.08435035,1.085904743,4235,synthetic
12087792,2024-11-11T15:24:19.079968+00:00,2024-11-12T15:24:19.079968+00:00,1.085904743,1.086599161,1.085436896,1.086131218,4242,synthetic
12087792,2024-11-12T15:24:19.079968+00:00,2024-11-13T15:24:19.079968+00:00,1.086131218,1.086945277,1.084675799,1.085489378,4249,synthetic
12087792,2024-11-13T15:24:19.079968+00:00,2024-11-14T15:24:19.079968+00:00,1.085489378,1.086403693,1.083093711,1.084006778,4256,synthetic
12087792,2024-11-14T15:24:19.079968+00:00,2024-11-15T15:24:19.079968+00:00,1.084006778,1.084317979,1.083138429,1.083449471,4263,synthetic
12087792,2024-11-15T15:24:19.079968+00:00,2024-11-16T15:24:19.079968+00:00,1.083449471,1.085595382,1.082366114,1.084510964,4270,synthetic
12087792,2024-11-16T15:24:19.079968+00:00,2024-11-17T15:24:19.079968+00:00,1.084510964,1.085946619,1.084226973,1.085662327,4277,synthetic
12087792,2024-11-17T15:24:19.079968+00:00,2024-11-18T15:24:19.079968+00:00,1.085662327,1.086926197,1.084732832,1.085996417,4284,synthetic
12087792,2024-11-18T15:24:19.079968+00:00,2024-11-19T15:24:19.079968+00:00,1.085996417,1.086791238,1.085156126,1.085950915,4291,synthetic
12087792,2024-11-19T15:24:19.079968+00:00,2024-11-20T15:24:19.079968+00:00,1.085950915,1.086444324,1.084821249,1.085314369,4298,synthetic
12087792,2024-11-20T15:24:19.079968+00:00,2024-11-21T15:24:19.079968+00:00,1.085314369,1.086379411,1.08291145,1.083975178,4305,synthetic
12087792,2024-11-21T15:24:19.079968+00:00,2024-11-22T15:24:19.079968+00:00,1.083975178,1.084066644,1.083358197,1.083449619,4312,synthetic
12087792,2024-11-22T15:24:19.079968+00:00,2024-11-23T15:24:19.079968+00:00,1.083449619,1.085605029,1.082436597,1.08459094,4319,synthetic
12087792,2024-11-23T15:24:19.079968+00:00,2024-11-24T15:24:19.079968+00:00,1.08459094,1.08652752,1.083942695,1.085878506,4326,synthetic
12087792,2024-11-24T15:24:19.079968+00:00,2024-11-25T15:24:19.079968+00:00,1.085878506,1.086747437,1.085219517,1.086088321,4333,synthetic
12087792,2024-11-25T15:24:19.079968+00:00,2024-11-26T15:24:19.079968+00:00,1.086088321,1.087099311,1.084749742,1.085760427,4340,synthetic
12087792,2024-11-26T15:24:19.079968+00:00,2024-11-27T15:24:19.079968+00:00,1.085760427,1.085864486,1.085008926,1.085112923,4347,synthetic
12087792,2024-11-27T15:24:19.079968+00:00,2024-11-28T15:24:19.079968+00:00,1.085112923,1.086180099,1.082896545,1.083962589,4354,synthetic
12087792,2024-11-28T15:24:19.079968+00:00,2024-11-29T15:24:19.079968+00:00,1.083962589,1.084443951,1.083017202,1.083498358,4361,synthetic
12087792,2024-11-29T15:24:19.079968+00:00,2024-11-30T15:24:19.079968+00:00,1.083498358,1.085472689,1.082696921,1.084670386,4368,synthetic
12087792,2024-11-30T15:24:19.079968+00:00,2024-12-01T15:24:19.079968+00:00,1.084670386,1.086984409,1.083748251,1.086061092,4375,synthetic
12087792,2024-12-01T15:24:19.079968+00:00,2024-12-02T15:24:19.079968+00:00,1.086061092,1.086471347,1.085764654,1.086174878,4382,synthetic
12087792,2024-12-02T15:24:19.079968+00:00,2024-12-03T15:24:19.079968+00:00,1.086174878,1.087261051,1.084483186,1.085568753,4389,synthetic
12087792,2024-12-03T15:24:19.079968+00:00,2024-12-04T15:24:19.079968+00:00,1.085568753,1.085868417,1.084591114,1.084890591,4396,synthetic
12087792,2024-12-04T15:24:19.079968+00:00,2024-12-05T15:24:19.079968+00:00,1.084890591,1.08581107,1.083043299,1.083962991,4403,synthetic
12087792,2024-12-05T15:24:19.079968+00:00,2024-12-06T15:24:19.079968+00:00,1.083962991,1.084767115,1.082791299,1.083595151,4410,synthetic
12087792,2024-12-06T15:24:19.079968+00:00,2024-12-07T15:24:19.079968+00:00,1.083595151,1.085232573,1.083117078,1.08475399,4417,synthetic
12087792,2024-12-07T15:24:19.079968+00:00,2024-12-08T15:24:19.079968+00:00,1.08475399,1.087273109,1.08368654,1.086204233,4424,synthetic
12087792,2024-12-08T15:24:19.079968+00:00,2024-12-09T15:24:19.079968+00:00,1.086204233,1.086356906,1.086096651,1.08624932,4431,synthetic
12087792,2024-12-09T15:24:19.079968+00:00,2024-12-10T15:24:19.079968+00:00,1.08624932,1.087259177,1.084374737,1.08538379,4438,synthetic
12087792,2024-12-10T15:24:19.079968+00:00,2024-12-11T15:24:19.079968+00:00,1.08538379,1.086045251,1.083993975,1.084654992,4445,synthetic
12087792,2024-12-11T15:24:19.079968+00:00,2024-12-12T15:24:19.079968+00:00,1.084654992,1.085300474,1.08332557,1.083970644,4452,synthetic
12087792,2024-12-12T15:24:19.079968+00:00,2024-12-13T15:24:19.079968+00:00,1.083970644,1.084985385,1.082722191,1.083736713,4459,synthetic
12087792,2024-12-13T15:24:19.079968+00:00,2024-12-14T15:24:19.079968+00:00,1.083736713,1.084934588,1.083648742,1.084846527,4466,synthetic
12087792,2024-12-14T15:24:19.079968+00:00,2024-12-15T15:24:19.079968+00:00,1.084846527,1.087369944,1.083782622,1.086304609,4473,synthetic
12087792,2024-12-15T15:24:19.079968+00:00,2024-12-16T15:24:19.079968+00:00,1.086304609,1.08680129,1.0858076,1.086304282,4480,synthetic
12087792,2024-12-16T15:24:19.079968+00:00,2024-12-17T15:24:19.079968+00:00,1.086304282,1.087096943,1.084419919,1.085211783,4487,synthetic
12087792,2024-12-17T15:24:19.079968+00:00,2024-12-18T15:24:19.079968+00:00,1.085211783,1.086142692,1.083485132,1.084415358,4494,synthetic
12087792,2024-12-18T15:24:19.079968+00:00,2024-12-19T15:24:19.079968+00:00,1.084415358,1.084695954,1.083700226,1.083980709,4501,synthetic
12087792,2024-12-19T15:24:19.079968+00:00,2024-12-20T15:24:19.079968+00:00,1.083980709,1.085064545,1.082833437,1.08391721,4508,synthetic
12087792,2024-12-20T15:24:19.079968+00:00,2024-12-21T15:24:19.079968+00:00,1.08391721,1.085267026,1.083602694,1.08495221,4515,synthetic
12087792,2024-12-21T15:24:19.079968+00:00,2024-12-22T15:24:19.079968+00:00,1.08495221,1.087274721,1.084040234,1.08636156,4522,synthetic
12087792,2024-12-22T15:24:19.079968+00:00,2024-12-23T15:24:19.079968+00:00,1.08636156,1.087178103,1.08551595,1.08633247,4529,synthetic
12087792,2024-12-23T15:24:19.079968+00:00,2024-12-24T15:24:19.079968+00:00,1.08633247,1.086797343,1.084592633,1.085056961,4536,synthetic
12087792,2024-12-24T15:24:19.079968+00:00,2024-12-25T15:24:19.079968+00:00,1.085056961,1.086127434,1.083112302,1.084181913,4543,synthetic
12087792,2024-12-25T15:24:19.079968+00:00,2024-12-26T15:24:19.079968+00:00,1.084181913,1.084305168,1.083866525,1.083989759,4550,synthetic
12087792,2024-12-26T15:24:19.079968+00:00,2024-12-27T15:24:19.079968+00:00,1.083989759,1.085130552,1.082987992,1.084128656,4557,synthetic
12087792,2024-12-27T15:24:19.079968+00:00,2024-12-28T15:24:19.079968+00:00,1.084128656,1.085747949,1.083455375,1.08507408,4564,synthetic
12087792,2024-12-28T15:24:19.079968+00:00,2024-12-29T15:24:19.079968+00:00,1.08507408,1.087010576,1.084441259,1.086376996,4571,synthetic
12087792,2024-12-29T15:24:19.079968+00:00,2024-12-30T15:24:19.079968+00:00,1.086376996,1.087399504,1.085304903,1.086327365,4578,synthetic
12087792,2024-12-30T15:24:19.079968+00:00,2024-12-31T15:24:19.079968+00:00,1.086327365,1.086399593,1.084849217,1.084921352,4585,synthetic
12087792,2024-12-31T15:24:19.079968+00:00,2025-01-01T15:24:19.079968+00:00,1.084921352,1.085982091,1.082905358,1.083965163,4592,synthetic
12087792,2025-01-01T15:24:19.079968+00:00,2025-01-02T15:24:19.079968+00:00,1.083965163,1.084505895,1.08345541,1.083996127,4599,synthetic
12087792,2025-01-02T15:24:19.079968+00:00,2025-01-03T15:24:19.079968+00:00,1.083996127,1.085141726,1.083216151,1.084361486,4606,synthetic
12087792,2025-01-03T15:24:19.079968+00:00,2025-01-04T15:24:19.079968+00:00,1.084361486,1.086152532,1.083423201,1.085213509,4613,synthetic
12087792,2025-01-04T15:24:19.079968+00:00,2025-01-05T15:24:19.079968+00:00,1.085213509,1.086620709,1.084948173,1.086355093,4620,synthetic
12087792,2025-01-05T15:24:19.079968+00:00,2025-01-06T15:24:19.079968+00:00,1.086355093,1.087440924,1.085198115,1.086283875,4627,synthetic
12087792,2025-01-06T15:24:19.079968+00:00,2025-01-07T15:24:19.079968+00:00,1.086283875,1.08661435,1.084474795,1.08480482,4634,synthetic
12087792,2025-01-07T15:24:19.079968+00:00,2025-01-08T15:24:19.079968+00:00,1.08480482,1.085707921,1.082872897,1.083775141,4641,synthetic
12087792,2025-01-08T15:24:19.079968+00:00,2025-01-09T15:24:19.079968+00:00,1.083775141,1.084825287,1.082950105,1.084000079,4648,synthetic
12087792,2025-01-09T15:24:19.079968+00:00,2025-01-10T15:24:19.079968+00:00,1.084000079,1.085054888,1.083550681,1.084605239,4655,synthetic
12087792,2025-01-10T15:24:19.079968+00:00,2025-01-11T15:24:19.079968+00:00,1.084605239,1.086443135,1.083532717,1.085369857,4662,synthetic
12087792,2025-01-11T15:24:19.079968+00:00,2025-01-12T15:24:19.079968+00:00,1.085369857,1.086441197,1.085230602,1.086301822,4669,synthetic
12087792,2025-01-12T15:24:19.079968+00:00,2025-01-13T15:24:19.079968+00:00,1.086301822,1.087299506,1.085201308,1.086198897,4676,synthetic
12087792,2025-01-13T15:24:19.079968+00:00,2025-01-14T15:24:19.079968+00:00,1.086198897,1.086885927,1.084019215,1.0847053,4683,synthetic
12087792,2025-01-14T15:24:19.079968+00:00,2025-01-15T15:24:19.079968+00:00,1.0847053,1.085324863,1.083001731,1.083620674,4690,synthetic
12087792,2025-01-15T15:24:19.079968+00:00,2025-01-16T15:24:19.079968+00:00,1.083620674,1.085029324,1.08259548,1.084003768,4697,synthetic
12087792,2025-01-16T15:24:19.079968+00:00,2025-01-17T15:24:19.079968+00:00,1.084003768,1.084905497,1.083947628,1.084849314,4704,synthetic
12087792,2025-01-17T15:24:19.079968+00:00,2025-01-18T15:24:19.079968+00:00,1.084849314,1.086598183,1.083792113,1.08554031,4711,synthetic
12087792,2025-01-18T15:24:19.079968+00:00,2025-01-19T15:24:19.079968+00:00,1.08554031,1.086749216,1.085015764,1.08622434,4718,synthetic
12087792,2025-01-19T15:24:19.079968+00:00,2025-01-20T15:24:19.079968+00:00,1.08622434,1.086994728,1.08530144,1.08607172,4725,synthetic
12087792,2025-01-20T15:24:19.079968+00:00,2025-01-21T15:24:19.079968+00:00,1.08607172,1.087019399,1.083672795,1.084619207,4732,synthetic
12087792,2025-01-21T15:24:19.079968+00:00,2025-01-22T15:24:19.079968+00:00,1.084619207,1.084868883,1.083259322,1.083508744,4739,synthetic
12087792,2025-01-22T15:24:19.079968+00:00,2025-01-23T15:24:19.079968+00:00,1.083508744,1.085093873,1.08242637,1.084010998,4746,synthetic
12087792,2025-01-23T15:24:19.079968+00:00,2025-01-24T15:24:19.079968+00:00,1.084010998,1.085429008,1.083666045,1.085083713,4753,synthetic
12087792,2025-01-24T15:24:19.079968+00:00,2025-01-25T15:24:19.079968+00:00,1.085083713,1.086614839,1.084189331,1.085719932,4760,synthetic
12087792,2025-01-25T15:24:19.079968+00:00,2025-01-26T15:24:19.079968+00:00,1.085719932,1.086967413,1.084883138,1.086130303,4767,synthetic
12087792,2025-01-26T15:24:19.079968+00:00,2025-01-27T15:24:19.079968+00:00,1.086130303,1.086565982,1.08546865,1.085904238,4774,synthetic
12087792,2025-01-27T15:24:19.079968+00:00,2025-01-28T15:24:19.079968+00:00,1.085904238,1.086980308,1.083467264,1.084541984,4781,synthetic
12087792,2025-01-28T15:24:19.079968+00:00,2025-01-29T15:24:19.079968+00:00,1.084541984,1.084696955,1.083289164,1.083443979,4788,synthetic
12087792,2025-01-29T15:24:19.079968+00:00,2025-01-30T15:24:19.079968+00:00,1.083443979,1.085015981,1.082455338,1.084026809,4795,synthetic
12087792,2025-01-30T15:24:19.079968+00:00,2025-01-31T15:24:19.079968+00:00,1.084026809,1.085998495,1.083328864,1.085299731,4802,synthetic
12087792,2025-01-31T15:24:19.079968+00:00,2025-02-01T15:24:19.079968+00:00,1.085299731,1.086508977,1.084693013,1.085901922,4809,synthetic
12087792,2025-02-01T15:24:19.079968+00:00,2025-02-02T15:24:19.079968+00:00,1.085901922,1.087059705,1.084869502,1.086027166,4816,synthetic
12087792,2025-02-02T15:24:19.079968+00:00,2025-02-03T15:24:19.079968+00:00,1.086027166,1.086067434,1.085660701,1.085700958,4823,synthetic
12087792,2025-02-03T15:24:19.079968+00:00,2025-02-04T15:24:19.079968+00:00,1.085700958,1.086755287,1.083415605,1.084468738,4830,synthetic
12087792,2025-02-04T15:24:19.079968+00:00,2025-02-05T15:24:19.079968+00:00,1.084468738,1.085006689,1.082890905,1.08342834,4837,synthetic
12087792,2025-02-05T15:24:19.079968+00:00,2025-02-06T15:24:19.079968+00:00,1.08342834,1.084814434,1.082671265,1.084056919,4844,synthetic
12087792,2025-02-06T15:24:19.079968+00:00,2025-02-07T15:24:19.079968+00:00,1.084056919,1.086445382,1.083103303,1.085490505,4851,synthetic
12087792,2025-02-07T15:24:19.079968+00:00,2025-02-08T15:24:19.079968+00:00,1.085490505,1.086312479,1.085256209,1.086078057,4858,synthetic
12087792,2025-02-08T15:24:19.079968+00:00,2025-02-09T15:24:19.079968+00:00,1.086078057,1.087162147,1.084837596,1.08592153,4865,synthetic
12087792,2025-02-09T15:24:19.079968+00:00,2025-02-10T15:24:19.079968+00:00,1.08592153,1.086282212,1.085108246,1.085468778,4872,synthetic
12087792,2025-02-10T15:24:19.079968+00:00,2025-02-11T15:24:19.079968+00:00,1.085468778,1.086354331,1.083510211,1.084394888,4879,synthetic
12087792,2025-02-11T15:24:19.079968+00:00,2025-02-12T15:24:19.079968+00:00,1.084394888,1.085240744,1.082615886,1.083461013,4886,synthetic
12087792,2025-02-12T15:24:19.079968+00:00,2025-02-13T15:24:19.079968+00:00,1.083461013,1.084527281,1.083041066,1.084107084,4893,synthetic
12087792,2025-02-13T15:24:19.079968+00:00,2025-02-14T15:24:19.079968+00:00,1.084107084,1.086729262,1.083030768,1.085651412,4900,synthetic
12087792,2025-02-14T15:24:19.079968+00:00,2025-02-15T15:24:19.079968+00:00,1.085651412,1.086410304,1.085480478,1.086239277,4907,synthetic
12087792,2025-02-15T15:24:19.079968+00:00,2025-02-16T15:24:19.079968+00:00,1.086239277,1.087223818,1.084834442,1.085818601,4914,synthetic
12087792,2025-02-16T15:24:19.079968+00:00,2025-02-17T15:24:19.079968+00:00,1.085818601,1.086529858,1.084505716,1.085216579,4921,synthetic
12087792,2025-02-17T15:24:19.079968+00:00,2025-02-18T15:24:19.079968+00:00,1.085216579,1.085809935,1.083723919,1.084316783,4928,synthetic
12087792,2025-02-18T15:24:19.079968+00:00,2025-02-19T15:24:19.079968+00:00,1.084316783,1.085352533,1.082503517,1.083538524,4935,synthetic
12087792,2025-02-19T15:24:19.079968+00:00,2025-02-20T15:24:19.079968+00:00,1.083538524,1.084206667,1.083514296,1.084182425,4942,synthetic
12087792,2025-02-20T15:24:19.079968+00:00,2025-02-21T15:24:19.079968+00:00,1.084182425,1.086830733,1.083133494,1.085780256,4949,synthetic
12087792,2025-02-21T15:24:19.079968+00:00,2025-02-22T15:24:19.079968+00:00,1.085780256,1.086929115,1.085227831,1.086376387,4956,synthetic
12087792,2025-02-22T15:24:19.079968+00:00,2025-02-23T15:24:19.079968+00:00,1.086376387,1.087123997,1.084974638,1.085721797,4963,synthetic
12087792,2025-02-23T15:24:19.079968+00:00,2025-02-24T15:24:19.079968+00:00,1.085721797,1.086684377,1.083992739,1.084954639,4970,synthetic
12087792,2025-02-24T15:24:19.079968+00:00,2025-02-25T15:24:19.079968+00:00,1.084954639,1.085173195,1.084013798,1.084232209,4977,synthetic
12087792,2025-02-25T15:24:19.079968+00:00,2025-02-26T15:24:19.079968+00:00,1.084232209,1.085313374,1.082574466,1.083655056,4984,synthetic
12087792,2025-02-26T15:24:19.079968+00:00,2025-02-27T15:24:19.079968+00:00,1.083655056,1.084661956,1.083280115,1.084286797,4991,synthetic
12087792,2025-02-27T15:24:19.079968+00:00,2025-02-28T15:24:19.079968+00:00,1.084286797,1.086753785,1.083411537,1.085877241,4998,synthetic
12087792,2025-02-28T15:24:19.079968+00:00,2025-03-01T15:24:19.079968+00:00,1.085877241,1.08733818,1.085020316,1.086480778,5005,synthetic
12087792,2025-03-01T15:24:19.079968+00:00,2025-03-02T15:24:19.079968+00:00,1.086480778,1.086887103,1.085226539,1.085632547,5012,synthetic
12087792,2025-03-02T15:24:19.079968+00:00,2025-03-03T15:24:19.079968+00:00,1.085632547,1.086712174,1.083615244,1.084693937,5019,synthetic
12087792,2025-03-03T15:24:19.079968+00:00,2025-03-04T15:24:19.079968+00:00,1.084693937,1.084880475,1.08395432,1.084140762,5026,synthetic
12087792,2025-03-04T15:24:19.079968+00:00,2025-03-05T15:24:19.079968+00:00,1.084140762,1.08511655,1.082827472,1.083802956,5033,synthetic
12087792,2025-03-05T15:24:19.079968+00:00,2025-03-06T15:24:19.079968+00:00,1.083802956,1.08514458,1.083081038,1.08442225,5040,synthetic
12087792,2025-03-06T15:24:19.079968+00:00,2025-03-07T15:24:19.079968+00:00,1.08442225,1.086525044,1.083842762,1.085944742,5047,synthetic
12087792,2025-03-07T15:24:19.079968+00:00,2025-03-08T15:24:19.079968+00:00,1.085944742,1.087587641,1.084902817,1.08654514,5054,synthetic
12087792,2025-03-08T15:24:19.079968+00:00,2025-03-09T15:24:19.079968+00:00,1.08654514,1.086553438,1.085542002,1.085550292,5061,synthetic
12087792,2025-03-09T15:24:19.079968+00:00,2025-03-10T15:24:19.079968+00:00,1.085550292,1.086596389,1.083400359,1.084445392,5068,synthetic
12087792,2025-03-10T15:24:19.079968+00:00,2025-03-11T15:24:19.079968+00:00,1.084445392,1.085010825,1.083478801,1.084044025,5075,synthetic
12087792,2025-03-11T15:24:19.079968+00:00,2025-03-12T15:24:19.079968+00:00,1.084044025,1.084778367,1.083239074,1.083973369,5082,synthetic
12087792,2025-03-12T15:24:19.079968+00:00,2025-03-13T15:24:19.079968+00:00,1.083973369,1.085557496,1.08300506,1.084588637,5089,synthetic
12087792,2025-03-13T15:24:19.079968+00:00,2025-03-14T15:24:19.079968+00:00,1.084588637,1.08618997,1.084385821,1.085986893,5096,synthetic
12087792,2025-03-14T15:24:19.079968+00:00,2025-03-15T15:24:19.079968+00:00,1.085986893,1.087646248,1.084905298,1.086564078,5103,synthetic
12087792,2025-03-15T15:24:19.079968+00:00,2025-03-16T15:24:19.079968+00:00,1.086564078,1.086954996,1.085082168,1.085472693,5110,synthetic
12087792,2025-03-16T15:24:19.079968+00:00,2025-03-17T15:24:19.079968+00:00,1.085472693,1.086339381,1.083353419,1.084219106,5117,synthetic
12087792,2025-03-17T15:24:19.079968+00:00,2025-03-18T15:24:19.079968+00:00,1.084219106,1.085084435,1.083080432,1.083945544,5124,synthetic
12087792,2025-03-18T15:24:19.079968+00:00,2025-03-19T15:24:19.079968+00:00,1.083945544,1.084547559,1.083555014,1.084156953,5131,synthetic
12087792,2025-03-19T15:24:19.079968+00:00,2025-03-20T15:24:19.079968+00:00,1.084156953,1.085863757,1.083077233,1.084783413,5138,synthetic
12087792,2025-03-20T15:24:19.079968+00:00,2025-03-21T15:24:19.079968+00:00,1.084783413,1.086211525,1.084581145,1.086009028,5145,synthetic
12087792,2025-03-21T15:24:19.079968+00:00,2025-03-22T15:24:19.079968+00:00,1.086009028,1.087505453,1.085038633,1.086534588,5152,synthetic
12087792,2025-03-22T15:24:19.079968+00:00,2025-03-23T15:24:19.079968+00:00,1.086534588,1.08727018,1.084661196,1.085396016,5159,synthetic
12087792,2025-03-23T15:24:19.079968+00:00,2025-03-24T15:24:19.079968+00:00,1.085396016,1.085962453,1.083457962,1.084023682,5166,synthetic
12087792,2025-03-24T15:24:19.079968+00:00,2025-03-25T15:24:19.079968+00:00,1.084023682,1.08506815,1.082806305,1.083850606,5173,synthetic
12087792,2025-03-25T15:24:19.079968+00:00,2025-03-26T15:24:19.079968+00:00,1.083850606,1.084352298,1.083842923,1.084344612,5180,synthetic
12087792,2025-03-26T15:24:19.079968+00:00,2025-03-27T15:24:19.079968+00:00,1.084344612,1.086042824,1.083304055,1.085001637,5187,synthetic
12087792,2025-03-27T15:24:19.079968+00:00,2025-03-28T15:24:19.079968+00:00,1.085001637,1.086596877,1.084422342,1.08601704,5194,synthetic
12087792,2025-03-28T15:24:19.079968+00:00,2025-03-29T15:24:19.079968+00:00,1.08601704,1.087180485,1.085293204,1.086456356,5201,synthetic
12087792,2025-03-29T15:24:19.079968+00:00,2025-03-30T15:24:19.079968+00:00,1.086456356,1.087433968,1.084339075,1.085315661,5208,synthetic
12087792,2025-03-30T15:24:19.079968+00:00,2025-03-31T15:24:19.079968+00:00,1.085315661,1.085502892,1.08367868,1.083865661,5215,synthetic
12087792,2025-03-31T15:24:19.079968+00:00,2025-04-01T15:24:19.079968+00:00,1.083865661,1.084943593,1.082687995,1.083765827,5222,synthetic
12087792,2025-04-01T15:24:19.079968+00:00,2025-04-02T15:24:19.079968+00:00,1.083765827,1.084933222,1.083361069,1.084528179,5229,synthetic
12087792,2025-04-02T15:24:19.079968+00:00,2025-04-03T15:24:19.079968+00:00,1.084528179,1.086092973,1.083671953,1.085236189,5236,synthetic
12087792,2025-04-03T15:24:19.079968+00:00,2025-04-04T15:24:19.079968+00:00,1.085236189,1.086893012,1.084360514,1.086016707,5243,synthetic
12087792,2025-04-04T15:24:19.079968+00:00,2025-04-05T15:24:19.079968+00:00,1.086016707,1.086708258,1.085640391,1.086331833,5250,synthetic
12087792,2025-04-05T15:24:19.079968+00:00,2025-04-06T15:24:19.079968+00:00,1.086331833,1.087415047,1.084144669,1.085226781,5257,synthetic
12087792,2025-04-06T15:24:19.079968+00:00,2025-04-07T15:24:19.079968+00:00,1.085226781,1.085444809,1.083531398,1.08374913,5264,synthetic
12087792,2025-04-07T15:24:19.079968+00:00,2025-04-08T15:24:19.079968+00:00,1.08374913,1.084710236,1.082737532,1.083698593,5271,synthetic
12087792,2025-04-08T15:24:19.079968+00:00,2025-04-09T15:24:19.079968+00:00,1.083698593,1.085447015,1.082953257,1.08470099,5278,synthetic
12087792,2025-04-09T15:24:19.079968+00:00,2025-04-10T15:24:19.079968+00:00,1.08470099,1.086030969,1.084148602,1.085478185,5285,synthetic
12087792,2025-04-10T15:24:19.079968+00:00,2025-04-11T15:24:19.079968+00:00,1.085478185,1.08706361,1.084428151,1.086013059,5292,synthetic
12087792,2025-04-11T15:24:19.079968+00:00,2025-04-12T15:24:19.079968+00:00,1.086013059,1.086189793,1.085989371,1.086166102,5299,synthetic
12087792,2025-04-12T15:24:19.079968+00:00,2025-04-13T15:24:19.079968+00:00,1.086166102,1.087203795,1.084088237,1.085124936,5306,synthetic
12087792,2025-04-13T15:24:19.079968+00:00,2025-04-14T15:24:19.079968+00:00,1.085124936,1.085717743,1.083083527,1.083675543,5313,synthetic
12087792,2025-04-14T15:24:19.079968+00:00,2025-04-15T15:24:19.079968+00:00,1.083675543,1.084385845,1.082946109,1.083656398,5320,synthetic
12087792,2025-04-15T15:24:19.079968+00:00,2025-04-16T15:24:19.079968+00:00,1.083656398,1.085841346,1.082674449,1.084858309,5327,synthetic
12087792,2025-04-16T15:24:19.079968+00:00,2025-04-17T15:24:19.079968+00:00,1.084858309,1.085889089,1.084686912,1.085717556,5334,synthetic
12087792,2025-04-17T15:24:19.079968+00:00,2025-04-18T15:24:19.079968+00:00,1.085717556,1.087088108,1.08463957,1.086009831,5341,synthetic
12087792,2025-04-18T15:24:19.079968+00:00,2025-04-19T15:24:19.079968+00:00,1.086009831,1.086430218,1.085546162,1.085966531,5348,synthetic
12087792,2025-04-19T15:24:19.079968+00:00,2025-04-20T15:24:19.079968+00:00,1.085966531,1.086813985,1.084160013,1.085006718,5355,synthetic
12087792,2025-04-20T15:24:19.079968+00:00,2025-04-21T15:24:19.079968+00:00,1.085006718,1.08589155,1.082760031,1.083643752,5362,synthetic
12087792,2025-04-21T15:24:19.079968+00:00,2025-04-22T15:24:19.079968+00:00,1.083643752,1.084006634,1.083283266,1.083646147,5369,synthetic
12087792,2025-04-22T15:24:19.079968+00:00,2025-04-23T15:24:19.079968+00:00,1.083646147,1.086080531,1.08256452,1.084997555,5376,synthetic
12087792,2025-04-23T15:24:19.079968+00:00,2025-04-24T15:24:19.079968+00:00,1.084997555,1.086177552,1.084763946,1.085943739,5383,synthetic
12087792,2025-04-24T15:24:19.079968+00:00,2025-04-25T15:24:19.079968+00:00,1.085943739,1.086964688,1.08498818,1.086009072,5390,synthetic
12087792,2025-04-25T15:24:19.079968+00:00,2025-04-26T15:24:19.079968+00:00,1.086009072,1.086767524,1.08498398,1.085742246,5397,synthetic
12087792,2025-04-26T15:24:19.079968+00:00,2025-04-27T15:24:19.079968+00:00,1.085742246,1.086281346,1.084331615,1.084870282,5404,synthetic
12087792,2025-04-27T15:24:19.079968+00:00,2025-04-28T15:24:19.079968+00:00,1.084870282,1.085923663,1.08259805,1.083650246,5411,synthetic
12087792,2025-04-28T15:24:19.079968+00:00,2025-04-29T15:24:19.079968+00:00,1.083650246,1.083713068,1.08361066,1.083673481,5418,synthetic
12087792,2025-04-29T15:24:19.079968+00:00,2025-04-30T15:24:19.079968+00:00,1.083673481,1.086150188,1.082642995,1.085118329,5425,synthetic
12087792,2025-04-30T15:24:19.079968+00:00,2025-05-01T15:24:19.079968+00:00,1.085118329,1.086753127,1.084512206,1.08614643,5432,synthetic
12087792,2025-05-01T15:24:19.079968+00:00,2025-05-02T15:24:19.079968+00:00,1.08614643,1.086846195,1.085311244,1.086010922,5439,synthetic
12087792,2025-05-02T15:24:19.079968+00:00,2025-05-03T15:24:19.079968+00:00,1.086010922,1.087001661,1.084513195,1.085503471,5446,synthetic
12087792,2025-05-03T15:24:19.079968+00:00,2025-05-04T15:24:19.079968+00:00,1.085503471,1.085659169,1.084560153,1.084715738,5453,synthetic
12087792,2025-05-04T15:24:19.079968+00:00,2025-05-05T15:24:19.079968+00:00,1.084715738,1.08579071,1.082615632,1.083689587,5460,synthetic
12087792,2025-05-05T15:24:19.079968+00:00,2025-05-06T15:24:19.079968+00:00,1.083689587,1.084176357,1.083255432,1.08374218,5467,synthetic
12087792,2025-05-06T15:24:19.079968+00:00,2025-05-07T15:24:19.079968+00:00,1.08374218,1.086059015,1.082906533,1.085222226,5474,synthetic
12087792,2025-05-07T15:24:19.079968+00:00,2025-05-08T15:24:19.079968+00:00,1.085222226,1.087211388,1.084328066,1.086316327,5481,synthetic
12087792,2025-05-08T15:24:19.079968+00:00,2025-05-09T15:24:19.079968+00:00,1.086316327,1.086662578,1.08566745,1.086013605,5488,synthetic
12087792,2025-05-09T15:24:19.079968+00:00,2025-05-10T15:24:19.079968+00:00,1.086013605,1.087098453,1.084176692,1.085260788,5495,synthetic
12087792,2025-05-10T15:24:19.079968+00:00,2025-05-11T15:24:19.079968+00:00,1.085260788,1.085510033,1.084296278,1.084545359,5502,synthetic
12087792,2025-05-11T15:24:19.079968+00:00,2025-05-12T15:24:19.079968+00:00,1.084545359,1.085491997,1.082809036,1.083754984,5509,synthetic
12087792,2025-05-12T15:24:19.079968+00:00,2025-05-13T15:24:19.079968+00:00,1.083754984,1.084622006,1.082986766,1.083853718,5516,synthetic
12087792,2025-05-13T15:24:19.079968+00:00,2025-05-14T15:24:19.079968+00:00,1.083853718,1.085837427,1.083329468,1.085312471,5523,synthetic
12087792,2025-05-14T15:24:19.079968+00:00,2025-05-15T15:24:19.079968+00:00,1.085312471,1.087504429,1.084254953,1.086445806,5530,synthetic
12087792,2025-05-15T15:24:19.079968+00:00,2025-05-16T15:24:19.079968+00:00,1.086445806,1.086501477,1.085957964,1.086013613,5537,synthetic
12087792,2025-05-16T15:24:19.079968+00:00,2025-05-17T15:24:19.079968+00:00,1.086013613,1.087041264,1.083997669,1.085024384,5544,synthetic
12087792,2025-05-17T15:24:19.079968+00:00,2025-05-18T15:24:19.079968+00:00,1.085024384,1.08564364,1.083744711,1.08436359,5551,synthetic
12087792,2025-05-18T15:24:19.079968+00:00,2025-05-19T15:24:19.079968+00:00,1.08436359,1.085049919,1.083152961,1.083838958,5558,synthetic
12087792,2025-05-19T15:24:19.079968+00:00,2025-05-20T15:24:19.079968+00:00,1.083838958,1.085002326,1.082843771,1.084006985,5565,synthetic
12087792,2025-05-20T15:24:19.079968+00:00,2025-05-21T15:24:19.079968+00:00,1.084006985,1.085533251,1.083867316,1.085393402,5572,synthetic
12087792,2025-05-21T15:24:19.079968+00:00,2025-05-22T15:24:19.079968+00:00,1.085393402,1.087603982,1.084320013,1.086529469,5579,synthetic
12087792,2025-05-22T15:24:19.079968+00:00,2025-05-23T15:24:19.079968+00:00,1.086529469,1.086979373,1.085556396,1.086006084,5586,synthetic
12087792,2025-05-23T15:24:19.079968+00:00,2025-05-24T15:24:19.079968+00:00,1.086006084,1.086833204,1.083977141,1.084803346,5593,synthetic
12087792,2025-05-24T15:24:19.079968+00:00,2025-05-25T15:24:19.079968+00:00,1.084803346,1.085706115,1.083274591,1.08417684,5600,synthetic
12087792,2025-05-25T15:24:19.079968+00:00,2025-05-26T15:24:19.079968+00:00,1.08417684,1.08450724,1.083603724,1.08393405,5607,synthetic
12087792,2025-05-26T15:24:19.079968+00:00,2025-05-27T15:24:19.079968+00:00,1.08393405,1.085281887,1.082850658,1.084198231,5614,synthetic
12087792,2025-05-27T15:24:19.079968+00:00,2025-05-28T15:24:19.079968+00:00,1.084198231,1.085734677,1.083933719,1.085469855,5621,synthetic
12087792,2025-05-28T15:24:19.079968+00:00,2025-05-29T15:24:19.079968+00:00,1.085469855,1.087505001,1.084530312,1.086564511,5628,synthetic
12087792,2025-05-29T15:24:19.079968+00:00,2025-05-30T15:24:19.079968+00:00,1.086564511,1.087345922,1.085204327,1.085985321,5635,synthetic
12087792,2025-05-30T15:24:19.079968+00:00,2025-05-31T15:24:19.079968+00:00,1.085985321,1.08649655,1.084094483,1.084605062,5642,synthetic
12087792,2025-05-31T15:24:19.079968+00:00,2025-06-01T15:24:19.079968+00:00,1.084605062,1.085665368,1.082933381,1.083993088,5649,synthetic
12087792,2025-06-01T15:24:19.079968+00:00,2025-06-02T15:24:19.079968+00:00,1.083993088,1.084104967,1.083921608,1.084033485,5656,synthetic
12087792,2025-06-02T15:24:19.079968+00:00,2025-06-03T15:24:19.079968+00:00,1.084033485,1.085442088,1.083012981,1.084421219,5663,synthetic
12087792,2025-06-03T15:24:19.079968+00:00,2025-06-04T15:24:19.079968+00:00,1.084421219,1.08617912,1.083789262,1.085546508,5670,synthetic
12087792,2025-06-04T15:24:19.079968+00:00,2025-06-05T15:24:19.079968+00:00,1.085546508,1.087226146,1.084871879,1.086550894,5677,synthetic
12087792,2025-06-05T15:24:19.079968+00:00,2025-06-06T15:24:19.079968+00:00,1.086550894,1.0875548,1.084942078,1.085945424,5684,synthetic
12087792,2025-06-06T15:24:19.079968+00:00,2025-06-07T15:24:19.079968+00:00,1.085945424,1.086069472,1.084310913,1.084434787,5691,synthetic
12087792,2025-06-07T15:24:19.079968+00:00,2025-06-08T15:24:19.079968+00:00,1.084434787,1.085504745,1.082751977,1.083821329,5698,synthetic
12087792,2025-06-08T15:24:19.079968+00:00,2025-06-09T15:24:19.079968+00:00,1.083821329,1.084595141,1.083358068,1.084131747,5705,synthetic
12087792,2025-06-09T15:24:19.079968+00:00,2025-06-10T15:24:19.079968+00:00,1.084131747,1.085483252,1.083316488,1.08466759,5712,synthetic
12087792,2025-06-10T15:24:19.079968+00:00,2025-06-11T15:24:19.079968+00:00,1.08466759,1.086539478,1.083756176,1.085627257,5719,synthetic
12087792,2025-06-11T15:24:19.079968+00:00,2025-06-12T15:24:19.079968+00:00,1.085627257,1.086807121,1.085311676,1.086491288,5726,synthetic
12087792,2025-06-12T15:24:19.079968+00:00,2025-06-13T15:24:19.079968+00:00,1.086491288,1.087577625,1.084795233,1.085880959,5733,synthetic
12087792,2025-06-13T15:24:19.079968+00:00,2025-06-14T15:24:19.079968+00:00,1.085880959,1.086161359,1.084015403,1.084295393,5740,synthetic
12087792,2025-06-14T15:24:19.079968+00:00,2025-06-15T15:24:19.079968+00:00,1.084295393,1.085225821,1.082741001,1.083670894,5747,synthetic
12087792,2025-06-15T15:24:19.079968+00:00,2025-06-16T15:24:19.079968+00:00,1.083670894,1.085015754,1.082880561,1.084225017,5754,synthetic
12087792,2025-06-16T15:24:19.079968+00:00,2025-06-17T15:24:19.079968+00:00,1.084225017,1.085423982,1.083728758,1.084927401,5761,synthetic
12087792,2025-06-17T15:24:19.079968+00:00,2025-06-18T15:24:19.079968+00:00,1.084927401,1.086779311,1.083863533,1.08571467,5768,synthetic
12087792,2025-06-18T15:24:19.079968+00:00,2025-06-19T15:24:19.079968+00:00,1.08571467,1.086478403,1.085627133,1.086390811,5775,synthetic
12087792,2025-06-19T15:24:19.079968+00:00,2025-06-20T15:24:19.079968+00:00,1.086390811,1.087408027,1.084770955,1.085787607,5782,synthetic
12087792,2025-06-20T15:24:19.079968+00:00,2025-06-21T15:24:19.079968+00:00,1.085787607,1.086433283,1.083542613,1.084187338,5789,synthetic
12087792,2025-06-21T15:24:19.079968+00:00,2025-06-22T15:24:19.079968+00:00,1.084187338,1.084848542,1.082889912,1.083550728,5796,synthetic
12087792,2025-06-22T15:24:19.079968+00:00,2025-06-23T15:24:19.079968+00:00,1.083550728,1.08531926,1.082543599,1.084311424,5803,synthetic
12087792,2025-06-23T15:24:19.079968+00:00,2025-06-24T15:24:19.079968+00:00,1.084311424,1.085297871,1.084203438,1.085189798,5810,synthetic
12087792,2025-06-24T15:24:19.079968+00:00,2025-06-25T15:24:19.079968+00:00,1.085189798,1.086878171,1.084121814,1.085809577,5817,synthetic
12087792,2025-06-25T15:24:19.079968+00:00,2025-06-26T15:24:19.079968+00:00,1.085809577,1.086735278,1.085331062,1.086256567,5824,synthetic
12087792,2025-06-26T15:24:19.079968+00:00,2025-06-27T15:24:19.079968+00:00,1.086256567,1.087062791,1.084856951,1.085662735,5831,synthetic
12087792,2025-06-27T15:24:19.079968+00:00,2025-06-28T15:24:19.079968+00:00,1.085662735,1.086583554,1.083189342,1.084108843,5838,synthetic
12087792,2025-06-28T15:24:19.079968+00:00,2025-06-29T15:24:19.079968+00:00,1.084108843,1.084408675,1.083169012,1.083468667,5845,synthetic
12087792,2025-06-29T15:24:19.079968+00:00,2025-06-30T15:24:19.079968+00:00,1.083468667,1.085475481,1.082385201,1.084391093,5852,synthetic
12087792,2025-06-30T15:24:19.079968+00:00,2025-07-01T15:24:19.079968+00:00,1.084391093,1.085739463,1.084095682,1.085443766,5859,synthetic
12087792,2025-07-01T15:24:19.079968+00:00,2025-07-02T15:24:19.079968+00:00,1.085443766,1.086834342,1.08452066,1.085910839,5866,synthetic
12087792,2025-07-02T15:24:19.079968+00:00,2025-07-03T15:24:19.079968+00:00,1.085910839,1.086900005,1.085108019,1.086097047,5873,synthetic
12087792,2025-07-03T15:24:19.079968+00:00,2025-07-04T15:24:19.079968+00:00,1.086097047,1.086579891,1.085023254,1.085505834,5880,synthetic
12087792,2025-07-04T15:24:19.079968+00:00,2025-07-05T15:24:19.079968+00:00,1.085505834,1.086573288,1.08299023,1.084056258,5887,synthetic
12087792,2025-07-05T15:24:19.079968+00:00,2025-07-06T15:24:19.079968+00:00,1.084056258,1.084159563,1.083327544,1.083430789,5894,synthetic
12087792,2025-07-06T15:24:19.079968+00:00,2025-07-07T15:24:19.079968+00:00,1.083430789,1.085475691,1.082422056,1.084465995,5901,synthetic
12087792,2025-07-07T15:24:19.079968+00:00,2025-07-08T15:24:19.079968+00:00,1.084465995,1.086337286,1.083808336,1.085678892,5908,synthetic
12087792,2025-07-08T15:24:19.079968+00:00,2025-07-09T15:24:19.079968+00:00,1.085678892,1.086664893,1.085029519,1.086015319,5915,synthetic
12087792,2025-07-09T15:24:19.079968+00:00,2025-07-10T15:24:19.079968+00:00,1.086015319,1.087030529,1.084906309,1.085921431,5922,synthetic
12087792,2025-07-10T15:24:19.079968+00:00,2025-07-11T15:24:19.079968+00:00,1.085921431,1.086013654,1.085226603,1.085318776,5929,synthetic
12087792,2025-07-11T15:24:19.079968+00:00,2025-07-12T15:24:19.079968+00:00,1.085318776,1.086383936,1.082960695,1.084024585,5936,synthetic
12087792,2025-07-12T15:24:19.079968+00:00,2025-07-13T15:24:19.079968+00:00,1.084024585,1.08451659,1.082949149,1.083440889,5943,synthetic
12087792,2025-07-13T15:24:19.079968+00:00,2025-07-14T15:24:19.079968+00:00,1.083440889,1.085333763,1.082647533,1.084539603,5950,synthetic
12087792,2025-07-14T15:24:19.079968+00:00,2025-07-15T15:24:19.079968+00:00,1.084539603,1.086815453,1.083611376,1.085886074,5957,synthetic
12087792,2025-07-15T15:24:19.079968+00:00,2025-07-16T15:24:19.079968+00:00,1.085886074,1.086403041,1.085601149,1.086118054,5964,synthetic
12087792,2025-07-16T15:24:19.079968+00:00,2025-07-17T15:24:19.079968+00:00,1.086118054,1.087204087,1.0846532,1.085738853,5971,synthetic
12087792,2025-07-17T15:24:19.079968+00:00,2025-07-18T15:24:19.079968+00:00,1.085738853,1.086049981,1.084794916,1.085105863,5978,synthetic
12087792,2025-07-18T15:24:19.079968+00:00,2025-07-19T15:24:19.079968+00:00,1.085105863,1.086020175,1.083094712,1.0840081,5985,synthetic
12087792,2025-07-19T15:24:19.079968+00:00,2025-07-20T15:24:19.079968+00:00,1.0840081,1.084820175,1.082688438,1.083500132,5992,synthetic
12087792,2025-07-20T15:24:19.079968+00:00,2025-07-21T15:24:19.079968+00:00,1.083500132,1.085084223,1.083032786,1.084616395,5999,synthetic
12087792,2025-07-21T15:24:19.079968+00:00,2025-07-22T15:24:19.079968+00:00,1.084616395,1.087128911,1.083547031,1.086058126,6006,synthetic
12087792,2025-07-22T15:24:19.079968+00:00,2025-07-23T15:24:19.079968+00:00,1.086058126,1.086332043,1.085938722,1.086212623,6013,synthetic
12087792,2025-07-23T15:24:19.079968+00:00,2025-07-24T15:24:19.079968+00:00,1.086212623,1.087218,1.084552934,1.085557705,6020,synthetic
12087792,2025-07-24T15:24:19.079968+00:00,2025-07-25T15:24:19.079968+00:00,1.085557705,1.086228665,1.084203133,1.08487367,6027,synthetic
12087792,2025-07-25T15:24:19.079968+00:00,2025-07-26T15:24:19.079968+00:00,1.08487367,1.085509688,1.083365517,1.084001024,6034,synthetic
12087792,2025-07-26T15:24:19.079968+00:00,2025-07-27T15:24:19.079968+00:00,1.084001024,1.08501991,1.082588398,1.083606914,6041,synthetic
12087792,2025-07-27T15:24:19.079968+00:00,2025-07-28T15:24:19.079968+00:00,1.083606914,1.084777451,1.083530794,1.084701255,6048,synthetic
12087792,2025-07-28T15:24:19.079968+00:00,2025-07-29T15:24:19.079968+00:00,1.084701255,1.087253042,1.08363988,1.086190211,6055,synthetic
12087792,2025-07-29T15:24:19.079968+00:00,2025-07-30T15:24:19.079968+00:00,1.086190211,1.086798902,1.085683025,1.086291669,6062,synthetic
12087792,2025-07-30T15:24:19.079968+00:00,2025-07-31T15:24:19.079968+00:00,1.086291669,1.087076133,1.084601216,1.085385025,6069,synthetic
12087792,2025-07-31T15:24:19.079968+00:00,2025-08-01T15:24:19.079968+00:00,1.085385025,1.08632214,1.083694217,1.08463068,6076,synthetic
12087792,2025-08-01T15:24:19.079968+00:00,2025-08-02T15:24:19.079968+00:00,1.08463068,1.084899834,1.083729176,1.083998173,6083,synthetic
12087792,2025-08-02T15:24:19.079968+00:00,2025-08-03T15:24:19.079968+00:00,1.083998173,1.085081767,1.082673579,1.083756932,6090,synthetic
12087792,2025-08-03T15:24:19.079968+00:00,2025-08-04T15:24:19.079968+00:00,1.083756932,1.085124946,1.083431117,1.084798818,6097,synthetic
12087792,2025-08-04T15:24:19.079968+00:00,2025-08-05T15:24:19.079968+00:00,1.084798818,1.087186677,1.083893465,1.086280088,6104,synthetic
12087792,2025-08-05T15:24:19.079968+00:00,2025-08-06T15:24:19.079968+00:00,1.086280088,1.087171879,1.085455804,1.086347544,6111,synthetic
12087792,2025-08-06T15:24:19.079968+00:00,2025-08-07T15:24:19.079968+00:00,1.086347544,1.086801636,1.084772409,1.085226032,6118,synthetic
12087792,2025-08-07T15:24:19.079968+00:00,2025-08-08T15:24:19.079968+00:00,1.085226032,1.086298552,1.083315058,1.084386748,6125,synthetic
12087792,2025-08-08T15:24:19.079968+00:00,2025-08-09T15:24:19.079968+00:00,1.084386748,1.084521825,1.083860499,1.083995528,6132,synthetic
12087792,2025-08-09T15:24:19.079968+00:00,2025-08-10T15:24:19.079968+00:00,1.083995528,1.084992702,1.082946357,1.083943483,6139,synthetic
12087792,2025-08-10T15:24:19.079968+00:00,2025-08-11T15:24:19.079968+00:00,1.083943483,1.085595878,1.083261047,1.084912831,6146,synthetic
12087792,2025-08-11T15:24:19.079968+00:00,2025-08-12T15:24:19.079968+00:00,1.084912831,1.086951982,1.0842898,1.086328138,6153,synthetic
12087792,2025-08-12T15:24:19.079968+00:00,2025-08-13T15:24:19.079968+00:00,1.086328138,1.087399468,1.085301716,1.086373003,6160,synthetic
12087792,2025-08-13T15:24:19.079968+00:00,2025-08-14T15:24:19.079968+00:00,1.086373003,1.086433351,1.085023567,1.085083843,6167,synthetic
12087792,2025-08-14T15:24:19.079968+00:00,2025-08-15T15:24:19.079968+00:00,1.085083843,1.086142182,1.083094997,1.084152427,6174,synthetic
12087792,2025-08-15T15:24:19.079968+00:00,2025-08-16T15:24:19.079968+00:00,1.084152427,1.084672723,1.083470454,1.083990672,6181,synthetic
12087792,2025-08-16T15:24:19.079968+00:00,2025-08-17T15:24:19.079968+00:00,1.083990672,1.084929735,1.083218996,1.084157939,6188,synthetic
12087792,2025-08-17T15:24:19.079968+00:00,2025-08-18T15:24:19.079968+00:00,1.084157939,1.085990378,1.083213931,1.085045597,6195,synthetic
12087792,2025-08-18T15:24:19.079968+00:00,2025-08-19T15:24:19.079968+00:00,1.085045597,1.086591231,1.084791847,1.086337178,6202,synthetic
12087792,2025-08-19T15:24:19.079968+00:00,2025-08-20T15:24:19.079968+00:00,1.086337178,1.087447298,1.0852518,1.086361895,6209,synthetic
12087792,2025-08-20T15:24:19.079968+00:00,2025-08-21T15:24:19.079968+00:00,1.086361895,1.086703715,1.084618019,1.084959397,6216,synthetic
12087792,2025-08-21T15:24:19.079968+00:00,2025-08-22T15:24:19.079968+00:00,1.084959397,1.085855985,1.083042486,1.08393823,6223,synthetic
12087792,2025-08-22T15:24:19.079968+00:00,2025-08-23T15:24:19.079968+00:00,1.08393823,1.084815907,1.083105417,1.08398306,6230,synthetic
12087792,2025-08-23T15:24:19.079968+00:00,2025-08-24T15:24:19.079968+00:00,1.08398306,1.084829094,1.083544505,1.084390374,6237,synthetic
12087792,2025-08-24T15:24:19.079968+00:00,2025-08-25T15:24:19.079968+00:00,1.084390374,1.086272348,1.08331636,1.085197535,6244,synthetic
12087792,2025-08-25T15:24:19.079968+00:00,2025-08-26T15:24:19.079968+00:00,1.085197535,1.086463251,1.085046517,1.086312078,6251,synthetic
12087792,2025-08-26T15:24:19.079968+00:00,2025-08-27T15:24:19.079968+00:00,1.086312078,1.087305002,1.085316866,1.086309788,6258,synthetic
12087792,2025-08-27T15:24:19.079968+00:00,2025-08-28T15:24:19.079968+00:00,1.086309788,1.087006067,1.084156237,1.084851582,6265,synthetic
12087792,2025-08-28T15:24:19.079968+00:00,2025-08-29T15:24:19.079968+00:00,1.084851582,1.085461432,1.08314464,1.083753873,6272,synthetic
12087792,2025-08-29T15:24:19.079968+00:00,2025-08-30T15:24:19.079968+00:00,1.083753873,1.085003393,1.082724768,1.083974079,6279,synthetic
12087792,2025-08-30T15:24:19.079968+00:00,2025-08-31T15:24:19.079968+00:00,1.083974079,1.08467459,1.083929807,1.084630291,6286,synthetic
12087792,2025-08-31T15:24:19.079968+00:00,2025-09-01T15:24:19.079968+00:00,1.084630291,1.086421894,1.083576034,1.08536692,6293,synthetic
12087792,2025-09-01T15:24:19.079968+00:00,2025-09-02T15:24:19.079968+00:00,1.08536692,1.086794502,1.084832077,1.086259219,6300,synthetic
12087792,2025-09-02T15:24:19.079968+00:00,2025-09-03T15:24:19.079968+00:00,1.086259219,1.087021194,1.085452517,1.086214461,6307,synthetic
12087792,2025-09-03T15:24:19.079968+00:00,2025-09-04T15:24:19.079968+00:00,1.086214461,1.087168022,1.083805273,1.084757556,6314,synthetic
12087792,2025-09-04T15:24:19.079968+00:00,2025-09-05T15:24:19.079968+00:00,1.084757556,1.084995682,1.083369705,1.083607578,6321,synthetic
12087792,2025-09-05T15:24:19.079968+00:00,2025-09-06T15:24:19.079968+00:00,1.083607578,1.085049137,1.082525714,1.083966915,6328,synthetic
12087792,2025-09-06T15:24:19.079968+00:00,2025-09-07T15:24:19.079968+00:00,1.083966915,1.08522385,1.083610736,1.084867375,6335,synthetic
12087792,2025-09-07T15:24:19.079968+00:00,2025-09-08T15:24:19.079968+00:00,1.084867375,1.086437806,1.083979955,1.085549828,6342,synthetic
12087792,2025-09-08T15:24:19.079968+00:00,2025-09-09T15:24:19.079968+00:00,1.085549828,1.087030537,1.084705637,1.086185851,6349,synthetic
12087792,2025-09-09T15:24:19.079968+00:00,2025-09-10T15:24:19.079968+00:00,1.086185851,1.086610622,1.085651502,1.08607623,6356,synthetic
12087792,2025-09-10T15:24:19.079968+00:00,2025-09-11T15:24:19.079968+00:00,1.08607623,1.087154004,1.083596851,1.084673233,6363,synthetic
12087792,2025-09-11T15:24:19.079968+00:00,2025-09-12T15:24:19.079968+00:00,1.084673233,1.084839978,1.083338915,1.08350548,6370,synthetic
12087792,2025-09-12T15:24:19.079968+00:00,2025-09-13T15:24:19.079968+00:00,1.08350548,1.084950422,1.082521701,1.083966224,6377,synthetic
12087792,2025-09-13T15:24:19.079968+00:00,2025-09-14T15:24:19.079968+00:00,1.083966224,1.085799902,1.083259271,1.085092215,6384,synthetic
12087792,2025-09-14T15:24:19.079968+00:00,2025-09-15T15:24:19.079968+00:00,1.085092215,1.08633734,1.084495509,1.085740278,6391,synthetic
12087792,2025-09-15T15:24:19.079968+00:00,2025-09-16T15:24:19.079968+00:00,1.085740278,1.087135626,1.084704386,1.08609939,6398,synthetic
12087792,2025-09-16T15:24:19.079968+00:00,2025-09-17T15:24:19.079968+00:00,1.08609939,1.086127765,1.085869702,1.085898072,6405,synthetic
12087792,2025-09-17T15:24:19.079968+00:00,2025-09-18T15:24:19.079968+00:00,1.085898072,1.08694969,1.083543517,1.084593872,6412,synthetic
12087792,2025-09-18T15:24:19.079968+00:00,2025-09-19T15:24:19.079968+00:00,1.084593872,1.085142173,1.082903485,1.083451209,6419,synthetic
12087792,2025-09-19T15:24:19.079968+00:00,2025-09-20T15:24:19.079968+00:00,1.083451209,1.084726554,1.082702656,1.083977638,6426,synthetic
12087792,2025-09-20T15:24:19.079968+00:00,2025-09-21T15:24:19.079968+00:00,1.083977638,1.086257242,1.0830185,1.085296937,6433,synthetic
12087792,2025-09-21T15:24:19.079968+00:00,2025-09-22T15:24:19.079968+00:00,1.085296937,1.086153341,1.085074309,1.085930584,6440,synthetic
12087792,2025-09-22T15:24:19.079968+00:00,2025-09-23T15:24:19.079968+00:00,1.085930584,1.087089978,1.084847425,1.086006744,6447,synthetic
12087792,2025-09-23T15:24:19.079968+00:00,2025-09-24T15:24:19.079968+00:00,1.086006744,1.086378658,1.085313717,1.085685521,6454,synthetic
12087792,2025-09-24T15:24:19.079968+00:00,2025-09-25T15:24:19.079968+00:00,1.085685521,1.086564318,1.083636878,1.084514727,6461,synthetic
12087792,2025-09-25T15:24:19.079968+00:00,2025-09-26T15:24:19.079968+00:00,1.084514727,1.085368062,1.082593162,1.083445656,6468,synthetic
12087792,2025-09-26T15:24:19.079968+00:00,2025-09-27T15:24:19.079968+00:00,1.083445656,1.084416346,1.083036685,1.084007163,6475,synthetic
12087792,2025-09-27T15:24:19.079968+00:00,2025-09-28T15:24:19.079968+00:00,1.084007163,1.086554722,1.082929589,1.085475688,6482,synthetic
12087792,2025-09-28T15:24:19.079968+00:00,2025-09-29T15:24:19.079968+00:00,1.085475688,1.086294623,1.085293045,1.086111873,6489,synthetic
12087792,2025-09-29T15:24:19.079968+00:00,2025-09-30T15:24:19.079968+00:00,1.086111873,1.08709121,1.08493454,1.085913699,6496,synthetic
12087792,2025-09-30T15:24:19.079968+00:00,2025-10-01T15:24:19.079968+00:00,1.085913699,1.086633967,1.084726409,1.085446367,6503,synthetic
12087792,2025-10-01T15:24:19.079968+00:00,2025-10-02T15:24:19.079968+00:00,1.085446367,1.086029853,1.083848747,1.084431689,6510,synthetic
12087792,2025-10-02T15:24:19.079968+00:00,2025-10-03T15:24:19.079968+00:00,1.084431689,1.085471003,1.082448564,1.083486973,6517,synthetic
12087792,2025-10-03T15:24:19.079968+00:00,2025-10-04T15:24:19.079968+00:00,1.083486973,1.08407287,1.083474618,1.084060508,6524,synthetic
12087792,2025-10-04T15:24:19.079968+00:00,2025-10-05T15:24:19.079968+00:00,1.084060508,1.08667219,1.083014763,1.085624936,6531,synthetic
12087792,2025-10-05T15:24:19.079968+00:00,2025-10-06T15:24:19.079968+00:00,1.085624936,1.086837628,1.085062381,1.086274736,6538,synthetic
12087792,2025-10-06T15:24:19.079968+00:00,2025-10-07T15:24:19.079968+00:00,1.086274736,1.087013594,1.085085904,1.085824456,6545,synthetic
12087792,2025-10-07T15:24:19.079968+00:00,2025-10-08T15:24:19.079968+00:00,1.085824456,1.086792573,1.084222604,1.085190156,6552,synthetic
12087792,2025-10-08T15:24:19.079968+00:00,2025-10-09T15:24:19.079968+00:00,1.085190156,1.085397098,1.084135073,1.084341854,6559,synthetic
12087792,2025-10-09T15:24:19.079968+00:00,2025-10-10T15:24:19.079968+00:00,1.084341854,1.08542217,1.082491229,1.083570777,6566,synthetic
12087792,2025-10-10T15:24:19.079968+00:00,2025-10-11T15:24:19.079968+00:00,1.083570777,1.084528659,1.083184748,1.084142425,6573,synthetic
12087792,2025-10-11T15:24:19.079968+00:00,2025-10-12T15:24:19.079968+00:00,1.084142425,1.086612918,1.083274347,1.085743557,6580,synthetic
12087792,2025-10-12T15:24:19.079968+00:00,2025-10-13T15:24:19.079968+00:00,1.085743557,1.087274554,1.084879481,1.086409948,6587,synthetic
12087792,2025-10-13T15:24:19.079968+00:00,2025-10-14T15:24:19.079968+00:00,1.086409948,1.08680518,1.085346329,1.085741318,6594,synthetic
12087792,2025-10-14T15:24:19.079968+00:00,2025-10-15T15:24:19.079968+00:00,1.085741318,1.086822238,1.08384744,1.08492755,6601,synthetic
12087792,2025-10-15T15:24:19.079968+00:00,2025-10-16T15:24:19.079968+00:00,1.08492755,1.085125829,1.084045822,1.084243976,6608,synthetic
12087792,2025-10-16T15:24:19.079968+00:00,2025-10-17T15:24:19.079968+00:00,1.084243976,1.085214621,1.082720407,1.083690556,6615,synthetic
12087792,2025-10-17T15:24:19.079968+00:00,2025-10-18T15:24:19.079968+00:00,1.083690556,1.084987145,1.0829599,1.084256107,6622,synthetic
12087792,2025-10-18T15:24:19.079968+00:00,2025-10-19T15:24:19.079968+00:00,1.084256107,1.08640287,1.083686786,1.085832721,6629,synthetic
12087792,2025-10-19T15:24:19.079968+00:00,2025-10-20T15:24:19.079968+00:00,1.085832721,1.087554956,1.084787613,1.086509196,6636,synthetic
12087792,2025-10-20T15:24:19.079968+00:00,2025-10-21T15:24:19.079968+00:00,1.086509196,1.086512805,1.085660989,1.085664595,6643,synthetic
12087792,2025-10-21T15:24:19.079968+00:00,2025-10-22T15:24:19.079968+00:00,1.085664595,1.086707562,1.083627583,1.084669594,6650,synthetic
12087792,2025-10-22T15:24:19.079968+00:00,2025-10-23T15:24:19.079968+00:00,1.084669594,1.085245253,1.083563367,1.084138744,6657,synthetic
12087792,2025-10-23T15:24:19.079968+00:00,2025-10-24T15:24:19.079968+00:00,1.084138744,1.084864368,1.083112815,1.083838237,6664,synthetic
12087792,2025-10-24T15:24:19.079968+00:00,2025-10-25T15:24:19.079968+00:00,1.083838237,1.085376688,1.082864768,1.084402713,6671,synthetic
12087792,2025-10-25T15:24:19.079968+00:00,2025-10-26T15:24:19.079968+00:00,1.084402713,1.086086924,1.084211617,1.085895566,6678,synthetic
12087792,2025-10-26T15:24:19.079968+00:00,2025-10-27T15:24:19.079968+00:00,1.085895566,1.0876468,1.084815195,1.086565762,6685,synthetic
12087792,2025-10-27T15:24:19.079968+00:00,2025-10-28T15:24:19.079968+00:00,1.086565762,1.086967767,1.085191056,1.0855927,6692,synthetic
12087792,2025-10-28T15:24:19.079968+00:00,2025-10-29T15:24:19.079968+00:00,1.0855927,1.08645227,1.0835683,1.084426947,6699,synthetic
12087792,2025-10-29T15:24:19.079968+00:00,2025-10-30T15:24:19.079968+00:00,1.084426947,1.08529955,1.083156584,1.084028867,6706,synthetic
12087792,2025-10-30T15:24:19.079968+00:00,2025-10-31T15:24:19.079968+00:00,1.084028867,1.084408322,1.083625413,1.08400486,6713,synthetic
12087792,2025-10-31T15:24:19.079968+00:00,2025-11-01T15:24:19.079968+00:00,1.08400486,1.085662206,1.082924283,1.084581055,6720,synthetic
12087792,2025-11-01T15:24:19.079968+00:00,2025-11-02T15:24:19.079968+00:00,1.084581055,1.086150882,1.08436716,1.085936719,6727,synthetic
12087792,2025-11-02T15:24:19.079968+00:00,2025-11-03T15:24:19.079968+00:00,1.085936719,1.087540579,1.08497179,1.086575082,6734,synthetic
12087792,2025-11-03T15:24:19.079968+00:00,2025-11-04T15:24:19.079968+00:00,1.086575082,1.08731942,1.084778831,1.085522448,6741,synthetic
12087792,2025-11-04T15:24:19.079968+00:00,2025-11-05T15:24:19.079968+00:00,1.085522448,1.086078769,1.083653505,1.084209153,6748,synthetic
12087792,2025-11-05T15:24:19.079968+00:00,2025-11-06T15:24:19.079968+00:00,1.084209153,1.085256917,1.082871469,1.083918952,6755,synthetic
12087792,2025-11-06T15:24:19.079968+00:00,2025-11-07T15:24:19.079968+00:00,1.083918952,1.084200874,1.083899392,1.084181309,6762,synthetic
12087792,2025-11-07T15:24:19.079968+00:00,2025-11-08T15:24:19.079968+00:00,1.084181309,1.085825068,1.083144313,1.084787493,6769,synthetic
12087792,2025-11-08T15:24:19.079968+00:00,2025-11-09T15:24:19.079968+00:00,1.084787493,1.08655153,1.084198296,1.085961696,6776,synthetic
12087792,2025-11-09T15:24:19.079968+00:00,2025-11-10T15:24:19.079968+00:00,1.085961696,1.08725041,1.085246811,1.086535148,6783,synthetic
12087792,2025-11-10T15:24:19.079968+00:00,2025-11-11T15:24:19.079968+00:00,1.086535148,1.087517967,1.084467677,1.085449514,6790,synthetic
12087792,2025-11-11T15:24:19.079968+00:00,2025-11-12T15:24:19.079968+00:00,1.085449514,1.08562504,1.08384871,1.084024005,6797,synthetic
12087792,2025-11-12T15:24:19.079968+00:00,2025-11-13T15:24:19.079968+00:00,1.084024005,1.085100789,1.082738612,1.083815188,6804,synthetic
12087792,2025-11-13T15:24:19.079968+00:00,2025-11-14T15:24:19.079968+00:00,1.083815188,1.084774999,1.083399418,1.084359021,6811,synthetic
12087792,2025-11-14T15:24:19.079968+00:00,2025-11-15T15:24:19.079968+00:00,1.084359021,1.085865295,1.083510274,1.085016033,6818,synthetic
12087792,2025-11-15T15:24:19.079968+00:00,2025-11-16T15:24:19.079968+00:00,1.085016033,1.086859483,1.084133565,1.085976234,6825,synthetic
12087792,2025-11-16T15:24:19.079968+00:00,2025-11-17T15:24:19.079968+00:00,1.085976234,1.086811985,1.085611117,1.086446711,6832,synthetic
12087792,2025-11-17T15:24:19.079968+00:00,2025-11-18T15:24:19.079968+00:00,1.086446711,1.087530875,1.084285924,1.085369014,6839,synthetic
12087792,2025-11-18T15:24:19.079968+00:00,2025-11-19T15:24:19.079968+00:00,1.085369014,1.085598709,1.083647679,1.083877058,6846,synthetic
12087792,2025-11-19T15:24:19.079968+00:00,2025-11-20T15:24:19.079968+00:00,1.083877058,1.084832731,1.082769314,1.083724852,6853,synthetic
12087792,2025-11-20T15:24:19.079968+00:00,2025-11-21T15:24:19.079968+00:00,1.083724852,1.085285118,1.082970922,1.084530627,6860,synthetic
12087792,2025-11-21T15:24:19.079968+00:00,2025-11-22T15:24:19.079968+00:00,1.084530627,1.085801049,1.083988587,1.085258645,6867,synthetic
12087792,2025-11-22T15:24:19.079968+00:00,2025-11-23T15:24:19.079968+00:00,1.085258645,1.087039117,1.084205872,1.08598564,6874,synthetic
12087792,2025-11-23T15:24:19.079968+00:00,2025-11-24T15:24:19.079968+00:00,1.08598564,1.086348856,1.085950056,1.086313261,6881,synthetic
12087792,2025-11-24T15:24:19.079968+00:00,2025-11-25T15:24:19.079968+00:00,1.086313261,1.087347516,1.084242885,1.085276152,6888,synthetic
12087792,2025-11-25T15:24:19.079968+00:00,2025-11-26T15:24:19.079968+00:00,1.085276152,1.085878968,1.083169348,1.083771328,6895,synthetic
12087792,2025-11-26T15:24:19.079968+00:00,2025-11-27T15:24:19.079968+00:00,1.083771328,1.08447268,1.082954421,1.083655699,6902,synthetic
12087792,2025-11-27T15:24:19.079968+00:00,2025-11-28T15:24:19.079968+00:00,1.083655699,1.085678309,1.082668787,1.084690455,6909,synthetic
12087792,2025-11-28T15:24:19.079968+00:00,2025-11-29T15:24:19.079968+00:00,1.084690455,1.085665494,1.084530832,1.085505751,6916,synthetic
12087792,2025-11-29T15:24:19.079968+00:00,2025-11-30T15:24:19.079968+00:00,1.085505751,1.087070965,1.084429457,1.085994187,6923,synthetic
12087792,2025-11-30T15:24:19.079968+00:00,2025-12-01T15:24:19.079968+00:00,1.085994187,1.086572186,1.085562859,1.0861408,6930,synthetic
12087792,2025-12-01T15:24:19.079968+00:00,2025-12-02T15:24:19.079968+00:00,1.0861408,1.086980896,1.084327523,1.085166866,6937,synthetic
12087792,2025-12-02T15:24:19.079968+00:00,2025-12-03T15:24:19.079968+00:00,1.085166866,1.086058658,1.082816615,1.083707207,6944,synthetic
12087792,2025-12-03T15:24:19.079968+00:00,2025-12-04T15:24:19.079968+00:00,1.083707207,1.084056493,1.083266007,1.083615263,6951,synthetic
12087792,2025-12-04T15:24:19.079968+00:00,2025-12-05T15:24:19.079968+00:00,1.083615263,1.085918341,1.082533008,1.084834867,6958,synthetic
12087792,2025-12-05T15:24:19.079968+00:00,2025-12-06T15:24:19.079968+00:00,1.084834867,1.085992246,1.084589698,1.085746871,6965,synthetic
12087792,2025-12-06T15:24:19.079968+00:00,2025-12-07T15:24:19.079968+00:00,1.085746871,1.086954544,1.084797195,1.086004643,6972,synthetic
12087792,2025-12-07T15:24:19.079968+00:00,2025-12-08T15:24:19.079968+00:00,1.086004643,1.086771564,1.08517053,1.085937404,6979,synthetic
12087792,2025-12-08T15:24:19.079968+00:00,2025-12-09T15:24:19.079968+00:00,1.085937404,1.086466239,1.084510022,1.085038419,6986,synthetic
12087792,2025-12-09T15:24:19.079968+00:00,2025-12-10T15:24:19.079968+00:00,1.085038419,1.086094744,1.082627589,1.083682594,6993,synthetic
12087792,2025-12-10T15:24:19.079968+00:00,2025-12-11T15:24:19.079968+00:00,1.083682594,1.083734046,1.083558716,1.083610166,7000,synthetic
12087792,2025-12-11T15:24:19.079968+00:00,2025-12-12T15:24:19.079968+00:00,1.083610166,1.08599036,1.082583477,1.08496239,7007,synthetic
12087792,2025-12-12T15:24:19.079968+00:00,2025-12-13T15:24:19.079968+00:00,1.08496239,1.086587782,1.084346529,1.085971349,7014,synthetic
12087792,2025-12-13T15:24:19.079968+00:00,2025-12-14T15:24:19.079968+00:00,1.085971349,1.086708494,1.08528084,1.086017956,7021,synthetic
12087792,2025-12-14T15:24:19.079968+00:00,2025-12-15T15:24:19.079968+00:00,1.086017956,1.087013516,1.084717358,1.085712638,7028,synthetic
12087792,2025-12-15T15:24:19.079968+00:00,2025-12-16T15:24:19.079968+00:00,1.085712638,1.085856582,1.084746035,1.084889869,7035,synthetic
12087792,2025-12-16T15:24:19.079968+00:00,2025-12-17T15:24:19.079968+00:00,1.084889869,1.085963359,1.082620914,1.08369322,7042,synthetic
12087792,2025-12-17T15:24:19.079968+00:00,2025-12-18T15:24:19.079968+00:00,1.08369322,1.084138232,1.083200469,1.083645461,7049,synthetic
12087792,2025-12-18T15:24:19.079968+00:00,2025-12-19T15:24:19.079968+00:00,1.083645461,1.085902693,1.082817499,1.08507364,7056,synthetic
12087792,2025-12-19T15:24:19.079968+00:00,2025-12-20T15:24:19.079968+00:00,1.08507364,1.087070744,1.084172918,1.086169112,7063,synthetic
12087792,2025-12-20T15:24:19.079968+00:00,2025-12-21T15:24:19.079968+00:00,1.086169112,1.086504014,1.085698276,1.086033136,7070,synthetic
12087792,2025-12-21T15:24:19.079968+00:00,2025-12-22T15:24:19.079968+00:00,1.086033136,1.087118489,1.084392053,1.085476851,7077,synthetic
12087792,2025-12-22T15:24:19.079968+00:00,2025-12-23T15:24:19.079968+00:00,1.085476851,1.085737708,1.084461705,1.084722381,7084,synthetic
12087792,2025-12-23T15:24:19.079968+00:00,2025-12-24T15:24:19.079968+00:00,1.084722381,1.085663316,1.082793079,1.083733155,7091,synthetic
12087792,2025-12-24T15:24:19.079968+00:00,2025-12-25T15:24:19.079968+00:00,1.083733155,1.084509688,1.082947575,1.083724101,7098,synthetic
12087792,2025-12-25T15:24:19.079968+00:00,2025-12-26T15:24:19.079968+00:00,1.083724101,1.0856855,1.083210339,1.085171052,7105,synthetic
12087792,2025-12-26T15:24:19.079968+00:00,2025-12-27T15:24:19.079968+00:00,1.085171052,1.087392519,1.084111061,1.086331395,7112,synthetic
12087792,2025-12-27T15:24:19.079968+00:00,2025-12-28T15:24:19.079968+00:00,1.086331395,1.086398946,1.085979806,1.086047339,7119,synthetic
12087792,2025-12-28T15:24:19.079968+00:00,2025-12-29T15:24:19.079968+00:00,1.086047339,1.087071111,1.08421741,1.085240421,7126,synthetic
12087792,2025-12-29T15:24:19.079968+00:00,2025-12-30T15:24:19.079968+00:00,1.085240421,1.085869529,1.08391064,1.084539341,7133,synthetic
12087792,2025-12-30T15:24:19.079968+00:00,2025-12-31T15:24:19.079968+00:00,1.084539341,1.085216539,1.083118693,1.083795427,7140,synthetic
12087792,2025-12-31T15:24:19.079968+00:00,2026-01-01T15:24:19.079968+00:00,1.083795427,1.084846399,1.082795636,1.08384656,7147,synthetic
12087792,2026-01-01T15:24:19.079968+00:00,2026-01-02T15:24:19.079968+00:00,1.08384656,1.08538646,1.083718698,1.085258431,7154,synthetic
12087792,2026-01-02T15:24:19.079968+00:00,2026-01-03T15:24:19.079968+00:00,1.085258431,1.087523967,1.084187003,1.086451361,7161,synthetic
12087792,2026-01-03T15:24:19.079968+00:00,2026-01-04T15:24:19.079968+00:00,1.086451361,1.086912043,1.085595636,1.086056151,7168,synthetic
12087792,2026-01-04T15:24:19.079968+00:00,2026-01-05T15:24:19.079968+00:00,1.086056151,1.086875547,1.084194417,1.085013027,7175,synthetic
12087792,2026-01-05T15:24:19.079968+00:00,2026-01-06T15:24:19.079968+00:00,1.085013027,1.08592251,1.083437342,1.084346266,7182,synthetic
12087792,2026-01-06T15:24:19.079968+00:00,2026-01-07T15:24:19.079968+00:00,1.084346266,1.08466538,1.083553734,1.083872709,7189,synthetic
12087792,2026-01-07T15:24:19.079968+00:00,2026-01-08T15:24:19.079968+00:00,1.083872709,1.085094435,1.082789068,1.084010656,7196,synthetic
12087792,2026-01-08T15:24:19.079968+00:00,2026-01-09T15:24:19.079968+00:00,1.084010656,1.0856167,1.083734685,1.085340391,7203,synthetic
12087792,2026-01-09T15:24:19.079968+00:00,2026-01-10T15:24:19.079968+00:00,1.085340391,1.087459015,1.084406973,1.086524579,7210,synthetic
12087792,2026-01-10T15:24:19.079968+00:00,2026-01-11T15:24:19.079968+00:00,1.086524579,1.087314187,1.085264771,1.086054038,7217,synthetic
12087792,2026-01-11T15:24:19.079968+00:00,2026-01-12T15:24:19.079968+00:00,1.086054038,1.086554768,1.084302825,1.084802979,7224,synthetic
12087792,2026-01-12T15:24:19.079968+00:00,2026-01-13T15:24:19.079968+00:00,1.084802979,1.085865916,1.083088201,1.084150499,7231,synthetic
12087792,2026-01-13T15:24:19.079968+00:00,2026-01-14T15:24:19.079968+00:00,1.084150499,1.08423384,1.083874685,1.083958011,7238,synthetic
12087792,2026-01-14T15:24:19.079968+00:00,2026-01-15T15:24:19.079968+00:00,1.083958011,1.085228187,1.082941647,1.084211585,7245,synthetic
12087792,2026-01-15T15:24:19.079968+00:00,2026-01-16T15:24:19.079968+00:00,1.084211585,1.086063874,1.083570133,1.085421706,7252,synthetic
12087792,2026-01-16T15:24:19.079968+00:00,2026-01-17T15:24:19.079968+00:00,1.085421706,1.087215188,1.084756515,1.086549306,7259,synthetic
12087792,2026-01-17T15:24:19.079968+00:00,2026-01-18T15:24:19.079968+00:00,1.086549306,1.087557705,1.085027011,1.086034932,7266,synthetic
12087792,2026-01-18T15:24:19.079968+00:00,2026-01-19T15:24:19.079968+00:00,1.086034932,1.086147159,1.084504615,1.084616695,7273,synthetic
12087792,2026-01-19T15:24:19.079968+00:00,2026-01-20T15:24:19.079968+00:00,1.084616695,1.085684832,1.082893248,1.083960739,7280,synthetic
12087792,2026-01-20T15:24:19.079968+00:00,2026-01-21T15:24:19.079968+00:00,1.083960739,1.084519374,1.083486707,1.084045305,7287,synthetic
12087792,2026-01-21T15:24:19.079968+00:00,2026-01-22T15:24:19.079968+00:00,1.084045305,1.085249786,1.083237991,1.084442176,7294,synthetic
12087792,2026-01-22T15:24:19.079968+00:00,2026-01-23T15:24:19.079968+00:00,1.084442176,1.086425188,1.083524563,1.085506673,7301,synthetic
12087792,2026-01-23T15:24:19.079968+00:00,2026-01-24T15:24:19.079968+00:00,1.085506673,1.086830987,1.085202528,1.086526556,7308,synthetic
12087792,2026-01-24T15:24:19.079968+00:00,2026-01-25T15:24:19.079968+00:00,1.086526556,1.087613063,1.084906915,1.085992889,7315,synthetic
12087792,2026-01-25T15:24:19.079968+00:00,2026-01-26T15:24:19.079968+00:00,1.085992889,1.086284798,1.084166854,1.084458351,7322,synthetic
12087792,2026-01-26T15:24:19.079968+00:00,2026-01-27T15:24:19.079968+00:00,1.084458351,1.085382761,1.082862574,1.083786411,7329,synthetic
12087792,2026-01-27T15:24:19.079968+00:00,2026-01-28T15:24:19.079968+00:00,1.083786411,1.08492879,1.082987916,1.084130041,7336,synthetic
12087792,2026-01-28T15:24:19.079968+00:00,2026-01-29T15:24:19.079968+00:00,1.084130041,1.085179213,1.083644418,1.084693338,7343,synthetic
12087792,2026-01-29T15:24:19.079968+00:00,2026-01-30T15:24:19.079968+00:00,1.084693338,1.086665302,1.083627432,1.085598507,7350,synthetic
12087792,2026-01-30T15:24:19.079968+00:00,2026-01-31T15:24:19.079968+00:00,1.085598507,1.086559411,1.085499126,1.086459951,7357,synthetic
12087792,2026-01-31T15:24:19.079968+00:00,2026-02-01T15:24:19.079968+00:00,1.086459951,1.08747299,1.08491022,1.085922758,7364,synthetic
12087792,2026-02-01T15:24:19.079968+00:00,2026-02-02T15:24:19.079968+00:00,1.085922758,1.086578044,1.083675405,1.084329729,7371,synthetic
12087792,2026-02-02T15:24:19.079968+00:00,2026-02-03T15:24:19.079968+00:00,1.084329729,1.084981563,1.082985547,1.083636965,7378,synthetic
12087792,2026-02-03T15:24:19.079968+00:00,2026-02-04T15:24:19.079968+00:00,1.083636965,1.085221558,1.082625436,1.084209494,7385,synthetic
12087792,2026-02-04T15:24:19.079968+00:00,2026-02-05T15:24:19.079968+00:00,1.084209494,1.085050876,1.084113347,1.084954664,7392,synthetic
12087792,2026-02-05T15:24:19.079968+00:00,2026-02-06T15:24:19.079968+00:00,1.084954664,1.086765171,1.083889084,1.08569886,7399,synthetic
12087792,2026-02-06T15:24:19.079968+00:00,2026-02-07T15:24:19.079968+00:00,1.08569886,1.086844781,1.085209743,1.086355368,7406,synthetic
12087792,2026-02-07T15:24:19.079968+00:00,2026-02-08T15:24:19.079968+00:00,1.086355368,1.08715364,1.085022929,1.085820807,7413,synthetic
12087792,2026-02-08T15:24:19.079968+00:00,2026-02-09T15:24:19.079968+00:00,1.085820807,1.086748008,1.083304441,1.084230284,7420,synthetic
12087792,2026-02-09T15:24:19.079968+00:00,2026-02-10T15:24:19.079968+00:00,1.084230284,1.084518713,1.083232893,1.083521134,7427,synthetic
12087792,2026-02-10T15:24:19.079968+00:00,2026-02-11T15:24:19.079968+00:00,1.083521134,1.08536716,1.082437655,1.084282919,7434,synthetic
12087792,2026-02-11T15:24:19.079968+00:00,2026-02-12T15:24:19.079968+00:00,1.084282919,1.085522209,1.083976123,1.085215149,7441,synthetic
12087792,2026-02-12T15:24:19.079968+00:00,2026-02-13T15:24:19.079968+00:00,1.085215149,1.086724596,1.08429855,1.085807496,7448,synthetic
12087792,2026-02-13T15:24:19.079968+00:00,2026-02-14T15:24:19.079968+00:00,1.085807496,1.087031427,1.084996788,1.086220411,7455,synthetic
12087792,2026-02-14T15:24:19.079968+00:00,2026-02-15T15:24:19.079968+00:00,1.086220411,1.086692618,1.085213267,1.085685242,7462,synthetic
12087792,2026-02-15T15:24:19.079968+00:00,2026-02-16T15:24:19.079968+00:00,1.085685242,1.086754969,1.083089188,1.08415741,7469,synthetic
12087792,2026-02-16T15:24:19.079968+00:00,2026-02-17T15:24:19.079968+00:00,1.08415741,1.084272544,1.083331179,1.083446238,7476,synthetic
12087792,2026-02-17T15:24:19.079968+00:00,2026-02-18T15:24:19.079968+00:00,1.083446238,1.085356699,1.082441884,1.084351506,7483,synthetic
12087792,2026-02-18T15:24:19.079968+00:00,2026-02-19T15:24:19.079968+00:00,1.084351506,1.086131637,1.083684507,1.085463954,7490,synthetic
12087792,2026-02-19T15:24:19.079968+00:00,2026-02-20T15:24:19.079968+00:00,1.085463954,1.08656209,1.084824282,1.085922148,7497,synthetic
12087792,2026-02-20T15:24:19.079968+00:00,2026-02-21T15:24:19.079968+00:00,1.085922148,1.087083182,1.08490286,1.086063761,7504,synthetic
12087792,2026-02-21T15:24:19.079968+00:00,2026-02-22T15:24:19.079968+00:00,1.086063761,1.086144133,1.085436229,1.08551656,7511,synthetic
12087792,2026-02-22T15:24:19.079968+00:00,2026-02-23T15:24:19.079968+00:00,1.08551656,1.086579569,1.083045257,1.084106885,7518,synthetic
12087792,2026-02-23T15:24:19.079968+00:00,2026-02-24T15:24:19.079968+00:00,1.084106885,1.084609483,1.0829153,1.083417579,7525,synthetic
12087792,2026-02-24T15:24:19.079968+00:00,2026-02-25T15:24:19.079968+00:00,1.083417579,1.085204061,1.082632373,1.08441813,7532,synthetic
12087792,2026-02-25T15:24:19.079968+00:00,2026-02-26T15:24:19.079968+00:00,1.08441813,1.086626458,1.083483917,1.085691149,7539,synthetic
12087792,2026-02-26T15:24:19.079968+00:00,2026-02-27T15:24:19.079968+00:00,1.085691149,1.086312056,1.085417772,1.086038592,7546,synthetic
12087792,2026-02-27T15:24:19.079968+00:00,2026-02-28T15:24:19.079968+00:00,1.086038592,1.08712433,1.084808867,1.085894461,7553,synthetic
12087792,2026-02-28T15:24:19.079968+00:00,2026-03-01T15:24:19.079968+00:00,1.085894461,1.086217015,1.084995338,1.085317722,7560,synthetic
12087792,2026-03-01T15:24:19.079968+00:00,2026-03-02T15:24:19.079968+00:00,1.085317722,1.086225753,1.083166452,1.084073442,7567,synthetic
12087792,2026-03-02T15:24:19.079968+00:00,2026-03-03T15:24:19.079968+00:00,1.084073442,1.084893386,1.08261853,1.083437993,7574,synthetic
12087792,2026-03-03T15:24:19.079968+00:00,2026-03-04T15:24:19.079968+00:00,1.083437993,1.084943951,1.082981413,1.084486929,7581,synthetic
12087792,2026-03-04T15:24:19.079968+00:00,2026-03-05T15:24:19.079968+00:00,1.084486929,1.086960925,1.083415771,1.085888382,7588,synthetic
12087792,2026-03-05T15:24:19.079968+00:00,2026-03-06T15:24:19.079968+00:00,1.085888382,1.086282151,1.085757177,1.086150914,7595,synthetic
12087792,2026-03-06T15:24:19.079968+00:00,2026-03-07T15:24:19.079968+00:00,1.086150914,1.087151668,1.084720831,1.085721189,7602,synthetic
12087792,2026-03-07T15:24:19.079968+00:00,2026-03-08T15:24:19.079968+00:00,1.085721189,1.086401562,1.084414121,1.085094101,7609,synthetic
12087792,2026-03-08T15:24:19.079968+00:00,2026-03-09T15:24:19.079968+00:00,1.085094101,1.085720578,1.083425547,1.084051421,7616,synthetic
12087792,2026-03-09T15:24:19.079968+00:00,2026-03-10T15:24:19.079968+00:00,1.084051421,1.085074349,1.082485176,1.08350759,7623,synthetic
12087792,2026-03-10T15:24:19.079968+00:00,2026-03-11T15:24:19.079968+00:00,1.08350759,1.08462708,1.083443327,1.084562754,7630,synthetic
12087792,2026-03-11T15:24:19.079968+00:00,2026-03-12T15:24:19.079968+00:00,1.084562754,1.087109589,1.08350403,1.086049414,7637,synthetic
12087792,2026-03-12T15:24:19.079968+00:00,2026-03-13T15:24:19.079968+00:00,1.086049414,1.086769669,1.0855318,1.086251959,7644,synthetic
12087792,2026-03-13T15:24:19.079968+00:00,2026-03-14T15:24:19.079968+00:00,1.086251959,1.087028114,1.084775949,1.085551603,7651,synthetic
12087792,2026-03-14T15:24:19.079968+00:00,2026-03-15T15:24:19.079968+00:00,1.085551603,1.086494808,1.083910634,1.084853231,7658,synthetic
12087792,2026-03-15T15:24:19.079968+00:00,2026-03-16T15:24:19.079968+00:00,1.084853231,1.085110908,1.083777952,1.084035434,7665,synthetic
12087792,2026-03-16T15:24:19.079968+00:00,2026-03-17T15:24:19.079968+00:00,1.084035434,1.085118677,1.082540877,1.083623708,7672,synthetic
12087792,2026-03-17T15:24:19.079968+00:00,2026-03-18T15:24:19.079968+00:00,1.083623708,1.084987927,1.083286627,1.084650526,7679,synthetic
12087792,2026-03-18T15:24:19.079968+00:00,2026-03-19T15:24:19.079968+00:00,1.084650526,1.087070354,1.083751899,1.086170468,7686,synthetic
12087792,2026-03-19T15:24:19.079968+00:00,2026-03-20T15:24:19.079968+00:00,1.086170468,1.087165949,1.085338564,1.08633392,7693,synthetic
12087792,2026-03-20T15:24:19.079968+00:00,2026-03-21T15:24:19.079968+00:00,1.08633392,1.086777165,1.084948933,1.085391793,7700,synthetic
12087792,2026-03-21T15:24:19.079968+00:00,2026-03-22T15:24:19.079968+00:00,1.085391793,1.086466227,1.083530698,1.084604353,7707,synthetic
12087792,2026-03-22T15:24:19.079968+00:00,2026-03-23T15:24:19.079968+00:00,1.084604353,1.084751242,1.083874171,1.084020981,7714,synthetic
12087792,2026-03-23T15:24:19.079968+00:00,2026-03-24T15:24:19.079968+00:00,1.084020981,1.08501346,1.082788828,1.083781088,7721,synthetic
12087792,2026-03-24T15:24:19.079968+00:00,2026-03-25T15:24:19.079968+00:00,1.083781088,1.085446732,1.083089568,1.08475459,7728,synthetic
12087792,2026-03-25T15:24:19.079968+00:00,2026-03-26T15:24:19.079968+00:00,1.08475459,1.086864394,1.084141419,1.086250378,7735,synthetic
12087792,2026-03-26T15:24:19.079968+00:00,2026-03-27T15:24:19.079968+00:00,1.086250378,1.087419336,1.085220192,1.086389019,7742,synthetic
12087792,2026-03-27T15:24:19.079968+00:00,2026-03-28T15:24:19.079968+00:00,1.086389019,1.086437478,1.085197489,1.085245896,7749,synthetic
12087792,2026-03-28T15:24:19.079968+00:00,2026-03-29T15:24:19.079968+00:00,1.085245896,1.086301705,1.083302864,1.084357809,7756,synthetic
12087792,2026-03-29T15:24:19.079968+00:00,2026-03-30T15:24:19.079968+00:00,1.084357809,1.084888597,1.083474344,1.084004959,7763,synthetic
12087792,2026-03-30T15:24:19.079968+00:00,2026-03-31T15:24:19.079968+00:00,1.084004959,1.084768257,1.083208979,1.083972254,7770,synthetic
12087792,2026-03-31T15:24:19.079968+00:00,2026-04-01T15:24:19.079968+00:00,1.083972254,1.085828525,1.083022623,1.0848781,7777,synthetic
12087792,2026-04-01T15:24:19.079968+00:00,2026-04-02T15:24:19.079968+00:00,1.0848781,1.086532969,1.084635963,1.086290516,7784,synthetic
12087792,2026-04-02T15:24:19.079968+00:00,2026-04-03T15:24:19.079968+00:00,1.086290516,1.087495095,1.08520575,1.086410209,7791,synthetic
12087792,2026-04-03T15:24:19.079968+00:00,2026-04-04T15:24:19.079968+00:00,1.086410209,1.086763324,1.084763223,1.085115917,7798,synthetic
12087792,2026-04-04T15:24:19.079968+00:00,2026-04-05T15:24:19.079968+00:00,1.085115917,1.086005884,1.083235179,1.084124333,7805,synthetic
12087792,2026-04-05T15:24:19.079968+00:00,2026-04-06T15:24:19.079968+00:00,1.084124333,1.084964843,1.083145625,1.083986028,7812,synthetic
12087792,2026-04-06T15:24:19.079968+00:00,2026-04-07T15:24:19.079968+00:00,1.083986028,1.084615807,1.083558362,1.084188061,7819,synthetic
12087792,2026-04-07T15:24:19.079968+00:00,2026-04-08T15:24:19.079968+00:00,1.084188061,1.086098725,1.083112672,1.085022509,7826,synthetic
12087792,2026-04-08T15:24:19.079968+00:00,2026-04-09T15:24:19.079968+00:00,1.085022509,1.086457469,1.08485975,1.086294519,7833,synthetic
12087792,2026-04-09T15:24:19.079968+00:00,2026-04-10T15:24:19.079968+00:00,1.086294519,1.087379958,1.085306499,1.086391849,7840,synthetic
12087792,2026-04-10T15:24:19.079968+00:00,2026-04-11T15:24:19.079968+00:00,1.086391849,1.087097277,1.084297214,1.08500174,7847,synthetic
12087792,2026-04-11T15:24:19.079968+00:00,2026-04-12T15:24:19.079968+00:00,1.08500174,1.085601805,1.083314827,1.083914291,7854,synthetic
12087792,2026-04-12T15:24:19.079968+00:00,2026-04-13T15:24:19.079968+00:00,1.083914291,1.084997741,1.082881371,1.083964773,7861,synthetic
12087792,2026-04-13T15:24:19.079968+00:00,2026-04-14T15:24:19.079968+00:00,1.083964773,1.084450789,1.083932373,1.084418375,7868,synthetic
12087792,2026-04-14T15:24:19.079968+00:00,2026-04-15T15:24:19.079968+00:00,1.084418375,1.086239154,1.08336718,1.085187213,7875,synthetic
12087792,2026-04-15T15:24:19.079968+00:00,2026-04-16T15:24:19.079968+00:00,1.085187213,1.086813437,1.084642143,1.086267825,7882,synthetic
12087792,2026-04-16T15:24:19.079968+00:00,2026-04-17T15:24:19.079968+00:00,1.086267825,1.087083771,1.085514373,1.086330277,7889,synthetic
12087792,2026-04-17T15:24:19.079968+00:00,2026-04-18T15:24:19.079968+00:00,1.086330277,1.087289584,1.083943313,1.084901358,7896,synthetic
12087792,2026-04-18T15:24:19.079968+00:00,2026-04-19T15:24:19.079968+00:00,1.084901358,1.085127903,1.083510639,1.083736941,7903,synthetic
12087792,2026-04-19T15:24:19.079968+00:00,2026-04-20T15:24:19.079968+00:00,1.083736941,1.085025137,1.082655686,1.083943676,7910,synthetic
12087792,2026-04-20T15:24:19.079968+00:00,2026-04-21T15:24:19.079968+00:00,1.083943676,1.085020425,1.083576308,1.084652815,7917,synthetic
12087792,2026-04-21T15:24:19.079968+00:00,2026-04-22T15:24:19.079968+00:00,1.084652815,1.08625032,1.083772462,1.085369385,7924,synthetic
12087792,2026-04-22T15:24:19.079968+00:00,2026-04-23T15:24:19.079968+00:00,1.085369385,1.087069226,1.084517906,1.086217083,7931,synthetic
12087792,2026-04-23T15:24:19.079968+00:00,2026-04-24T15:24:19.079968+00:00,1.086217083,1.086638037,1.08580328,1.086224231,7938,synthetic
12087792,2026-04-24T15:24:19.079968+00:00,2026-04-25T15:24:19.079968+00:00,1.086224231,1.087303557,1.083733354,1.084811275,7945,synthetic
12087792,2026-04-25T15:24:19.079968+00:00,2026-04-26T15:24:19.079968+00:00,1.084811275,1.084989778,1.083421472,1.083599776,7952,synthetic
12087792,2026-04-26T15:24:19.079968+00:00,2026-04-27T15:24:19.079968+00:00,1.083599776,1.084906009,1.082620945,1.083926883,7959,synthetic
12087792,2026-04-27T15:24:19.079968+00:00,2026-04-28T15:24:19.079968+00:00,1.083926883,1.085598017,1.083210994,1.084881498,7966,synthetic
12087792,2026-04-28T15:24:19.079968+00:00,2026-04-29T15:24:19.079968+00:00,1.084881498,1.086150999,1.084294873,1.085564006,7973,synthetic
12087792,2026-04-29T15:24:19.079968+00:00,2026-04-30T15:24:19.079968+00:00,1.085564006,1.087189267,1.08452478,1.086149481,7980,synthetic
12087792,2026-04-30T15:24:19.079968+00:00,2026-05-01T15:24:19.079968+00:00,1.086149481,1.086165957,1.086058618,1.086075093,7987,synthetic
12087792,2026-05-01T15:24:19.079968+00:00,2026-05-02T15:24:19.079968+00:00,1.086075093,1.087123852,1.083679583,1.084727041,7994,synthetic
12087792,2026-05-02T15:24:19.079968+00:00,2026-05-03T15:24:19.079968+00:00,1.084727041,1.085285632,1.08295004,1.083508004,8001,synthetic
12087792,2026-05-03T15:24:19.079968+00:00,2026-05-04T15:24:19.079968+00:00,1.083508004,1.084660032,1.082768041,1.083919788,8008,synthetic
12087792,2026-05-04T15:24:19.079968+00:00,2026-05-05T15:24:19.079968+00:00,1.083919788,1.086061334,1.082955225,1.085095723,8015,synthetic
12087792,2026-05-05T15:24:19.079968+00:00,2026-05-06T15:24:19.079968+00:00,1.085095723,1.085975181,1.084884789,1.085764116,8022,synthetic
12087792,2026-05-06T15:24:19.079968+00:00,2026-05-07T15:24:19.079968+00:00,1.085764116,1.087154434,1.084682038,1.08607205,8029,synthetic
12087792,2026-05-07T15:24:19.079968+00:00,2026-05-08T15:24:19.079968+00:00,1.08607205,1.086455146,1.085503872,1.085886902,8036,synthetic
12087792,2026-05-08T15:24:19.079968+00:00,2026-05-09T15:24:19.079968+00:00,1.085886902,1.086758822,1.08377296,1.084643882,8043,synthetic
12087792,2026-05-09T15:24:19.079968+00:00,2026-05-10T15:24:19.079968+00:00,1.084643882,1.085504603,1.082604423,1.083464207,8050,synthetic
12087792,2026-05-10T15:24:19.079968+00:00,2026-05-11T15:24:19.079968+00:00,1.083464207,1.084326612,1.083066248,1.083928482,8057,synthetic
12087792,2026-05-11T15:24:19.079968+00:00,2026-05-12T15:24:19.079968+00:00,1.083928482,1.086368623,1.082849759,1.085288546,8064,synthetic
12087792,2026-05-12T15:24:19.079968+00:00,2026-05-13T15:24:19.079968+00:00,1.085288546,1.086155693,1.085094222,1.085961248,8071,synthetic
12087792,2026-05-13T15:24:19.079968+00:00,2026-05-14T15:24:19.079968+00:00,1.085961248,1.08696504,1.08498725,1.085991015,8078,synthetic
12087792,2026-05-14T15:24:19.079968+00:00,2026-05-15T15:24:19.079968+00:00,1.085991015,1.086720197,1.084937207,1.08566617,8085,synthetic
