conid,start,end,open,high,low,close,volume,source
8314,2023-08-19T15:24:19.056145+00:00,2023-08-20T15:24:19.056145+00:00,172.1386904,172.2764865,172.0038099,172.1416038,1014,synthetic
8314,2023-08-20T15:24:19.056145+00:00,2023-08-21T15:24:19.056145+00:00,172.1416038,172.2814753,171.7508699,171.8905374,1021,synthetic
8314,2023-08-21T15:24:19.056145+00:00,2023-08-22T15:24:19.056145+00:00,171.8905374,171.9485471,171.4074102,171.4652764,1028,synthetic
8314,2023-08-22T15:24:19.056145+00:00,2023-08-23T15:24:19.056145+00:00,171.4652764,171.6363664,170.3235887,170.4937093,1035,synthetic
8314,2023-08-23T15:24:19.056145+00:00,2023-08-24T15:24:19.056145+00:00,170.4937093,170.5295658,170.0724464,170.1082219,1042,synthetic
8314,2023-08-24T15:24:19.056145+00:00,2023-08-25T15:24:19.056145+00:00,170.1082219,171.3330164,169.9581264,171.1819735,1049,synthetic
8314,2023-08-25T15:24:19.056145+00:00,2023-08-26T15:24:19.056145+00:00,171.1819735,172.4161077,171.0630508,172.2964108,1056,synthetic
8314,2023-08-26T15:24:19.056145+00:00,2023-08-27T15:24:19.056145+00:00,172.2964108,172.3827244,172.1295091,172.2157823,1063,synthetic
8314,2023-08-27T15:24:19.056145+00:00,2023-08-28T15:24:19.056145+00:00,172.2157823,172.3827865,171.5451413,171.7116565,1070,synthetic
8314,2023-08-28T15:24:19.056145+00:00,2023-08-29T15:24:19.056145+00:00,171.7116565,171.7170515,171.2807097,171.2860912,1077,synthetic
8314,2023-08-29T15:24:19.056145+00:00,2023-08-30T15:24:19.056145+00:00,171.2860912,171.4492394,170.3629185,170.525342,1084,synthetic
8314,2023-08-30T15:24:19.056145+00:00,2023-08-31T15:24:19.056145+00:00,170.525342,170.6198689,170.0933797,170.1877194,1091,synthetic
8314,2023-08-31T15:24:19.056145+00:00,2023-09-01T15:24:19.056145+00:00,170.1877194,171.3371441,170.0774092,171.2261608,1098,synthetic
8314,2023-09-01T15:24:19.056145+00:00,2023-09-02T15:24:19.056145+00:00,171.2261608,172.5733226,171.0703164,172.416395,1105,synthetic
8314,2023-09-02T15:24:19.056145+00:00,2023-09-03T15:24:19.056145+00:00,172.416395,172.4419978,172.2603173,172.2859007,1112,synthetic
8314,2023-09-03T15:24:19.056145+00:00,2023-09-04T15:24:19.056145+00:00,172.2859007,172.4567546,171.3725815,171.5426984,1119,synthetic
8314,2023-09-04T15:24:19.056145+00:00,2023-09-05T15:24:19.056145+00:00,171.5426984,171.6106182,171.0227987,171.0905395,1126,synthetic
8314,2023-09-05T15:24:19.056145+00:00,2023-09-06T15:24:19.056145+00:00,171.0905395,171.2230189,170.4296702,170.5617401,1133,synthetic
8314,2023-09-06T15:24:19.056145+00:00,2023-09-07T15:24:19.056145+00:00,170.5617401,170.7017768,170.1695656,170.3093951,1140,synthetic
8314,2023-09-07T15:24:19.056145+00:00,2023-09-08T15:24:19.056145+00:00,170.3093951,171.3304991,170.2542859,171.2750774,1147,synthetic
8314,2023-09-08T15:24:19.056145+00:00,2023-09-09T15:24:19.056145+00:00,171.2750774,172.6673011,171.104029,172.4950343,1154,synthetic
8314,2023-09-09T15:24:19.056145+00:00,2023-09-10T15:24:19.056145+00:00,172.4950343,172.5337909,172.3058617,172.3445845,1161,synthetic
8314,2023-09-10T15:24:19.056145+00:00,2023-09-11T15:24:19.056145+00:00,172.3445845,172.4954425,171.2403379,171.3903606,1168,synthetic
8314,2023-09-11T15:24:19.056145+00:00,2023-09-12T15:24:19.056145+00:00,171.3903606,171.5112304,170.7664319,170.8869466,1175,synthetic
8314,2023-09-12T15:24:19.056145+00:00,2023-09-13T15:24:19.056145+00:00,170.8869466,170.9703671,170.5135929,170.5968718,1182,synthetic
8314,2023-09-13T15:24:19.056145+00:00,2023-09-14T15:24:19.056145+00:00,170.5968718,170.7629014,170.3022932,170.4681976,1189,synthetic
8314,2023-09-14T15:24:19.056145+00:00,2023-09-15T15:24:19.056145+00:00,170.4681976,171.3421474,170.4603334,171.3342433,1196,synthetic
8314,2023-09-15T15:24:19.056145+00:00,2023-09-16T15:24:19.056145+00:00,171.3342433,172.6949927,171.1718354,172.5314499,1203,synthetic
8314,2023-09-16T15:24:19.056145+00:00,2023-09-17T15:24:19.056145+00:00,172.5314499,172.6291929,172.2865147,172.3841743,1210,synthetic
8314,2023-09-17T15:24:19.056145+00:00,2023-09-18T15:24:19.056145+00:00,172.3841743,172.4939631,171.1501623,171.2592347,1217,synthetic
8314,2023-09-18T15:24:19.056145+00:00,2023-09-19T15:24:19.056145+00:00,171.2592347,171.4161369,170.5285506,170.6849265,1224,synthetic
8314,2023-09-19T15:24:19.056145+00:00,2023-09-20T15:24:19.056145+00:00,170.6849265,170.707784,170.6032714,170.626121,1231,synthetic
8314,2023-09-20T15:24:19.056145+00:00,2023-09-21T15:24:19.056145+00:00,170.626121,170.8256554,170.4572547,170.6567587,1238,synthetic
8314,2023-09-21T15:24:19.056145+00:00,2023-09-22T15:24:19.056145+00:00,170.6567587,171.478371,170.5868895,171.4081941,1245,synthetic
8314,2023-09-22T15:24:19.056145+00:00,2023-09-23T15:24:19.056145+00:00,171.4081941,172.6594304,171.2770803,172.5274604,1252,synthetic
8314,2023-09-23T15:24:19.056145+00:00,2023-09-24T15:24:19.056145+00:00,172.5274604,172.670546,172.2544786,172.3974563,1259,synthetic
8314,2023-09-24T15:24:19.056145+00:00,2023-09-25T15:24:19.056145+00:00,172.3974563,172.4508332,171.0985674,171.1515586,1266,synthetic
8314,2023-09-25T15:24:19.056145+00:00,2023-09-26T15:24:19.056145+00:00,171.1515586,171.3225947,170.3242953,170.4946751,1273,synthetic
8314,2023-09-26T15:24:19.056145+00:00,2023-09-27T15:24:19.056145+00:00,170.4946751,170.6875145,170.4539257,170.6467288,1280,synthetic
8314,2023-09-27T15:24:19.056145+00:00,2023-09-28T15:24:19.056145+00:00,170.6467288,171.0142618,170.4985881,170.8659309,1287,synthetic
8314,2023-09-28T15:24:19.056145+00:00,2023-09-29T15:24:19.056145+00:00,170.8659309,171.6226203,170.7436603,171.499896,1294,synthetic
8314,2023-09-29T15:24:19.056145+00:00,2023-09-30T15:24:19.056145+00:00,171.499896,172.5693019,171.4183893,172.487326,1301,synthetic
8314,2023-09-30T15:24:19.056145+00:00,2023-10-01T15:24:19.056145+00:00,172.487326,172.655761,172.2100485,172.3783771,1308,synthetic
8314,2023-10-01T15:24:19.056145+00:00,2023-10-02T15:24:19.056145+00:00,172.3783771,172.388864,171.0567801,171.0671872,1315,synthetic
8314,2023-10-02T15:24:19.056145+00:00,2023-10-03T15:24:19.056145+00:00,171.0671872,171.228522,170.1655616,170.3261975,1322,synthetic
8314,2023-10-03T15:24:19.056145+00:00,2023-10-04T15:24:19.056145+00:00,170.3261975,170.7567847,170.2276476,170.6580428,1329,synthetic
8314,2023-10-04T15:24:19.056145+00:00,2023-10-05T15:24:19.056145+00:00,170.6580428,171.1924757,170.5513024,171.0854679,1336,synthetic
8314,2023-10-05T15:24:19.056145+00:00,2023-10-06T15:24:19.056145+00:00,171.0854679,171.7685252,170.9277323,171.6103057,1343,synthetic
8314,2023-10-06T15:24:19.056145+00:00,2023-10-07T15:24:19.056145+00:00,171.6103057,172.4378667,171.5898309,172.4172957,1350,synthetic
8314,2023-10-07T15:24:19.056145+00:00,2023-10-08T15:24:19.056145+00:00,172.4172957,172.5875525,172.1525109,172.3226744,1357,synthetic
8314,2023-10-08T15:24:19.056145+00:00,2023-10-09T15:24:19.056145+00:00,172.3226744,172.3955329,170.9314828,171.0037837,1364,synthetic
8314,2023-10-09T15:24:19.056145+00:00,2023-10-10T15:24:19.056145+00:00,171.0037837,171.1329522,170.0599857,170.1885383,1371,synthetic
8314,2023-10-10T15:24:19.056145+00:00,2023-10-11T15:24:19.056145+00:00,170.1885383,170.8044817,170.0460077,170.6615549,1378,synthetic
8314,2023-10-11T15:24:19.056145+00:00,2023-10-12T15:24:19.056145+00:00,170.6615549,171.3554252,170.6111106,171.3047908,1385,synthetic
8314,2023-10-12T15:24:19.056145+00:00,2023-10-13T15:24:19.056145+00:00,171.3047908,171.9098148,171.1335275,171.7381182,1392,synthetic
8314,2023-10-13T15:24:19.056145+00:00,2023-10-14T15:24:19.056145+00:00,171.7381182,172.3686444,171.6946206,172.3249982,1399,synthetic
8314,2023-10-14T15:24:19.056145+00:00,2023-10-15T15:24:19.056145+00:00,172.3249982,172.4733201,172.0801296,172.2283683,1406,synthetic
8314,2023-10-15T15:24:19.056145+00:00,2023-10-16T15:24:19.056145+00:00,172.2283683,172.3533719,170.8331269,170.9572079,1413,synthetic
8314,2023-10-16T15:24:19.056145+00:00,2023-10-17T15:24:19.056145+00:00,170.9572079,171.036233,170.0104544,170.0890782,1420,synthetic
8314,2023-10-17T15:24:19.056145+00:00,2023-10-18T15:24:19.056145+00:00,170.0890782,170.8278961,169.9224634,170.6607213,1427,synthetic
8314,2023-10-18T15:24:19.056145+00:00,2023-10-19T15:24:19.056145+00:00,170.6607213,171.5267271,170.6478318,171.5137731,1434,synthetic
8314,2023-10-19T15:24:19.056145+00:00,2023-10-20T15:24:19.056145+00:00,171.5137731,172.0409709,171.3528744,171.8797289,1441,synthetic
8314,2023-10-20T15:24:19.056145+00:00,2023-10-21T15:24:19.056145+00:00,171.8797289,172.3204349,171.7782267,172.2187325,1448,synthetic
8314,2023-10-21T15:24:19.056145+00:00,2023-10-22T15:24:19.056145+00:00,172.2187325,172.3244587,171.9904143,172.0960653,1455,synthetic
8314,2023-10-22T15:24:19.056145+00:00,2023-10-23T15:24:19.056145+00:00,172.0960653,172.2556967,170.7635233,170.9220658,1462,synthetic
8314,2023-10-23T15:24:19.056145+00:00,2023-10-24T15:24:19.056145+00:00,170.9220658,170.9399575,170.0151633,170.0329619,1469,synthetic
8314,2023-10-24T15:24:19.056145+00:00,2023-10-25T15:24:19.056145+00:00,170.0329619,170.8286919,169.8654728,170.6605845,1476,synthetic
8314,2023-10-25T15:24:19.056145+00:00,2023-10-26T15:24:19.056145+00:00,170.6605845,171.7783573,170.5861592,171.7034772,1483,synthetic
8314,2023-10-26T15:24:19.056145+00:00,2023-10-27T15:24:19.056145+00:00,171.7034772,172.1576835,171.5754512,172.0294145,1490,synthetic
8314,2023-10-27T15:24:19.056145+00:00,2023-10-28T15:24:19.056145+00:00,172.0294145,172.2522285,171.8839735,172.1067222,1497,synthetic
8314,2023-10-28T15:24:19.056145+00:00,2023-10-29T15:24:19.056145+00:00,172.1067222,172.1551671,171.8806506,171.9290456,1504,synthetic
8314,2023-10-29T15:24:19.056145+00:00,2023-10-30T15:24:19.056145+00:00,171.9290456,172.1009701,170.7214798,170.8923677,1511,synthetic
8314,2023-10-30T15:24:19.056145+00:00,2023-10-31T15:24:19.056145+00:00,170.8923677,170.9380806,169.9772237,170.022704,1518,synthetic
8314,2023-10-31T15:24:19.056145+00:00,2023-11-01T15:24:19.056145+00:00,170.022704,170.81283,169.8776542,170.6672302,1525,synthetic
8314,2023-11-01T15:24:19.056145+00:00,2023-11-02T15:24:19.056145+00:00,170.6672302,171.9932481,170.5416444,171.8667796,1532,synthetic
8314,2023-11-02T15:24:19.056145+00:00,2023-11-03T15:24:19.056145+00:00,171.8667796,172.2570544,171.7895867,172.1797209,1539,synthetic
8314,2023-11-03T15:24:19.056145+00:00,2023-11-04T15:24:19.056145+00:00,172.1797209,172.3488752,171.827427,171.9964012,1546,synthetic
8314,2023-11-04T15:24:19.056145+00:00,2023-11-05T15:24:19.056145+00:00,171.9964012,172.0119155,171.7176336,171.7331242,1553,synthetic
8314,2023-11-05T15:24:19.056145+00:00,2023-11-06T15:24:19.056145+00:00,171.7331242,171.8933354,170.7028318,170.8622306,1560,synthetic
8314,2023-11-06T15:24:19.056145+00:00,2023-11-07T15:24:19.056145+00:00,170.8622306,170.9651514,169.9555729,170.0580091,1567,synthetic
8314,2023-11-07T15:24:19.056145+00:00,2023-11-08T15:24:19.056145+00:00,170.0580091,170.789922,169.9555973,170.6871313,1574,synthetic
8314,2023-11-08T15:24:19.056145+00:00,2023-11-09T15:24:19.056145+00:00,170.6871313,172.1593017,170.5278848,171.9988314,1581,synthetic
8314,2023-11-09T15:24:19.056145+00:00,2023-11-10T15:24:19.056145+00:00,171.9988314,172.3375375,171.9833477,172.3220247,1588,synthetic
8314,2023-11-10T15:24:19.056145+00:00,2023-11-11T15:24:19.056145+00:00,172.3220247,172.491313,171.7249252,171.8937928,1595,synthetic
8314,2023-11-11T15:24:19.056145+00:00,2023-11-12T15:24:19.056145+00:00,171.8937928,171.9710254,171.4392313,171.5162944,1602,synthetic
8314,2023-11-12T15:24:19.056145+00:00,2023-11-13T15:24:19.056145+00:00,171.5162944,171.6424841,170.7008797,170.8265619,1609,synthetic
8314,2023-11-13T15:24:19.056145+00:00,2023-11-14T15:24:19.056145+00:00,170.8265619,170.9723136,169.9906578,170.1358201,1616,synthetic
8314,2023-11-14T15:24:19.056145+00:00,2023-11-15T15:24:19.056145+00:00,170.1358201,170.7720773,170.0903391,170.7264384,1623,synthetic
8314,2023-11-15T15:24:19.056145+00:00,2023-11-16T15:24:19.056145+00:00,170.7264384,172.2694093,170.5557167,172.0973168,1630,synthetic
8314,2023-11-16T15:24:19.056145+00:00,2023-11-17T15:24:19.056145+00:00,172.0973168,172.4957898,172.0488448,172.4472192,1637,synthetic
8314,2023-11-17T15:24:19.056145+00:00,2023-11-18T15:24:19.056145+00:00,172.4472192,172.5929968,171.6578064,171.8030394,1644,synthetic
8314,2023-11-18T15:24:19.056145+00:00,2023-11-19T15:24:19.056145+00:00,171.8030394,171.9311603,171.1604467,171.2881836,1651,synthetic
8314,2023-11-19T15:24:19.056145+00:00,2023-11-20T15:24:19.056145+00:00,171.2881836,171.3628549,170.7072066,170.781657,1658,synthetic
8314,2023-11-20T15:24:19.056145+00:00,2023-11-21T15:24:19.056145+00:00,170.781657,170.9498889,170.082882,170.2505908,1665,synthetic
8314,2023-11-21T15:24:19.056145+00:00,2023-11-22T15:24:19.056145+00:00,170.2505908,170.8081928,170.2327389,170.7902843,1672,synthetic
8314,2023-11-22T15:24:19.056145+00:00,2023-11-23T15:24:19.056145+00:00,170.7902843,172.3221696,170.6318755,172.1624881,1679,synthetic
8314,2023-11-23T15:24:19.056145+00:00,2023-11-24T15:24:19.056145+00:00,172.1624881,172.6524183,172.0567719,172.5464663,1686,synthetic
8314,2023-11-24T15:24:19.056145+00:00,2023-11-25T15:24:19.056145+00:00,172.5464663,172.6483371,171.6247356,171.7261221,1693,synthetic
8314,2023-11-25T15:24:19.056145+00:00,2023-11-26T15:24:19.056145+00:00,171.7261221,171.8872308,170.8988832,171.0593663,1700,synthetic
8314,2023-11-26T15:24:19.056145+00:00,2023-11-27T15:24:19.056145+00:00,171.0593663,171.0722553,170.7127935,170.7256573,1707,synthetic
8314,2023-11-27T15:24:19.056145+00:00,2023-11-28T15:24:19.056145+00:00,170.7256573,170.8928895,170.2278498,170.3947578,1714,synthetic
8314,2023-11-28T15:24:19.056145+00:00,2023-11-29T15:24:19.056145+00:00,170.3947578,170.9611843,170.3159655,170.8821666,1721,synthetic
8314,2023-11-29T15:24:19.056145+00:00,2023-11-30T15:24:19.056145+00:00,170.8821666,172.3219386,170.7581612,172.1969791,1728,synthetic
8314,2023-11-30T15:24:19.056145+00:00,2023-12-01T15:24:19.056145+00:00,172.1969791,172.760531,172.0487516,172.6119464,1735,synthetic
8314,2023-12-01T15:24:19.056145+00:00,2023-12-02T15:24:19.056145+00:00,172.6119464,172.6556352,171.6193454,171.662794,1742,synthetic
8314,2023-12-02T15:24:19.056145+00:00,2023-12-03T15:24:19.056145+00:00,171.662794,171.8344145,170.669795,170.8405936,1749,synthetic
8314,2023-12-03T15:24:19.056145+00:00,2023-12-04T15:24:19.056145+00:00,170.8405936,170.8911201,170.6083507,170.6588235,1756,synthetic
8314,2023-12-04T15:24:19.056145+00:00,2023-12-05T15:24:19.056145+00:00,170.6588235,170.8017312,170.4165463,170.5593708,1763,synthetic
8314,2023-12-05T15:24:19.056145+00:00,2023-12-06T15:24:19.056145+00:00,170.5593708,171.1326543,170.4305179,171.003466,1770,synthetic
8314,2023-12-06T15:24:19.056145+00:00,2023-12-07T15:24:19.056145+00:00,171.003466,172.2781959,170.9311931,172.205415,1777,synthetic
8314,2023-12-07T15:24:19.056145+00:00,2023-12-08T15:24:19.056145+00:00,172.205415,172.8080207,172.0353625,172.6375415,1784,synthetic
8314,2023-12-08T15:24:19.056145+00:00,2023-12-09T15:24:19.056145+00:00,172.6375415,172.6581697,171.5902261,171.6107316,1791,synthetic
8314,2023-12-09T15:24:19.056145+00:00,2023-12-10T15:24:19.056145+00:00,171.6107316,171.7689395,170.4846895,170.6420043,1798,synthetic
8314,2023-12-10T15:24:19.056145+00:00,2023-12-11T15:24:19.056145+00:00,170.6420043,170.7487587,170.4768804,170.5835983,1805,synthetic
8314,2023-12-11T15:24:19.056145+00:00,2023-12-12T15:24:19.056145+00:00,170.5835983,170.8335846,170.4849245,170.7348234,1812,synthetic
8314,2023-12-12T15:24:19.056145+00:00,2023-12-13T15:24:19.056145+00:00,170.7348234,171.3145753,170.5737918,171.1531492,1819,synthetic
8314,2023-12-13T15:24:19.056145+00:00,2023-12-14T15:24:19.056145+00:00,171.1531492,172.2043022,171.1427676,172.1938575,1826,synthetic
8314,2023-12-14T15:24:19.056145+00:00,2023-12-15T15:24:19.056145+00:00,172.1938575,172.7879459,172.0257158,172.6193886,1833,synthetic
8314,2023-12-15T15:24:19.056145+00:00,2023-12-16T15:24:19.056145+00:00,172.6193886,172.7014547,171.4843234,171.5658887,1840,synthetic
8314,2023-12-16T15:24:19.056145+00:00,2023-12-17T15:24:19.056145+00:00,171.5658887,171.6886385,170.3504193,170.4723869,1847,synthetic
8314,2023-12-17T15:24:19.056145+00:00,2023-12-18T15:24:19.056145+00:00,170.4723869,170.6524835,170.3243823,170.5044512,1854,synthetic
8314,2023-12-18T15:24:19.056145+00:00,2023-12-19T15:24:19.056145+00:00,170.5044512,170.9524421,170.4637293,170.911623,1861,synthetic
8314,2023-12-19T15:24:19.056145+00:00,2023-12-20T15:24:19.056145+00:00,170.911623,171.4988938,170.7408278,171.3276828,1868,synthetic
8314,2023-12-20T15:24:19.056145+00:00,2023-12-21T15:24:19.056145+00:00,171.3276828,172.2224728,171.2746077,172.1691371,1875,synthetic
8314,2023-12-21T15:24:19.056145+00:00,2023-12-22T15:24:19.056145+00:00,172.1691371,172.6993472,172.0263661,172.5562551,1882,synthetic
8314,2023-12-22T15:24:19.056145+00:00,2023-12-23T15:24:19.056145+00:00,172.5562551,172.6882671,171.3917953,171.5230169,1889,synthetic
8314,2023-12-23T15:24:19.056145+00:00,2023-12-24T15:24:19.056145+00:00,171.5230169,171.5932126,170.2688417,170.3385526,1896,synthetic
8314,2023-12-24T15:24:19.056145+00:00,2023-12-25T15:24:19.056145+00:00,170.3385526,170.5961928,170.1699665,170.4275186,1903,synthetic
8314,2023-12-25T15:24:19.056145+00:00,2023-12-26T15:24:19.056145+00:00,170.4275186,171.1040712,170.4046652,171.0811301,1910,synthetic
8314,2023-12-26T15:24:19.056145+00:00,2023-12-27T15:24:19.056145+00:00,171.0811301,171.6783016,170.9244035,171.5211719,1917,synthetic
8314,2023-12-27T15:24:19.056145+00:00,2023-12-28T15:24:19.056145+00:00,171.5211719,172.2477911,171.4119089,172.138135,1924,synthetic
8314,2023-12-28T15:24:19.056145+00:00,2023-12-29T15:24:19.056145+00:00,172.138135,172.5473722,172.0406404,172.4497011,1931,synthetic
8314,2023-12-29T15:24:19.056145+00:00,2023-12-30T15:24:19.056145+00:00,172.4497011,172.6131763,171.3137525,171.4763049,1938,synthetic
8314,2023-12-30T15:24:19.056145+00:00,2023-12-31T15:24:19.056145+00:00,171.4763049,171.4841847,170.2370537,170.2448769,1945,synthetic
8314,2023-12-31T15:24:19.056145+00:00,2024-01-01T15:24:19.056145+00:00,170.2448769,170.5258624,170.0791969,170.3600703,1952,synthetic
8314,2024-01-01T15:24:19.056145+00:00,2024-01-02T15:24:19.056145+00:00,170.3600703,171.319821,170.2768802,171.2362031,1959,synthetic
8314,2024-01-02T15:24:19.056145+00:00,2024-01-03T15:24:19.056145+00:00,171.2362031,171.8467973,171.1154639,171.725713,1966,synthetic
8314,2024-01-03T15:24:19.056145+00:00,2024-01-04T15:24:19.056145+00:00,171.725713,172.2577459,171.5753817,172.1070808,1973,synthetic
8314,2024-01-04T15:24:19.056145+00:00,2024-01-05T15:24:19.056145+00:00,172.1070808,172.3426972,172.0684416,172.3040137,1980,synthetic
8314,2024-01-05T15:24:19.056145+00:00,2024-01-06T15:24:19.056145+00:00,172.3040137,172.4760881,171.2488833,171.420075,1987,synthetic
8314,2024-01-06T15:24:19.056145+00:00,2024-01-07T15:24:19.056145+00:00,171.420075,171.4755728,170.1379432,170.1930437,1994,synthetic
8314,2024-01-07T15:24:19.056145+00:00,2024-01-08T15:24:19.056145+00:00,170.1930437,170.449662,170.0533272,170.3098496,2001,synthetic
8314,2024-01-08T15:24:19.056145+00:00,2024-01-09T15:24:19.056145+00:00,170.3098496,171.5044107,170.1779554,171.3716941,2008,synthetic
8314,2024-01-09T15:24:19.056145+00:00,2024-01-10T15:24:19.056145+00:00,171.3716941,171.9999777,171.3038704,171.9319322,2015,synthetic
8314,2024-01-10T15:24:19.056145+00:00,2024-01-11T15:24:19.056145+00:00,171.9319322,172.2515855,171.7614253,172.0809308,2022,synthetic
8314,2024-01-11T15:24:19.056145+00:00,2024-01-12T15:24:19.056145+00:00,172.0809308,172.1515074,172.0553472,172.1259172,2029,synthetic
8314,2024-01-12T15:24:19.056145+00:00,2024-01-13T15:24:19.056145+00:00,172.1259172,172.2825676,171.1935274,171.3494712,2036,synthetic
8314,2024-01-13T15:24:19.056145+00:00,2024-01-14T15:24:19.056145+00:00,171.3494712,171.4605579,170.0716866,170.1820165,2043,synthetic
8314,2024-01-14T15:24:19.056145+00:00,2024-01-15T15:24:19.056145+00:00,170.1820165,170.3787156,170.0877054,170.2843479,2050,synthetic
8314,2024-01-15T15:24:19.056145+00:00,2024-01-16T15:24:19.056145+00:00,170.2843479,171.6480992,170.1221445,171.4847524,2057,synthetic
8314,2024-01-16T15:24:19.056145+00:00,2024-01-17T15:24:19.056145+00:00,171.4847524,172.1350422,171.4793955,172.1296651,2064,synthetic
8314,2024-01-17T15:24:19.056145+00:00,2024-01-18T15:24:19.056145+00:00,172.1296651,172.2965782,171.8960352,172.0628835,2071,synthetic
8314,2024-01-18T15:24:19.056145+00:00,2024-01-19T15:24:19.056145+00:00,172.0628835,172.1491069,171.8379303,171.9240842,2078,synthetic
8314,2024-01-19T15:24:19.056145+00:00,2024-01-20T15:24:19.056145+00:00,171.9240842,172.0435001,171.1421192,171.2610746,2085,synthetic
8314,2024-01-20T15:24:19.056145+00:00,2024-01-21T15:24:19.056145+00:00,171.2610746,171.4122018,170.0580354,170.2082336,2092,synthetic
8314,2024-01-21T15:24:19.056145+00:00,2024-01-22T15:24:19.056145+00:00,170.2082336,170.3258612,170.172467,170.2900775,2099,synthetic
8314,2024-01-22T15:24:19.056145+00:00,2024-01-23T15:24:19.056145+00:00,170.2900775,171.7461096,170.1201621,171.5749123,2106,synthetic
8314,2024-01-23T15:24:19.056145+00:00,2024-01-24T15:24:19.056145+00:00,171.5749123,172.3668984,171.5169801,172.3087184,2113,synthetic
8314,2024-01-24T15:24:19.056145+00:00,2024-01-25T15:24:19.056145+00:00,172.3087184,172.4487076,171.9142949,172.0540772,2120,synthetic
8314,2024-01-25T15:24:19.056145+00:00,2024-01-26T15:24:19.056145+00:00,172.0540772,172.1889106,171.5739265,171.708489,2127,synthetic
8314,2024-01-26T15:24:19.056145+00:00,2024-01-27T15:24:19.056145+00:00,171.708489,171.7741168,171.0879712,171.1533868,2134,synthetic
8314,2024-01-27T15:24:19.056145+00:00,2024-01-28T15:24:19.056145+00:00,171.1533868,171.323427,170.0968522,170.2660108,2141,synthetic
8314,2024-01-28T15:24:19.056145+00:00,2024-01-29T15:24:19.056145+00:00,170.2660108,170.3597118,170.2382205,170.3319108,2148,synthetic
8314,2024-01-29T15:24:19.056145+00:00,2024-01-30T15:24:19.056145+00:00,170.3319108,171.7991071,170.1779493,171.6439597,2155,synthetic
8314,2024-01-30T15:24:19.056145+00:00,2024-01-31T15:24:19.056145+00:00,171.6439597,172.5733765,171.5307698,172.4596487,2162,synthetic
8314,2024-01-31T15:24:19.056145+00:00,2024-02-01T15:24:19.056145+00:00,172.4596487,172.5530978,171.9602674,172.0534964,2169,synthetic
8314,2024-02-01T15:24:19.056145+00:00,2024-02-02T15:24:19.056145+00:00,172.0534964,172.2181383,171.3255567,171.4896591,2176,synthetic
8314,2024-02-02T15:24:19.056145+00:00,2024-02-03T15:24:19.056145+00:00,171.4896591,171.4924917,171.0243098,171.0271347,2183,synthetic
8314,2024-02-03T15:24:19.056145+00:00,2024-02-04T15:24:19.056145+00:00,171.0271347,171.1923454,170.1835571,170.3481118,2190,synthetic
8314,2024-02-04T15:24:19.056145+00:00,2024-02-05T15:24:19.056145+00:00,170.3481118,170.5001038,170.2605863,170.4125452,2197,synthetic
8314,2024-02-05T15:24:19.056145+00:00,2024-02-06T15:24:19.056145+00:00,170.4125452,171.8130188,170.2959972,171.6955933,2204,synthetic
8314,2024-02-06T15:24:19.056145+00:00,2024-02-07T15:24:19.056145+00:00,171.6955933,172.7279561,171.5429097,172.574491,2211,synthetic
8314,2024-02-07T15:24:19.056145+00:00,2024-02-08T15:24:19.056145+00:00,172.574491,172.6082665,172.0244211,172.0580955,2218,synthetic
8314,2024-02-08T15:24:19.056145+00:00,2024-02-09T15:24:19.056145+00:00,172.0580955,172.2295884,171.1071739,171.2778891,2225,synthetic
8314,2024-02-09T15:24:19.056145+00:00,2024-02-10T15:24:19.056145+00:00,171.2778891,171.3380887,170.8253058,170.8853674,2232,synthetic
8314,2024-02-10T15:24:19.056145+00:00,2024-02-11T15:24:19.056145+00:00,170.8853674,171.0227181,170.3094376,170.4464355,2239,synthetic
8314,2024-02-11T15:24:19.056145+00:00,2024-02-12T15:24:19.056145+00:00,170.4464355,170.6673301,170.3113174,170.5321441,2246,synthetic
8314,2024-02-12T15:24:19.056145+00:00,2024-02-13T15:24:19.056145+00:00,170.5321441,171.7982074,170.4692934,171.7349134,2253,synthetic
8314,2024-02-13T15:24:19.056145+00:00,2024-02-14T15:24:19.056145+00:00,171.7349134,172.8191683,171.564026,172.6473729,2260,synthetic
8314,2024-02-14T15:24:19.056145+00:00,2024-02-15T15:24:19.056145+00:00,172.6473729,172.6780569,172.0325485,172.0631287,2267,synthetic
8314,2024-02-15T15:24:19.056145+00:00,2024-02-16T15:24:19.056145+00:00,172.0631287,172.2175544,170.9289397,171.0824853,2274,synthetic
8314,2024-02-16T15:24:19.056145+00:00,2024-02-17T15:24:19.056145+00:00,171.0824853,171.1971865,170.6188644,170.7333315,2281,synthetic
8314,2024-02-17T15:24:19.056145+00:00,2024-02-18T15:24:19.056145+00:00,170.7333315,170.8237222,170.4624608,170.5527559,2288,synthetic
8314,2024-02-18T15:24:19.056145+00:00,2024-02-19T15:24:19.056145+00:00,170.5527559,170.8522361,170.3888386,170.6881887,2295,synthetic
8314,2024-02-19T15:24:19.056145+00:00,2024-02-20T15:24:19.056145+00:00,170.6881887,171.7680961,170.6878826,171.7677881,2302,synthetic
8314,2024-02-20T15:24:19.056145+00:00,2024-02-21T15:24:19.056145+00:00,171.7677881,172.8410887,171.6025339,172.6749618,2309,synthetic
8314,2024-02-21T15:24:19.056145+00:00,2024-02-22T15:24:19.056145+00:00,172.6749618,172.7658545,171.9720835,172.0626539,2316,synthetic
8314,2024-02-22T15:24:19.056145+00:00,2024-02-23T15:24:19.056145+00:00,172.0626539,172.1784693,170.7960652,170.9111055,2323,synthetic
8314,2024-02-23T15:24:19.056145+00:00,2024-02-24T15:24:19.056145+00:00,170.9111055,171.0642259,170.4253134,170.5781355,2330,synthetic
8314,2024-02-24T15:24:19.056145+00:00,2024-02-25T15:24:19.056145+00:00,170.5781355,170.690384,170.5472175,170.6594512,2337,synthetic
8314,2024-02-25T15:24:19.056145+00:00,2024-02-26T15:24:19.056145+00:00,170.6594512,171.0456472,170.4895743,170.8755552,2344,synthetic
8314,2024-02-26T15:24:19.056145+00:00,2024-02-27T15:24:19.056145+00:00,170.8755552,171.8629009,170.813148,171.800156,2351,synthetic
8314,2024-02-27T15:24:19.056145+00:00,2024-02-28T15:24:19.056145+00:00,171.800156,172.7939528,171.6635901,172.656706,2358,synthetic
8314,2024-02-28T15:24:19.056145+00:00,2024-02-29T15:24:19.056145+00:00,172.656706,172.7951111,171.9122474,172.0501663,2365,synthetic
8314,2024-02-29T15:24:19.056145+00:00,2024-03-01T15:24:19.056145+00:00,172.0501663,172.1112146,170.7086558,170.7692495,2372,synthetic
8314,2024-03-01T15:24:19.056145+00:00,2024-03-02T15:24:19.056145+00:00,170.7692495,170.9394071,170.258412,170.4282297,2379,synthetic
8314,2024-03-02T15:24:19.056145+00:00,2024-03-03T15:24:19.056145+00:00,170.4282297,170.7929721,170.3954739,170.7601525,2386,synthetic
8314,2024-03-03T15:24:19.056145+00:00,2024-03-04T15:24:19.056145+00:00,170.7601525,171.2392366,170.6080217,171.0868148,2393,synthetic
8314,2024-03-04T15:24:19.056145+00:00,2024-03-05T15:24:19.056145+00:00,171.0868148,171.9544046,170.9702541,171.8373325,2400,synthetic
8314,2024-03-05T15:24:19.056145+00:00,2024-03-06T15:24:19.056145+00:00,171.8373325,172.6840602,171.7485137,172.5948498,2407,synthetic
8314,2024-03-06T15:24:19.056145+00:00,2024-03-07T15:24:19.056145+00:00,172.5948498,172.7614138,171.853292,172.0193005,2414,synthetic
8314,2024-03-07T15:24:19.056145+00:00,2024-03-08T15:24:19.056145+00:00,172.0193005,172.021525,170.6577377,170.6599446,2421,synthetic
8314,2024-03-08T15:24:19.056145+00:00,2024-03-09T15:24:19.056145+00:00,170.6599446,170.8234297,170.1296127,170.2927461,2428,synthetic
8314,2024-03-09T15:24:19.056145+00:00,2024-03-10T15:24:19.056145+00:00,170.2927461,170.9423197,170.200985,170.8502582,2435,synthetic
8314,2024-03-10T15:24:19.056145+00:00,2024-03-11T15:24:19.056145+00:00,170.8502582,171.4261636,170.7371318,171.312731,2442,synthetic
8314,2024-03-11T15:24:19.056145+00:00,2024-03-12T15:24:19.056145+00:00,171.312731,172.0384828,171.1581467,171.8833837,2449,synthetic
8314,2024-03-12T15:24:19.056145+00:00,2024-03-13T15:24:19.056145+00:00,171.8833837,172.5229849,171.8547214,172.4942208,2456,synthetic
8314,2024-03-13T15:24:19.056145+00:00,2024-03-14T15:24:19.056145+00:00,172.4942208,172.6656624,171.7936224,171.9645376,2463,synthetic
8314,2024-03-14T15:24:19.056145+00:00,2024-03-15T15:24:19.056145+00:00,171.9645376,172.0296929,170.5190163,170.5836484,2470,synthetic
8314,2024-03-15T15:24:19.056145+00:00,2024-03-16T15:24:19.056145+00:00,170.5836484,170.7177086,170.0470129,170.1807565,2477,synthetic
8314,2024-03-16T15:24:19.056145+00:00,2024-03-17T15:24:19.056145+00:00,170.1807565,171.0657758,170.0428529,170.9272673,2484,synthetic
8314,2024-03-17T15:24:19.056145+00:00,2024-03-18T15:24:19.056145+00:00,170.9272673,171.6014131,170.8689771,171.5429129,2491,synthetic
8314,2024-03-18T15:24:19.056145+00:00,2024-03-19T15:24:19.056145+00:00,171.5429129,172.1121476,171.3717894,171.9406273,2498,synthetic
8314,2024-03-19T15:24:19.056145+00:00,2024-03-20T15:24:19.056145+00:00,171.9406273,172.3974238,171.9050999,172.3618093,2505,synthetic
8314,2024-03-20T15:24:19.056145+00:00,2024-03-21T15:24:19.056145+00:00,172.3618093,172.5141977,171.7298866,171.8818506,2512,synthetic
8314,2024-03-21T15:24:19.056145+00:00,2024-03-22T15:24:19.056145+00:00,171.8818506,172.000793,170.4203647,170.5383774,2519,synthetic
8314,2024-03-22T15:24:19.056145+00:00,2024-03-23T15:24:19.056145+00:00,170.5383774,170.6243656,170.0147466,170.100514,2526,synthetic
8314,2024-03-23T15:24:19.056145+00:00,2024-03-24T15:24:19.056145+00:00,170.100514,171.1565603,169.9357187,170.9909023,2533,synthetic
8314,2024-03-24T15:24:19.056145+00:00,2024-03-25T15:24:19.056145+00:00,170.9909023,171.7713201,170.9861738,171.7665702,2540,synthetic
8314,2024-03-25T15:24:19.056145+00:00,2024-03-26T15:24:19.056145+00:00,171.7665702,172.1733415,171.6027685,172.0093083,2547,synthetic
8314,2024-03-26T15:24:19.056145+00:00,2024-03-27T15:24:19.056145+00:00,172.0093083,172.301096,171.9144987,172.2061779,2554,synthetic
8314,2024-03-27T15:24:19.056145+00:00,2024-03-28T15:24:19.056145+00:00,172.2061779,172.3182895,171.6574009,171.7692281,2561,synthetic
8314,2024-03-28T15:24:19.056145+00:00,2024-03-29T15:24:19.056145+00:00,171.7692281,171.9252976,170.3651099,170.5200443,2568,synthetic
8314,2024-03-29T15:24:19.056145+00:00,2024-03-30T15:24:19.056145+00:00,170.5200443,170.5460005,170.0328581,170.058744,2575,synthetic
8314,2024-03-30T15:24:19.056145+00:00,2024-03-31T15:24:19.056145+00:00,170.058744,171.212718,169.8900175,171.0430149,2582,synthetic
8314,2024-03-31T15:24:19.056145+00:00,2024-04-01T15:24:19.056145+00:00,171.0430149,172.0407982,170.975885,171.9733032,2589,synthetic
8314,2024-04-01T15:24:19.056145+00:00,2024-04-02T15:24:19.056145+00:00,171.9733032,172.2211395,171.8397313,172.0874789,2596,synthetic
8314,2024-04-02T15:24:19.056145+00:00,2024-04-03T15:24:19.056145+00:00,172.0874789,172.2283973,171.8958752,172.036752,2603,synthetic
8314,2024-04-03T15:24:19.056145+00:00,2024-04-04T15:24:19.056145+00:00,172.036752,172.0930329,171.5708781,171.6270249,2610,synthetic
8314,2024-04-04T15:24:19.056145+00:00,2024-04-05T15:24:19.056145+00:00,171.6270249,171.7983904,170.3527101,170.5229732,2617,synthetic
8314,2024-04-05T15:24:19.056145+00:00,2024-04-06T15:24:19.056145+00:00,170.5229732,170.5606606,170.0224637,170.0600489,2624,synthetic
8314,2024-04-06T15:24:19.056145+00:00,2024-04-07T15:24:19.056145+00:00,170.0600489,171.2373504,169.9108819,171.0872824,2631,synthetic
8314,2024-04-07T15:24:19.056145+00:00,2024-04-08T15:24:19.056145+00:00,171.0872824,172.2748097,170.9670841,172.1538621,2638,synthetic
8314,2024-04-08T15:24:19.056145+00:00,2024-04-09T15:24:19.056145+00:00,172.1538621,172.2557106,172.0692579,172.1710979,2645,synthetic
8314,2024-04-09T15:24:19.056145+00:00,2024-04-10T15:24:19.056145+00:00,172.1710979,172.3385093,171.6959441,171.8630561,2652,synthetic
8314,2024-04-10T15:24:19.056145+00:00,2024-04-11T15:24:19.056145+00:00,171.8630561,171.8703378,171.4508423,171.4581069,2659,synthetic
8314,2024-04-11T15:24:19.056145+00:00,2024-04-12T15:24:19.056145+00:00,171.4581069,171.6208369,170.3786815,170.5405406,2666,synthetic
8314,2024-04-12T15:24:19.056145+00:00,2024-04-13T15:24:19.056145+00:00,170.5405406,170.6366257,170.0106389,170.1064794,2673,synthetic
8314,2024-04-13T15:24:19.056145+00:00,2024-04-14T15:24:19.056145+00:00,170.1064794,171.2382122,169.997648,171.1287267,2680,synthetic
8314,2024-04-14T15:24:19.056145+00:00,2024-04-15T15:24:19.056145+00:00,171.1287267,172.4584048,170.9722036,172.3008096,2687,synthetic
8314,2024-04-15T15:24:19.056145+00:00,2024-04-16T15:24:19.056145+00:00,172.3008096,172.3245265,172.2306288,172.2543393,2694,synthetic
8314,2024-04-16T15:24:19.056145+00:00,2024-04-17T15:24:19.056145+00:00,172.2543393,172.4249088,171.523946,171.6939606,2701,synthetic
8314,2024-04-17T15:24:19.056145+00:00,2024-04-18T15:24:19.056145+00:00,171.6939606,171.763664,171.1982423,171.2677727,2708,synthetic
8314,2024-04-18T15:24:19.056145+00:00,2024-04-19T15:24:19.056145+00:00,171.2677727,171.3991937,170.4350039,170.5658863,2715,synthetic
8314,2024-04-19T15:24:19.056145+00:00,2024-04-20T15:24:19.056145+00:00,170.5658863,170.7069851,170.0565174,170.1973113,2722,synthetic
8314,2024-04-20T15:24:19.056145+00:00,2024-04-21T15:24:19.056145+00:00,170.1973113,171.2267112,170.1440064,171.1731007,2729,synthetic
8314,2024-04-21T15:24:19.056145+00:00,2024-04-22T15:24:19.056145+00:00,171.1731007,172.5812976,171.0020679,172.4090298,2736,synthetic
8314,2024-04-22T15:24:19.056145+00:00,2024-04-23T15:24:19.056145+00:00,172.4090298,172.4496059,172.2895281,172.3300856,2743,synthetic
8314,2024-04-23T15:24:19.056145+00:00,2024-04-24T15:24:19.056145+00:00,172.3300856,172.4800087,171.3877743,171.5370075,2750,synthetic
8314,2024-04-24T15:24:19.056145+00:00,2024-04-25T15:24:19.056145+00:00,171.5370075,171.6593061,170.9414946,171.0634556,2757,synthetic
8314,2024-04-25T15:24:19.056145+00:00,2024-04-26T15:24:19.056145+00:00,171.0634556,171.1453212,170.510984,170.5926243,2764,synthetic
8314,2024-04-26T15:24:19.056145+00:00,2024-04-27T15:24:19.056145+00:00,170.5926243,170.7590695,170.1628599,170.3290479,2771,synthetic
8314,2024-04-27T15:24:19.056145+00:00,2024-04-28T15:24:19.056145+00:00,170.3290479,171.2359732,170.3193262,171.2262003,2778,synthetic
8314,2024-04-28T15:24:19.056145+00:00,2024-04-29T15:24:19.056145+00:00,171.2262003,172.6389205,171.0645022,172.4760421,2785,synthetic
8314,2024-04-29T15:24:19.056145+00:00,2024-04-30T15:24:19.056145+00:00,172.4760421,172.5753054,172.2913461,172.3905601,2792,synthetic
8314,2024-04-30T15:24:19.056145+00:00,2024-05-01T15:24:19.056145+00:00,172.3905601,172.49889,171.290164,171.3978701,2799,synthetic
8314,2024-05-01T15:24:19.056145+00:00,2024-05-02T15:24:19.056145+00:00,171.3978701,171.5556426,170.6969593,170.8542313,2806,synthetic
8314,2024-05-02T15:24:19.056145+00:00,2024-05-03T15:24:19.056145+00:00,170.8542313,170.8752547,170.5944968,170.6154908,2813,synthetic
8314,2024-05-03T15:24:19.056145+00:00,2024-05-04T15:24:19.056145+00:00,170.6154908,170.7840687,170.327191,170.4956504,2820,synthetic
8314,2024-05-04T15:24:19.056145+00:00,2024-05-05T15:24:19.056145+00:00,170.4956504,171.365005,170.4241468,171.2931669,2827,synthetic
8314,2024-05-05T15:24:19.056145+00:00,2024-05-06T15:24:19.056145+00:00,171.2931669,172.632818,171.163358,172.502093,2834,synthetic
8314,2024-05-06T15:24:19.056145+00:00,2024-05-07T15:24:19.056145+00:00,172.502093,172.6462051,172.2839932,172.4280435,2841,synthetic
8314,2024-05-07T15:24:19.056145+00:00,2024-05-08T15:24:19.056145+00:00,172.4280435,172.4796299,171.2287535,171.2799965,2848,synthetic
8314,2024-05-08T15:24:19.056145+00:00,2024-05-09T15:24:19.056145+00:00,171.2799965,171.4512196,170.4795761,170.6501697,2855,synthetic
8314,2024-05-09T15:24:19.056145+00:00,2024-05-10T15:24:19.056145+00:00,170.6501697,170.6927696,170.5882738,170.6308689,2862,synthetic
8314,2024-05-10T15:24:19.056145+00:00,2024-05-11T15:24:19.056145+00:00,170.6308689,170.836215,170.483679,170.6889751,2869,synthetic
8314,2024-05-11T15:24:19.056145+00:00,2024-05-12T15:24:19.056145+00:00,170.6889751,171.5017884,170.5655319,171.377847,2876,synthetic
8314,2024-05-12T15:24:19.056145+00:00,2024-05-13T15:24:19.056145+00:00,171.377847,172.5703298,171.2980556,172.4900206,2883,synthetic
8314,2024-05-13T15:24:19.056145+00:00,2024-05-14T15:24:19.056145+00:00,172.4900206,172.6588554,172.2668265,172.4356081,2890,synthetic
8314,2024-05-14T15:24:19.056145+00:00,2024-05-15T15:24:19.056145+00:00,172.4356081,172.4479839,171.172177,171.184463,2897,synthetic
8314,2024-05-15T15:24:19.056145+00:00,2024-05-16T15:24:19.056145+00:00,171.184463,171.345275,170.3014552,170.4615881,2904,synthetic
8314,2024-05-16T15:24:19.056145+00:00,2024-05-17T15:24:19.056145+00:00,170.4615881,170.7373904,170.3614423,170.6371414,2911,synthetic
8314,2024-05-17T15:24:19.056145+00:00,2024-05-18T15:24:19.056145+00:00,170.6371414,171.0048053,170.5318795,170.8993816,2918,synthetic
8314,2024-05-18T15:24:19.056145+00:00,2024-05-19T15:24:19.056145+00:00,170.8993816,171.6410879,170.7411018,171.4822682,2925,synthetic
8314,2024-05-19T15:24:19.056145+00:00,2024-05-20T15:24:19.056145+00:00,171.4822682,172.4636034,171.4636757,172.4449065,2932,synthetic
8314,2024-05-20T15:24:19.056145+00:00,2024-05-21T15:24:19.056145+00:00,172.4449065,172.6148822,172.2378654,172.4078045,2939,synthetic
8314,2024-05-21T15:24:19.056145+00:00,2024-05-22T15:24:19.056145+00:00,172.4078045,172.4824069,171.0360086,171.1100494,2946,synthetic
8314,2024-05-22T15:24:19.056145+00:00,2024-05-23T15:24:19.056145+00:00,171.1100494,171.2380616,170.1708649,170.2982697,2953,synthetic
8314,2024-05-23T15:24:19.056145+00:00,2024-05-24T15:24:19.056145+00:00,170.2982697,170.7787581,170.154636,170.6348405,2960,synthetic
8314,2024-05-24T15:24:19.056145+00:00,2024-05-25T15:24:19.056145+00:00,170.6348405,171.1652441,170.5861935,171.1164598,2967,synthetic
8314,2024-05-25T15:24:19.056145+00:00,2024-05-26T15:24:19.056145+00:00,171.1164598,171.7778791,170.9453538,171.6062833,2974,synthetic
8314,2024-05-26T15:24:19.056145+00:00,2024-05-27T15:24:19.056145+00:00,171.6062833,172.4190302,171.5610025,172.373547,2981,synthetic
8314,2024-05-27T15:24:19.056145+00:00,2024-05-28T15:24:19.056145+00:00,172.373547,172.5209401,172.1938721,172.3412375,2988,synthetic
8314,2024-05-28T15:24:19.056145+00:00,2024-05-29T15:24:19.056145+00:00,172.3412375,172.4676147,170.9280927,171.0535256,2995,synthetic
8314,2024-05-29T15:24:19.056145+00:00,2024-05-30T15:24:19.056145+00:00,171.0535256,171.1309283,170.0917115,170.1687138,3002,synthetic
8314,2024-05-30T15:24:19.056145+00:00,2024-05-31T15:24:19.056145+00:00,170.1687138,170.7940874,170.0016561,170.6265801,3009,synthetic
8314,2024-05-31T15:24:19.056145+00:00,2024-06-01T15:24:19.056145+00:00,170.6265801,171.3446222,170.6118295,171.3298107,3016,synthetic
8314,2024-06-01T15:24:19.056145+00:00,2024-06-02T15:24:19.056145+00:00,171.3298107,171.9078728,171.1697445,171.7474163,3023,synthetic
8314,2024-06-02T15:24:19.056145+00:00,2024-06-03T15:24:19.056145+00:00,171.7474163,172.3870512,171.6444795,172.283793,3030,synthetic
8314,2024-06-03T15:24:19.056145+00:00,2024-06-04T15:24:19.056145+00:00,172.283793,172.3880625,172.1307371,172.2349772,3037,synthetic
8314,2024-06-04T15:24:19.056145+00:00,2024-06-05T15:24:19.056145+00:00,172.2349772,172.3954331,170.8508059,171.0101207,3044,synthetic
8314,2024-06-05T15:24:19.056145+00:00,2024-06-06T15:24:19.056145+00:00,171.0101207,171.0261568,170.063535,170.0794839,3051,synthetic
8314,2024-06-06T15:24:19.056145+00:00,2024-06-07T15:24:19.056145+00:00,170.0794839,170.7845096,169.9122802,170.6167777,3058,synthetic
8314,2024-06-07T15:24:19.056145+00:00,2024-06-08T15:24:19.056145+00:00,170.6167777,171.6063081,170.5406935,171.5298167,3065,synthetic
8314,2024-06-08T15:24:19.056145+00:00,2024-06-09T15:24:19.056145+00:00,171.5298167,172.0278391,171.4031804,171.9009288,3072,synthetic
8314,2024-06-09T15:24:19.056145+00:00,2024-06-10T15:24:19.056145+00:00,171.9009288,172.3303893,171.7545992,172.1838188,3079,synthetic
8314,2024-06-10T15:24:19.056145+00:00,2024-06-11T15:24:19.056145+00:00,172.1838188,172.230472,172.0441392,172.0907672,3086,synthetic
8314,2024-06-11T15:24:19.056145+00:00,2024-06-12T15:24:19.056145+00:00,172.0907672,172.2628568,170.8031569,170.9741299,3093,synthetic
8314,2024-06-12T15:24:19.056145+00:00,2024-06-13T15:24:19.056145+00:00,170.9741299,171.0216673,169.9874337,170.0347099,3100,synthetic
8314,2024-06-13T15:24:19.056145+00:00,2024-06-14T15:24:19.056145+00:00,170.0347099,170.7557589,169.8906306,170.6111911,3107,synthetic
8314,2024-06-14T15:24:19.056145+00:00,2024-06-15T15:24:19.056145+00:00,170.6111911,171.8359508,170.484388,171.7083323,3114,synthetic
8314,2024-06-15T15:24:19.056145+00:00,2024-06-16T15:24:19.056145+00:00,171.7083323,172.1356923,171.6328964,172.0601018,3121,synthetic
8314,2024-06-16T15:24:19.056145+00:00,2024-06-17T15:24:19.056145+00:00,172.0601018,172.2507857,171.8907234,172.0813863,3128,synthetic
8314,2024-06-17T15:24:19.056145+00:00,2024-06-18T15:24:19.056145+00:00,172.0813863,172.0987854,171.8956274,171.9130095,3135,synthetic
8314,2024-06-18T15:24:19.056145+00:00,2024-06-19T15:24:19.056145+00:00,171.9130095,172.0727005,170.7808129,170.9395997,3142,synthetic
8314,2024-06-19T15:24:19.056145+00:00,2024-06-20T15:24:19.056145+00:00,170.9395997,171.0440561,169.9318835,170.0357876,3149,synthetic
8314,2024-06-20T15:24:19.056145+00:00,2024-06-21T15:24:19.056145+00:00,170.0357876,170.7175622,169.9348828,170.616313,3156,synthetic
8314,2024-06-21T15:24:19.056145+00:00,2024-06-22T15:24:19.056145+00:00,170.616313,172.0202474,170.4564691,171.8592391,3163,synthetic
8314,2024-06-22T15:24:19.056145+00:00,2024-06-23T15:24:19.056145+00:00,171.8592391,172.2303345,171.8456445,172.2167116,3170,synthetic
8314,2024-06-23T15:24:19.056145+00:00,2024-06-24T15:24:19.056145+00:00,172.2167116,172.3855337,171.8145759,171.983169,3177,synthetic
8314,2024-06-24T15:24:19.056145+00:00,2024-06-25T15:24:19.056145+00:00,171.983169,172.0621209,171.6296972,171.708523,3184,synthetic
8314,2024-06-25T15:24:19.056145+00:00,2024-06-26T15:24:19.056145+00:00,171.708523,171.8335722,170.7765682,170.9010293,3191,synthetic
8314,2024-06-26T15:24:19.056145+00:00,2024-06-27T15:24:19.056145+00:00,170.9010293,171.0478126,169.935221,170.0813002,3198,synthetic
8314,2024-06-27T15:24:19.056145+00:00,2024-06-28T15:24:19.056145+00:00,170.0813002,170.6824907,170.0376324,170.6386799,3205,synthetic
8314,2024-06-28T15:24:19.056145+00:00,2024-06-29T15:24:19.056145+00:00,170.6386799,172.1507651,170.4680701,171.9788154,3212,synthetic
8314,2024-06-29T15:24:19.056145+00:00,2024-06-30T15:24:19.056145+00:00,171.9788154,172.4120146,171.9285714,172.3616587,3219,synthetic
8314,2024-06-30T15:24:19.056145+00:00,2024-07-01T15:24:19.056145+00:00,172.3616587,172.5063462,171.7499041,171.8941992,3226,synthetic
8314,2024-07-01T15:24:19.056145+00:00,2024-07-02T15:24:19.056145+00:00,171.8941992,172.0236354,171.356968,171.4860968,3233,synthetic
8314,2024-07-02T15:24:19.056145+00:00,2024-07-03T15:24:19.056145+00:00,171.4860968,171.5591586,170.7812271,170.8540196,3240,synthetic
8314,2024-07-03T15:24:19.056145+00:00,2024-07-04T15:24:19.056145+00:00,170.8540196,171.022635,169.9992324,170.16717,3247,synthetic
8314,2024-07-04T15:24:19.056145+00:00,2024-07-05T15:24:19.056145+00:00,170.16717,170.7039147,170.1474734,170.6841583,3254,synthetic
8314,2024-07-05T15:24:19.056145+00:00,2024-07-06T15:24:19.056145+00:00,170.6841583,172.224771,170.5265566,172.0658935,3261,synthetic
8314,2024-07-06T15:24:19.056145+00:00,2024-07-07T15:24:19.056145+00:00,172.0658935,172.5930955,171.9587548,172.4856953,3268,synthetic
8314,2024-07-07T15:24:19.056145+00:00,2024-07-08T15:24:19.056145+00:00,172.4856953,172.5859986,171.7175691,171.8174838,3275,synthetic
8314,2024-07-08T15:24:19.056145+00:00,2024-07-09T15:24:19.056145+00:00,171.8174838,171.9793203,171.0945661,171.2558736,3282,synthetic
8314,2024-07-09T15:24:19.056145+00:00,2024-07-10T15:24:19.056145+00:00,171.2558736,171.2669052,170.7848087,170.7958106,3289,synthetic
8314,2024-07-10T15:24:19.056145+00:00,2024-07-11T15:24:19.056145+00:00,170.7958106,170.9627248,170.1206071,170.2870241,3296,synthetic
8314,2024-07-11T15:24:19.056145+00:00,2024-07-12T15:24:19.056145+00:00,170.2870241,170.8378902,170.2066317,170.7572758,3303,synthetic
8314,2024-07-12T15:24:19.056145+00:00,2024-07-13T15:24:19.056145+00:00,170.7572758,172.2453909,170.634656,172.1217912,3310,synthetic
8314,2024-07-13T15:24:19.056145+00:00,2024-07-14T15:24:19.056145+00:00,172.1217912,172.7296988,171.9726774,172.5801879,3317,synthetic
8314,2024-07-14T15:24:19.056145+00:00,2024-07-15T15:24:19.056145+00:00,172.5801879,172.6220365,171.7121764,171.7538246,3324,synthetic
8314,2024-07-15T15:24:19.056145+00:00,2024-07-16T15:24:19.056145+00:00,171.7538246,171.9254841,170.8576815,171.0286162,3331,synthetic
8314,2024-07-16T15:24:19.056145+00:00,2024-07-17T15:24:19.056145+00:00,171.0286162,171.0809857,170.6733788,170.7256555,3338,synthetic
8314,2024-07-17T15:24:19.056145+00:00,2024-07-18T15:24:19.056145+00:00,170.7256555,170.8675879,170.2910537,170.4327427,3345,synthetic
8314,2024-07-18T15:24:19.056145+00:00,2024-07-19T15:24:19.056145+00:00,170.4327427,170.9909581,170.3027696,170.8606587,3352,synthetic
8314,2024-07-19T15:24:19.056145+00:00,2024-07-20T15:24:19.056145+00:00,170.8606587,172.2210717,170.7901474,172.1500283,3359,synthetic
8314,2024-07-20T15:24:19.056145+00:00,2024-07-21T15:24:19.056145+00:00,172.1500283,172.8086148,171.9797433,172.6378472,3366,synthetic
8314,2024-07-21T15:24:19.056145+00:00,2024-07-22T15:24:19.056145+00:00,172.6378472,172.6603525,171.6794729,171.7018562,3373,synthetic
8314,2024-07-22T15:24:19.056145+00:00,2024-07-23T15:24:19.056145+00:00,171.7018562,171.8594096,170.6581808,170.8149204,3380,synthetic
8314,2024-07-23T15:24:19.056145+00:00,2024-07-24T15:24:19.056145+00:00,170.8149204,170.9232368,170.5367867,170.6449954,3387,synthetic
8314,2024-07-24T15:24:19.056145+00:00,2024-07-25T15:24:19.056145+00:00,170.6449954,170.7421734,170.497991,170.5951406,3394,synthetic
8314,2024-07-25T15:24:19.056145+00:00,2024-07-26T15:24:19.056145+00:00,170.5951406,171.1565194,170.4336292,170.9946298,3401,synthetic
8314,2024-07-26T15:24:19.056145+00:00,2024-07-27T15:24:19.056145+00:00,170.9946298,172.1644153,170.9861288,172.1558566,3408,synthetic
8314,2024-07-27T15:24:19.056145+00:00,2024-07-28T15:24:19.056145+00:00,172.1558566,172.8215338,171.9881689,172.6533616,3415,synthetic
8314,2024-07-28T15:24:19.056145+00:00,2024-07-29T15:24:19.056145+00:00,172.6533616,172.7371034,171.5750374,171.6582965,3422,synthetic
8314,2024-07-29T15:24:19.056145+00:00,2024-07-30T15:24:19.056145+00:00,171.6582965,171.779791,170.5036776,170.6244403,3429,synthetic
8314,2024-07-30T15:24:19.056145+00:00,2024-07-31T15:24:19.056145+00:00,170.6244403,170.7734957,170.4084212,170.5574181,3436,synthetic
8314,2024-07-31T15:24:19.056145+00:00,2024-08-01T15:24:19.056145+00:00,170.5574181,170.8036861,170.518501,170.7647217,3443,synthetic
8314,2024-08-01T15:24:19.056145+00:00,2024-08-02T15:24:19.056145+00:00,170.7647217,171.3279671,170.5941525,171.1570061,3450,synthetic
8314,2024-08-02T15:24:19.056145+00:00,2024-08-03T15:24:19.056145+00:00,171.1570061,172.2007657,171.1022038,172.1456469,3457,synthetic
8314,2024-08-03T15:24:19.056145+00:00,2024-08-04T15:24:19.056145+00:00,172.1456469,172.7659583,172.0039581,172.623876,3464,synthetic
8314,2024-08-04T15:24:19.056145+00:00,2024-08-05T15:24:19.056145+00:00,172.623876,172.75715,171.4858878,171.6183856,3471,synthetic
8314,2024-08-05T15:24:19.056145+00:00,2024-08-06T15:24:19.056145+00:00,171.6183856,171.6869001,170.3971397,170.4651938,3478,synthetic
8314,2024-08-06T15:24:19.056145+00:00,2024-08-07T15:24:19.056145+00:00,170.4651938,170.6373734,170.2962252,170.4684017,3485,synthetic
8314,2024-08-07T15:24:19.056145+00:00,2024-08-08T15:24:19.056145+00:00,170.4684017,170.9572159,170.4436929,170.9324399,3492,synthetic
8314,2024-08-08T15:24:19.056145+00:00,2024-08-09T15:24:19.056145+00:00,170.9324399,171.4993211,170.77661,171.3431168,3499,synthetic
8314,2024-08-09T15:24:19.056145+00:00,2024-08-10T15:24:19.056145+00:00,171.3431168,172.2372885,171.2325264,172.1261926,3506,synthetic
8314,2024-08-10T15:24:19.056145+00:00,2024-08-11T15:24:19.056145+00:00,172.1261926,172.6454386,172.0302652,172.5492753,3513,synthetic
8314,2024-08-11T15:24:19.056145+00:00,2024-08-12T15:24:19.056145+00:00,172.5492753,172.7134371,171.4132329,171.5764692,3520,synthetic
8314,2024-08-12T15:24:19.056145+00:00,2024-08-13T15:24:19.056145+00:00,171.5764692,171.5824749,170.3370442,170.3430067,3527,synthetic
8314,2024-08-13T15:24:19.056145+00:00,2024-08-14T15:24:19.056145+00:00,170.3430067,170.5502424,170.1776706,170.3848656,3534,synthetic
8314,2024-08-14T15:24:19.056145+00:00,2024-08-15T15:24:19.056145+00:00,170.3848656,171.1755777,170.3000391,171.0903999,3541,synthetic
8314,2024-08-15T15:24:19.056145+00:00,2024-08-16T15:24:19.056145+00:00,171.0903999,171.6656612,170.9711003,171.5460438,3548,synthetic
8314,2024-08-16T15:24:19.056145+00:00,2024-08-17T15:24:19.056145+00:00,171.5460438,172.2555586,171.3949702,172.1039936,3555,synthetic
8314,2024-08-17T15:24:19.056145+00:00,2024-08-18T15:24:19.056145+00:00,172.1039936,172.469113,172.0671951,172.4322444,3562,synthetic
8314,2024-08-18T15:24:19.056145+00:00,2024-08-19T15:24:19.056145+00:00,172.4322444,172.604339,171.3554832,171.5266741,3569,synthetic
8314,2024-08-19T15:24:19.056145+00:00,2024-08-20T15:24:19.056145+00:00,171.5266741,171.5839815,170.2042577,170.2611423,3576,synthetic
8314,2024-08-20T15:24:19.056145+00:00,2024-08-21T15:24:19.056145+00:00,170.2611423,170.453311,170.1224437,170.3145689,3583,synthetic
8314,2024-08-21T15:24:19.056145+00:00,2024-08-22T15:24:19.056145+00:00,170.3145689,171.3662246,170.1814982,171.2324367,3590,synthetic
8314,2024-08-22T15:24:19.056145+00:00,2024-08-23T15:24:19.056145+00:00,171.2324367,171.8233095,171.1663953,171.7570658,3597,synthetic
8314,2024-08-23T15:24:19.056145+00:00,2024-08-24T15:24:19.056145+00:00,171.7570658,172.2554761,171.5865007,172.0845858,3604,synthetic
8314,2024-08-24T15:24:19.056145+00:00,2024-08-25T15:24:19.056145+00:00,172.0845858,172.3055778,172.0571384,172.2780995,3611,synthetic
8314,2024-08-25T15:24:19.056145+00:00,2024-08-26T15:24:19.056145+00:00,172.2780995,172.4340966,171.3083499,171.4636095,3618,synthetic
8314,2024-08-26T15:24:19.056145+00:00,2024-08-27T15:24:19.056145+00:00,171.4636095,171.5761941,170.1083797,170.2201479,3625,synthetic
8314,2024-08-27T15:24:19.056145+00:00,2024-08-28T15:24:19.056145+00:00,170.2201479,170.3582068,170.127374,170.2654083,3632,synthetic
8314,2024-08-28T15:24:19.056145+00:00,2024-08-29T15:24:19.056145+00:00,170.2654083,171.5183089,170.1026648,171.3545244,3639,synthetic
8314,2024-08-29T15:24:19.056145+00:00,2024-08-30T15:24:19.056145+00:00,171.3545244,171.9697582,171.3510487,171.9662701,3646,synthetic
8314,2024-08-30T15:24:19.056145+00:00,2024-08-31T15:24:19.056145+00:00,171.9662701,172.2383672,171.799986,172.0719807,3653,synthetic
8314,2024-08-31T15:24:19.056145+00:00,2024-09-01T15:24:19.056145+00:00,172.0719807,172.1822706,171.9841262,172.0944046,3660,synthetic
8314,2024-09-01T15:24:19.056145+00:00,2024-09-02T15:24:19.056145+00:00,172.0944046,172.212575,171.2653476,171.3830295,3667,synthetic
8314,2024-09-02T15:24:19.056145+00:00,2024-09-03T15:24:19.056145+00:00,171.3830295,171.5351387,170.0668534,170.2179285,3674,synthetic
8314,2024-09-03T15:24:19.056145+00:00,2024-09-04T15:24:19.056145+00:00,170.2179285,170.2786288,170.1839857,170.2446807,3681,synthetic
8314,2024-09-04T15:24:19.056145+00:00,2024-09-05T15:24:19.056145+00:00,170.2446807,171.6259231,170.0749445,171.4549802,3688,synthetic
8314,2024-09-05T15:24:19.056145+00:00,2024-09-06T15:24:19.056145+00:00,171.4549802,172.2231828,171.3953235,172.1632796,3695,synthetic
8314,2024-09-06T15:24:19.056145+00:00,2024-09-07T15:24:19.056145+00:00,172.1632796,172.3020422,171.9295779,172.0682639,3702,synthetic
8314,2024-09-07T15:24:19.056145+00:00,2024-09-08T15:24:19.056145+00:00,172.0682639,172.2042716,171.7545385,171.8904057,3709,synthetic
8314,2024-09-08T15:24:19.056145+00:00,2024-09-09T15:24:19.056145+00:00,171.8904057,171.9543584,171.218667,171.2823935,3716,synthetic
8314,2024-09-09T15:24:19.056145+00:00,2024-09-10T15:24:19.056145+00:00,171.2823935,171.4527654,170.0806946,170.2500396,3723,synthetic
8314,2024-09-10T15:24:19.056145+00:00,2024-09-11T15:24:19.056145+00:00,170.2500396,170.2880035,170.220413,170.2583754,3730,synthetic
8314,2024-09-11T15:24:19.056145+00:00,2024-09-12T15:24:19.056145+00:00,170.2583754,171.6886829,170.1052877,171.5344478,3737,synthetic
8314,2024-09-12T15:24:19.056145+00:00,2024-09-13T15:24:19.056145+00:00,171.5344478,172.4530931,171.4199238,172.3380326,3744,synthetic
8314,2024-09-13T15:24:19.056145+00:00,2024-09-14T15:24:19.056145+00:00,172.3380326,172.429823,171.9817408,172.0733902,3751,synthetic
8314,2024-09-14T15:24:19.056145+00:00,2024-09-15T15:24:19.056145+00:00,172.0733902,172.2385888,171.5115136,171.676331,3758,synthetic
8314,2024-09-15T15:24:19.056145+00:00,2024-09-16T15:24:19.056145+00:00,171.676331,171.6772855,171.1603194,171.161271,3765,synthetic
8314,2024-09-16T15:24:19.056145+00:00,2024-09-17T15:24:19.056145+00:00,171.161271,171.3261164,170.1461441,170.3101698,3772,synthetic
8314,2024-09-17T15:24:19.056145+00:00,2024-09-18T15:24:19.056145+00:00,170.3101698,170.399664,170.2210679,170.3105619,3779,synthetic
8314,2024-09-18T15:24:19.056145+00:00,2024-09-19T15:24:19.056145+00:00,170.3105619,171.7116428,170.1954522,171.5956645,3786,synthetic
8314,2024-09-19T15:24:19.056145+00:00,2024-09-20T15:24:19.056145+00:00,171.5956645,172.6357866,171.442219,172.4815489,3793,synthetic
8314,2024-09-20T15:24:19.056145+00:00,2024-09-21T15:24:19.056145+00:00,172.4815489,172.5134506,172.0533666,172.085195,3800,synthetic
8314,2024-09-21T15:24:19.056145+00:00,2024-09-22T15:24:19.056145+00:00,172.085195,172.2565519,171.2918822,171.4626191,3807,synthetic
8314,2024-09-22T15:24:19.056145+00:00,2024-09-23T15:24:19.056145+00:00,171.4626191,171.5246391,170.959691,171.0215514,3814,synthetic
8314,2024-09-23T15:24:19.056145+00:00,2024-09-24T15:24:19.056145+00:00,171.0215514,171.1578882,170.254936,170.39077,3821,synthetic
8314,2024-09-24T15:24:19.056145+00:00,2024-09-25T15:24:19.056145+00:00,170.39077,170.5391422,170.254566,170.4029285,3828,synthetic
8314,2024-09-25T15:24:19.056145+00:00,2024-09-26T15:24:19.056145+00:00,170.4029285,171.7045455,170.3418651,171.6430376,3835,synthetic
8314,2024-09-26T15:24:19.056145+00:00,2024-09-27T15:24:19.056145+00:00,171.6430376,172.758527,171.4720653,172.5866148,3842,synthetic
8314,2024-09-27T15:24:19.056145+00:00,2024-09-28T15:24:19.056145+00:00,172.5866148,172.6191473,172.0671785,172.0996192,3849,synthetic
8314,2024-09-28T15:24:19.056145+00:00,2024-09-29T15:24:19.056145+00:00,172.0996192,172.2532367,171.1062725,171.2591397,3856,synthetic
8314,2024-09-29T15:24:19.056145+00:00,2024-09-30T15:24:19.056145+00:00,171.2591397,171.3753449,170.7514973,170.8674366,3863,synthetic
8314,2024-09-30T15:24:19.056145+00:00,2024-10-01T15:24:19.056145+00:00,170.8674366,170.9563044,170.3951018,170.4837701,3870,synthetic
8314,2024-10-01T15:24:19.056145+00:00,2024-10-02T15:24:19.056145+00:00,170.4837701,170.6989215,170.3194129,170.5345154,3877,synthetic
8314,2024-10-02T15:24:19.056145+00:00,2024-10-03T15:24:19.056145+00:00,170.5345154,171.6836427,170.5329524,171.6820692,3884,synthetic
8314,2024-10-03T15:24:19.056145+00:00,2024-10-04T15:24:19.056145+00:00,171.6820692,172.8139038,171.5174206,172.6483285,3891,synthetic
8314,2024-10-04T15:24:19.056145+00:00,2024-10-05T15:24:19.056145+00:00,172.6483285,172.7408104,172.0189339,172.111128,3898,synthetic
8314,2024-10-05T15:24:19.056145+00:00,2024-10-06T15:24:19.056145+00:00,172.111128,172.2255742,170.960719,171.0744759,3905,synthetic
8314,2024-10-06T15:24:19.056145+00:00,2024-10-07T15:24:19.056145+00:00,171.0744759,171.2285664,170.5514569,170.7052148,3912,synthetic
8314,2024-10-07T15:24:19.056145+00:00,2024-10-08T15:24:19.056145+00:00,170.7052148,170.7343143,170.5522405,170.5813189,3919,synthetic
8314,2024-10-08T15:24:19.056145+00:00,2024-10-09T15:24:19.056145+00:00,170.5813189,170.8713982,170.4117088,170.7016684,3926,synthetic
8314,2024-10-09T15:24:19.056145+00:00,2024-10-10T15:24:19.056145+00:00,170.7016684,171.7831487,170.6375871,171.7186856,3933,synthetic
8314,2024-10-10T15:24:19.056145+00:00,2024-10-11T15:24:19.056145+00:00,171.7186856,172.8005555,171.5833343,172.6644588,3940,synthetic
8314,2024-10-11T15:24:19.056145+00:00,2024-10-12T15:24:19.056145+00:00,172.6644588,172.8039929,171.9741959,172.1132847,3947,synthetic
8314,2024-10-12T15:24:19.056145+00:00,2024-10-13T15:24:19.056145+00:00,172.1132847,172.1725883,170.8564373,170.9153282,3954,synthetic
8314,2024-10-13T15:24:19.056145+00:00,2024-10-14T15:24:19.056145+00:00,170.9153282,171.0857795,170.3727518,170.5428316,3961,synthetic
8314,2024-10-14T15:24:19.056145+00:00,2024-10-15T15:24:19.056145+00:00,170.5428316,170.7111171,170.5082217,170.6764801,3968,synthetic
8314,2024-10-15T15:24:19.056145+00:00,2024-10-16T15:24:19.056145+00:00,170.6764801,171.0496139,170.5252825,170.8982198,3975,synthetic
8314,2024-10-16T15:24:19.056145+00:00,2024-10-17T15:24:19.056145+00:00,170.8982198,171.8769241,170.7804237,171.7585349,3982,synthetic
8314,2024-10-17T15:24:19.056145+00:00,2024-10-18T15:24:19.056145+00:00,171.7585349,172.7231914,171.6713734,172.6355848,3989,synthetic
8314,2024-10-18T15:24:19.056145+00:00,2024-10-19T15:24:19.056145+00:00,172.6355848,172.8026738,171.9328563,172.0994264,3996,synthetic
8314,2024-10-19T15:24:19.056145+00:00,2024-10-20T15:24:19.056145+00:00,172.0994264,172.1035375,170.7820118,170.7860915,4003,synthetic
8314,2024-10-20T15:24:19.056145+00:00,2024-10-21T15:24:19.056145+00:00,170.7860915,170.9491507,170.2266162,170.3892965,4010,synthetic
8314,2024-10-21T15:24:19.056145+00:00,2024-10-22T15:24:19.056145+00:00,170.3892965,170.8574082,170.295916,170.7638225,4017,synthetic
8314,2024-10-22T15:24:19.056145+00:00,2024-10-23T15:24:19.056145+00:00,170.7638225,171.2277724,170.6521624,171.1158821,4024,synthetic
8314,2024-10-23T15:24:19.056145+00:00,2024-10-24T15:24:19.056145+00:00,171.1158821,171.96215,170.9606766,171.8063182,4031,synthetic
8314,2024-10-24T15:24:19.056145+00:00,2024-10-25T15:24:19.056145+00:00,171.8063182,172.5919179,171.7795269,172.5650083,4038,synthetic
8314,2024-10-25T15:24:19.056145+00:00,2024-10-26T15:24:19.056145+00:00,172.5650083,172.7363014,171.8925841,172.0633793,4045,synthetic
8314,2024-10-26T15:24:19.056145+00:00,2024-10-27T15:24:19.056145+00:00,172.0633793,172.1303131,170.6222403,170.6886393,4052,synthetic
8314,2024-10-27T15:24:19.056145+00:00,2024-10-28T15:24:19.056145+00:00,170.6886393,170.8216173,170.121335,170.2539744,4059,synthetic
8314,2024-10-28T15:24:19.056145+00:00,2024-10-29T15:24:19.056145+00:00,170.2539744,170.9793776,170.1149266,170.8398512,4066,synthetic
8314,2024-10-29T15:24:19.056145+00:00,2024-10-30T15:24:19.056145+00:00,170.8398512,171.4014876,170.7833543,171.3448237,4073,synthetic
8314,2024-10-30T15:24:19.056145+00:00,2024-10-31T15:24:19.056145+00:00,171.3448237,172.0367839,171.1737768,171.8652176,4080,synthetic
8314,2024-10-31T15:24:19.056145+00:00,2024-11-01T15:24:19.056145+00:00,171.8652176,172.495925,171.8278651,172.4584436,4087,synthetic
8314,2024-11-01T15:24:19.056145+00:00,2024-11-02T15:24:19.056145+00:00,172.4584436,172.6100252,171.8489687,172.0001474,4094,synthetic
8314,2024-11-02T15:24:19.056145+00:00,2024-11-03T15:24:19.056145+00:00,172.0001474,172.1205251,170.5029174,170.6223308,4101,synthetic
8314,2024-11-03T15:24:19.056145+00:00,2024-11-04T15:24:19.056145+00:00,170.6223308,170.7067415,170.0616493,170.1458242,4108,synthetic
8314,2024-11-04T15:24:19.056145+00:00,2024-11-05T15:24:19.056145+00:00,170.1458242,171.0692706,169.9805329,170.9032435,4115,synthetic
8314,2024-11-05T15:24:19.056145+00:00,2024-11-06T15:24:19.056145+00:00,170.9032435,171.5809995,170.8966455,171.5743757,4122,synthetic
8314,2024-11-06T15:24:19.056145+00:00,2024-11-07T15:24:19.056145+00:00,171.5743757,172.0998622,171.411333,171.9364754,4129,synthetic
8314,2024-11-07T15:24:19.056145+00:00,2024-11-08T15:24:19.056145+00:00,171.9364754,172.4200688,171.8401395,172.3235161,4136,synthetic
8314,2024-11-08T15:24:19.056145+00:00,2024-11-09T15:24:19.056145+00:00,172.3235161,172.434264,171.7960298,171.9065097,4143,synthetic
8314,2024-11-09T15:24:19.056145+00:00,2024-11-10T15:24:19.056145+00:00,171.9065097,172.0634813,170.4284746,170.5842388,4150,synthetic
8314,2024-11-10T15:24:19.056145+00:00,2024-11-11T15:24:19.056145+00:00,170.5842388,170.6083556,170.0486075,170.0726519,4157,synthetic
8314,2024-11-11T15:24:19.056145+00:00,2024-11-12T15:24:19.056145+00:00,170.0726519,171.1242387,169.9041546,170.9548673,4164,synthetic
8314,2024-11-12T15:24:19.056145+00:00,2024-11-13T15:24:19.056145+00:00,170.9548673,171.8629641,170.886053,171.793812,4171,synthetic
8314,2024-11-13T15:24:19.056145+00:00,2024-11-14T15:24:19.056145+00:00,171.793812,172.1515767,171.6615734,172.0191646,4178,synthetic
8314,2024-11-14T15:24:19.056145+00:00,2024-11-15T15:24:19.056145+00:00,172.0191646,172.3111718,171.8772286,172.1691122,4185,synthetic
8314,2024-11-15T15:24:19.056145+00:00,2024-11-16T15:24:19.056145+00:00,172.1691122,172.2236501,171.7270554,171.7814705,4192,synthetic
8314,2024-11-16T15:24:19.056145+00:00,2024-11-17T15:24:19.056145+00:00,171.7814705,171.9530838,170.3991702,170.5695727,4199,synthetic
8314,2024-11-17T15:24:19.056145+00:00,2024-11-18T15:24:19.056145+00:00,170.5695727,170.6090912,170.0010484,170.0404442,4206,synthetic
8314,2024-11-18T15:24:19.056145+00:00,2024-11-19T15:24:19.056145+00:00,170.0404442,171.146666,169.8921983,170.9975856,4213,synthetic
8314,2024-11-19T15:24:19.056145+00:00,2024-11-20T15:24:19.056145+00:00,170.9975856,172.1153025,170.8761241,171.9931338,4220,synthetic
8314,2024-11-20T15:24:19.056145+00:00,2024-11-21T15:24:19.056145+00:00,171.9931338,172.1931082,171.9102551,172.1101731,4227,synthetic
8314,2024-11-21T15:24:19.056145+00:00,2024-11-22T15:24:19.056145+00:00,172.1101731,172.2779556,171.83696,172.0046397,4234,synthetic
8314,2024-11-22T15:24:19.056145+00:00,2024-11-23T15:24:19.056145+00:00,172.0046397,172.0138102,171.6173684,171.6265188,4241,synthetic
8314,2024-11-23T15:24:19.056145+00:00,2024-11-24T15:24:19.056145+00:00,171.6265188,171.7888064,170.4109667,170.5722574,4248,synthetic
8314,2024-11-24T15:24:19.056145+00:00,2024-11-25T15:24:19.056145+00:00,170.5722574,170.6698988,169.955497,170.0528411,4255,synthetic
8314,2024-11-25T15:24:19.056145+00:00,2024-11-26T15:24:19.056145+00:00,170.0528411,171.1438422,169.9454828,171.0358632,4262,synthetic
8314,2024-11-26T15:24:19.056145+00:00,2024-11-27T15:24:19.056145+00:00,171.0358632,172.3220149,170.8786768,172.1637919,4269,synthetic
8314,2024-11-27T15:24:19.056145+00:00,2024-11-28T15:24:19.056145+00:00,172.1637919,172.2262386,172.141964,172.2044055,4276,synthetic
8314,2024-11-28T15:24:19.056145+00:00,2024-11-29T15:24:19.056145+00:00,172.2044055,172.3746521,171.6693779,171.8392634,4283,synthetic
8314,2024-11-29T15:24:19.056145+00:00,2024-11-30T15:24:19.056145+00:00,171.8392634,171.9107425,171.3743551,171.4456705,4290,synthetic
8314,2024-11-30T15:24:19.056145+00:00,2024-12-01T15:24:19.056145+00:00,171.4456705,171.5760153,170.4559212,170.5856122,4297,synthetic
8314,2024-12-01T15:24:19.056145+00:00,2024-12-02T15:24:19.056145+00:00,170.5856122,170.7277691,169.9690345,170.1107957,4304,synthetic
8314,2024-12-02T15:24:19.056145+00:00,2024-12-03T15:24:19.056145+00:00,170.1107957,171.1270121,170.0592914,171.0752158,4311,synthetic
8314,2024-12-03T15:24:19.056145+00:00,2024-12-04T15:24:19.056145+00:00,171.0752158,172.47151,170.9042152,172.2992859,4318,synthetic
8314,2024-12-04T15:24:19.056145+00:00,2024-12-05T15:24:19.056145+00:00,172.2992859,172.3416687,172.2528032,172.295185,4325,synthetic
8314,2024-12-05T15:24:19.056145+00:00,2024-12-06T15:24:19.056145+00:00,172.295185,172.4441378,171.5327615,171.6811835,4332,synthetic
8314,2024-12-06T15:24:19.056145+00:00,2024-12-07T15:24:19.056145+00:00,171.6811835,171.8048967,171.1218874,171.2452865,4339,synthetic
8314,2024-12-07T15:24:19.056145+00:00,2024-12-08T15:24:19.056145+00:00,171.2452865,171.3255865,170.5230686,170.6030674,4346,synthetic
8314,2024-12-08T15:24:19.056145+00:00,2024-12-09T15:24:19.056145+00:00,170.6030674,170.7699225,170.0459779,170.2124509,4353,synthetic
8314,2024-12-09T15:24:19.056145+00:00,2024-12-10T15:24:19.056145+00:00,170.2124509,171.1331917,170.2008742,171.1215531,4360,synthetic
8314,2024-12-10T15:24:19.056145+00:00,2024-12-11T15:24:19.056145+00:00,171.1215531,172.5577596,170.9605804,172.3955884,4367,synthetic
8314,2024-12-11T15:24:19.056145+00:00,2024-12-12T15:24:19.056145+00:00,172.3955884,172.4963443,172.2740769,172.3748206,4374,synthetic
8314,2024-12-12T15:24:19.056145+00:00,2024-12-13T15:24:19.056145+00:00,172.3748206,172.4816647,171.4306938,171.5370186,4381,synthetic
8314,2024-12-13T15:24:19.056145+00:00,2024-12-14T15:24:19.056145+00:00,171.5370186,171.6956442,170.8755202,171.0336803,4388,synthetic
8314,2024-12-14T15:24:19.056145+00:00,2024-12-15T15:24:19.056145+00:00,171.0336803,171.0528645,170.5997139,170.6188515,4395,synthetic
8314,2024-12-15T15:24:19.056145+00:00,2024-12-16T15:24:19.056145+00:00,170.6188515,170.7871345,170.1852252,170.3532462,4402,synthetic
8314,2024-12-16T15:24:19.056145+00:00,2024-12-17T15:24:19.056145+00:00,170.3532462,171.2539664,170.2801119,171.1804769,4409,synthetic
8314,2024-12-17T15:24:19.056145+00:00,2024-12-18T15:24:19.056145+00:00,171.1804769,172.5808055,171.0519852,172.4513598,4416,synthetic
8314,2024-12-18T15:24:19.056145+00:00,2024-12-19T15:24:19.056145+00:00,172.4513598,172.5964595,172.2902037,172.4352899,4423,synthetic
8314,2024-12-19T15:24:19.056145+00:00,2024-12-20T15:24:19.056145+00:00,172.4352899,172.4850724,171.3618623,171.4113492,4430,synthetic
8314,2024-12-20T15:24:19.056145+00:00,2024-12-21T15:24:19.056145+00:00,171.4113492,171.5827417,170.6497441,170.8205459,4437,synthetic
8314,2024-12-21T15:24:19.056145+00:00,2024-12-22T15:24:19.056145+00:00,170.8205459,170.8649984,170.5841828,170.6285853,4444,synthetic
8314,2024-12-22T15:24:19.056145+00:00,2024-12-23T15:24:19.056145+00:00,170.6285853,170.7748186,170.3800989,170.5262444,4451,synthetic
8314,2024-12-23T15:24:19.056145+00:00,2024-12-24T15:24:19.056145+00:00,170.5262444,171.3817445,170.4016357,171.2566022,4458,synthetic
8314,2024-12-24T15:24:19.056145+00:00,2024-12-25T15:24:19.056145+00:00,171.2566022,172.5465579,171.1785329,172.4679364,4465,synthetic
8314,2024-12-25T15:24:19.056145+00:00,2024-12-26T15:24:19.056145+00:00,172.4679364,172.6381663,172.2987463,172.4689752,4472,synthetic
8314,2024-12-26T15:24:19.056145+00:00,2024-12-27T15:24:19.056145+00:00,172.4689752,172.4832378,171.2922899,171.3064564,4479,synthetic
8314,2024-12-27T15:24:19.056145+00:00,2024-12-28T15:24:19.056145+00:00,171.3064564,171.4667298,170.4566276,170.6162553,4486,synthetic
8314,2024-12-28T15:24:19.056145+00:00,2024-12-29T15:24:19.056145+00:00,170.6162553,170.7314807,170.5145116,170.6297289,4493,synthetic
8314,2024-12-29T15:24:19.056145+00:00,2024-12-30T15:24:19.056145+00:00,170.6297289,170.8264874,170.5259495,170.7226515,4500,synthetic
8314,2024-12-30T15:24:19.056145+00:00,2024-12-31T15:24:19.056145+00:00,170.7226515,171.5123614,170.5638392,171.3529629,4507,synthetic
8314,2024-12-31T15:24:19.056145+00:00,2025-01-01T15:24:19.056145+00:00,171.3529629,172.4659132,171.3362522,172.4490956,4514,synthetic
8314,2025-01-01T15:24:19.056145+00:00,2025-01-02T15:24:19.056145+00:00,172.4490956,172.6390579,172.2794446,172.469387,4521,synthetic
8314,2025-01-02T15:24:19.056145+00:00,2025-01-03T15:24:19.056145+00:00,172.469387,172.5457154,171.1465041,171.2222806,4528,synthetic
8314,2025-01-03T15:24:19.056145+00:00,2025-01-04T15:24:19.056145+00:00,171.2222806,171.349124,170.3048286,170.4310859,4535,synthetic
8314,2025-01-04T15:24:19.056145+00:00,2025-01-05T15:24:19.056145+00:00,170.4310859,170.7667423,170.2863454,170.6218398,4542,synthetic
8314,2025-01-05T15:24:19.056145+00:00,2025-01-06T15:24:19.056145+00:00,170.6218398,170.9794184,170.5749915,170.9324849,4549,synthetic
8314,2025-01-06T15:24:19.056145+00:00,2025-01-07T15:24:19.056145+00:00,170.9324849,171.6420322,170.7615524,171.4705617,4556,synthetic
8314,2025-01-07T15:24:19.056145+00:00,2025-01-08T15:24:19.056145+00:00,171.4705617,172.4479317,171.423507,172.4006217,4563,synthetic
8314,2025-01-08T15:24:19.056145+00:00,2025-01-09T15:24:19.056145+00:00,172.4006217,172.5782642,172.2541939,172.4318098,4570,synthetic
8314,2025-01-09T15:24:19.056145+00:00,2025-01-10T15:24:19.056145+00:00,172.4318098,172.5595306,171.0298215,171.1565977,4577,synthetic
8314,2025-01-10T15:24:19.056145+00:00,2025-01-11T15:24:19.056145+00:00,171.1565977,171.2323699,170.1990611,170.2744427,4584,synthetic
8314,2025-01-11T15:24:19.056145+00:00,2025-01-12T15:24:19.056145+00:00,170.2744427,170.7744522,170.106936,170.6066187,4591,synthetic
8314,2025-01-12T15:24:19.056145+00:00,2025-01-13T15:24:19.056145+00:00,170.6066187,171.1619947,170.5900081,171.1453317,4598,synthetic
8314,2025-01-13T15:24:19.056145+00:00,2025-01-14T15:24:19.056145+00:00,171.1453317,171.7677511,170.9861161,171.608105,4605,synthetic
8314,2025-01-14T15:24:19.056145+00:00,2025-01-15T15:24:19.056145+00:00,171.608105,172.4345038,171.5037525,172.3297125,4612,synthetic
8314,2025-01-15T15:24:19.056145+00:00,2025-01-16T15:24:19.056145+00:00,172.3297125,172.4566122,172.2269248,172.3538101,4619,synthetic
8314,2025-01-16T15:24:19.056145+00:00,2025-01-17T15:24:19.056145+00:00,172.3538101,172.5150536,170.9453203,171.1053959,4626,synthetic
8314,2025-01-17T15:24:19.056145+00:00,2025-01-18T15:24:19.056145+00:00,171.1053959,171.1195732,170.140046,170.1541445,4633,synthetic
8314,2025-01-18T15:24:19.056145+00:00,2025-01-19T15:24:19.056145+00:00,170.1541445,170.7550902,169.9872189,170.5877393,4640,synthetic
8314,2025-01-19T15:24:19.056145+00:00,2025-01-20T15:24:19.056145+00:00,170.5877393,171.4292189,170.5099993,171.3511311,4647,synthetic
8314,2025-01-20T15:24:19.056145+00:00,2025-01-21T15:24:19.056145+00:00,171.3511311,171.8874827,171.2259009,171.7619521,4654,synthetic
8314,2025-01-21T15:24:19.056145+00:00,2025-01-22T15:24:19.056145+00:00,171.7619521,172.3918848,171.6147619,172.2442811,4661,synthetic
8314,2025-01-22T15:24:19.056145+00:00,2025-01-23T15:24:19.056145+00:00,172.2442811,172.289131,172.190712,172.2355595,4668,synthetic
8314,2025-01-23T15:24:19.056145+00:00,2025-01-24T15:24:19.056145+00:00,172.2355595,172.4077766,170.8923696,171.0634147,4675,synthetic
8314,2025-01-24T15:24:19.056145+00:00,2025-01-25T15:24:19.056145+00:00,171.0634147,171.1127747,170.0267593,170.0758344,4682,synthetic
8314,2025-01-25T15:24:19.056145+00:00,2025-01-26T15:24:19.056145+00:00,170.0758344,170.7140079,169.9327186,170.5704759,4689,synthetic
8314,2025-01-26T15:24:19.056145+00:00,2025-01-27T15:24:19.056145+00:00,170.5704759,171.6696592,170.4424602,171.5409152,4696,synthetic
8314,2025-01-27T15:24:19.056145+00:00,2025-01-28T15:24:19.056145+00:00,171.5409152,172.000119,171.467246,171.9262844,4703,synthetic
8314,2025-01-28T15:24:19.056145+00:00,2025-01-29T15:24:19.056145+00:00,171.9262844,172.3220083,171.7567164,172.1522176,4710,synthetic
8314,2025-01-29T15:24:19.056145+00:00,2025-01-30T15:24:19.056145+00:00,172.1522176,172.1714997,172.0606695,172.0799434,4717,synthetic
8314,2025-01-30T15:24:19.056145+00:00,2025-01-31T15:24:19.056145+00:00,172.0799434,172.2390816,170.8666335,171.0247959,4724,synthetic
8314,2025-01-31T15:24:19.056145+00:00,2025-02-01T15:24:19.056145+00:00,171.0247959,171.1307816,169.9371891,170.0425661,4731,synthetic
8314,2025-02-01T15:24:19.056145+00:00,2025-02-02T15:24:19.056145+00:00,170.0425661,170.660872,169.9431632,170.5611659,4738,synthetic
8314,2025-02-02T15:24:19.056145+00:00,2025-02-03T15:24:19.056145+00:00,170.5611659,171.868956,170.4007297,171.7074416,4745,synthetic
8314,2025-02-03T15:24:19.056145+00:00,2025-02-04T15:24:19.056145+00:00,171.7074416,172.1052157,171.6957356,172.0934834,4752,synthetic
8314,2025-02-04T15:24:19.056145+00:00,2025-02-05T15:24:19.056145+00:00,172.0934834,172.2618019,171.8923897,172.0606762,4759,synthetic
8314,2025-02-05T15:24:19.056145+00:00,2025-02-06T15:24:19.056145+00:00,172.0606762,172.141334,171.8118623,171.8924412,4766,synthetic
8314,2025-02-06T15:24:19.056145+00:00,2025-02-07T15:24:19.056145+00:00,171.8924412,172.0163259,170.8605539,170.9837838,4773,synthetic
8314,2025-02-07T15:24:19.056145+00:00,2025-02-08T15:24:19.056145+00:00,170.9837838,171.131589,169.9075999,170.0546019,4780,synthetic
8314,2025-02-08T15:24:19.056145+00:00,2025-02-09T15:24:19.056145+00:00,170.0546019,170.6085365,170.0127446,170.5665533,4787,synthetic
8314,2025-02-09T15:24:19.056145+00:00,2025-02-10T15:24:19.056145+00:00,170.5665533,172.0174391,170.3960603,171.8456675,4794,synthetic
8314,2025-02-10T15:24:19.056145+00:00,2025-02-11T15:24:19.056145+00:00,171.8456675,172.3068133,171.7936644,172.2546864,4801,synthetic
8314,2025-02-11T15:24:19.056145+00:00,2025-02-12T15:24:19.056145+00:00,172.2546864,172.3982495,171.8321226,171.9754531,4808,synthetic
8314,2025-02-12T15:24:19.056145+00:00,2025-02-13T15:24:19.056145+00:00,171.9754531,172.1061827,171.550282,171.6807877,4815,synthetic
8314,2025-02-13T15:24:19.056145+00:00,2025-02-14T15:24:19.056145+00:00,171.6807877,171.752226,170.8642802,170.9354083,4822,synthetic
8314,2025-02-14T15:24:19.056145+00:00,2025-02-15T15:24:19.056145+00:00,170.9354083,171.1043961,169.9412667,170.109438,4829,synthetic
8314,2025-02-15T15:24:19.056145+00:00,2025-02-16T15:24:19.056145+00:00,170.109438,170.6146782,170.0878977,170.5930767,4836,synthetic
8314,2025-02-16T15:24:19.056145+00:00,2025-02-17T15:24:19.056145+00:00,170.5930767,172.1110635,170.4362864,171.9530233,4843,synthetic
8314,2025-02-17T15:24:19.056145+00:00,2025-02-18T15:24:19.056145+00:00,171.9530233,172.50929,171.8444867,172.400471,4850,synthetic
8314,2025-02-18T15:24:19.056145+00:00,2025-02-19T15:24:19.056145+00:00,172.400471,172.4991817,171.802085,171.9005095,4857,synthetic
8314,2025-02-19T15:24:19.056145+00:00,2025-02-20T15:24:19.056145+00:00,171.9005095,172.0630471,171.2923271,171.454443,4864,synthetic
8314,2025-02-20T15:24:19.056145+00:00,2025-02-21T15:24:19.056145+00:00,171.454443,171.4636118,170.8669504,170.8760883,4871,synthetic
8314,2025-02-21T15:24:19.056145+00:00,2025-02-22T15:24:19.056145+00:00,170.8760883,171.0426739,170.0361268,170.2020553,4878,synthetic
8314,2025-02-22T15:24:19.056145+00:00,2025-02-23T15:24:19.056145+00:00,170.2020553,170.7283714,170.1200637,170.6461658,4885,synthetic
8314,2025-02-23T15:24:19.056145+00:00,2025-02-24T15:24:19.056145+00:00,170.6461658,172.1516792,170.5249346,172.0294652,4892,synthetic
8314,2025-02-24T15:24:19.056145+00:00,2025-02-25T15:24:19.056145+00:00,172.0294652,172.6720056,171.8794987,172.5216101,4899,synthetic
8314,2025-02-25T15:24:19.056145+00:00,2025-02-26T15:24:19.056145+00:00,172.5216101,172.5616078,171.7978435,171.8376827,4906,synthetic
8314,2025-02-26T15:24:19.056145+00:00,2025-02-27T15:24:19.056145+00:00,171.8376827,172.0093533,171.052858,171.2239155,4913,synthetic
8314,2025-02-27T15:24:19.056145+00:00,2025-02-28T15:24:19.056145+00:00,171.2239155,171.2781278,170.7500166,170.804096,4920,synthetic
8314,2025-02-28T15:24:19.056145+00:00,2025-03-01T15:24:19.056145+00:00,170.804096,170.9450449,170.1848182,170.325372,4927,synthetic
8314,2025-03-01T15:24:19.056145+00:00,2025-03-02T15:24:19.056145+00:00,170.325372,170.8610146,170.1942812,170.7296127,4934,synthetic
8314,2025-03-02T15:24:19.056145+00:00,2025-03-03T15:24:19.056145+00:00,170.7296127,172.1465977,170.6608639,172.0773062,4941,synthetic
8314,2025-03-03T15:24:19.056145+00:00,2025-03-04T15:24:19.056145+00:00,172.0773062,172.7808379,171.9068265,172.6098307,4948,synthetic
8314,2025-03-04T15:24:19.056145+00:00,2025-03-05T15:24:19.056145+00:00,172.6098307,172.6342063,171.7623499,171.7866093,4955,synthetic
8314,2025-03-05T15:24:19.056145+00:00,2025-03-06T15:24:19.056145+00:00,171.7866093,171.9434828,170.8438401,170.9999952,4962,synthetic
8314,2025-03-06T15:24:19.056145+00:00,2025-03-07T15:24:19.056145+00:00,170.9999952,171.1098714,170.6101438,170.71984,4969,synthetic
8314,2025-03-07T15:24:19.056145+00:00,2025-03-08T15:24:19.056145+00:00,170.71984,170.8155169,170.3753196,170.470857,4976,synthetic
8314,2025-03-08T15:24:19.056145+00:00,2025-03-09T15:24:19.056145+00:00,170.470857,171.0074175,170.3088715,170.8450764,4983,synthetic
8314,2025-03-09T15:24:19.056145+00:00,2025-03-10T15:24:19.056145+00:00,170.8450764,172.1075139,170.8384532,172.100842,4990,synthetic
8314,2025-03-10T15:24:19.056145+00:00,2025-03-11T15:24:19.056145+00:00,172.100842,172.8262489,171.9336449,172.65851,4997,synthetic
8314,2025-03-11T15:24:19.056145+00:00,2025-03-12T15:24:19.056145+00:00,172.65851,172.7439038,171.6599247,171.7448667,5004,synthetic
8314,2025-03-12T15:24:19.056145+00:00,2025-03-13T15:24:19.056145+00:00,171.7448667,171.8650855,170.6734114,170.792964,5011,synthetic
8314,2025-03-13T15:24:19.056145+00:00,2025-03-14T15:24:19.056145+00:00,170.792964,170.9430685,170.4759799,170.6259377,5018,synthetic
8314,2025-03-14T15:24:19.056145+00:00,2025-03-15T15:24:19.056145+00:00,170.6259377,170.666361,170.5888277,170.6292503,5025,synthetic
8314,2025-03-15T15:24:19.056145+00:00,2025-03-16T15:24:19.056145+00:00,170.6292503,171.1624646,170.4589161,170.9917685,5032,synthetic
8314,2025-03-16T15:24:19.056145+00:00,2025-03-17T15:24:19.056145+00:00,170.9917685,172.1627001,170.9352473,172.1058106,5039,synthetic
8314,2025-03-17T15:24:19.056145+00:00,2025-03-18T15:24:19.056145+00:00,172.1058106,172.8042782,171.9652343,172.6632466,5046,synthetic
8314,2025-03-18T15:24:19.056145+00:00,2025-03-19T15:24:19.056145+00:00,172.6632466,172.7977456,171.5745617,171.7083168,5053,synthetic
8314,2025-03-19T15:24:19.056145+00:00,2025-03-20T15:24:19.056145+00:00,171.7083168,171.775138,170.5454551,170.6118496,5060,synthetic
8314,2025-03-20T15:24:19.056145+00:00,2025-03-21T15:24:19.056145+00:00,170.6118496,170.7812006,170.3578029,170.5270698,5067,synthetic
8314,2025-03-21T15:24:19.056145+00:00,2025-03-22T15:24:19.056145+00:00,170.5270698,170.817932,170.5005051,170.7913261,5074,synthetic
8314,2025-03-22T15:24:19.056145+00:00,2025-03-23T15:24:19.056145+00:00,170.7913261,171.3216141,170.6364033,171.1663511,5081,synthetic
8314,2025-03-23T15:24:19.056145+00:00,2025-03-24T15:24:19.056145+00:00,171.1663511,172.2112463,171.0544487,172.0987343,5088,synthetic
8314,2025-03-24T15:24:19.056145+00:00,2025-03-25T15:24:19.056145+00:00,172.0987343,172.7168841,172.0043938,172.6222566,5095,synthetic
8314,2025-03-25T15:24:19.056145+00:00,2025-03-26T15:24:19.056145+00:00,172.6222566,172.7870606,171.5077244,171.6716208,5102,synthetic
8314,2025-03-26T15:24:19.056145+00:00,2025-03-27T15:24:19.056145+00:00,171.6716208,171.6757494,170.4596882,170.4637878,5109,synthetic
8314,2025-03-27T15:24:19.056145+00:00,2025-03-28T15:24:19.056145+00:00,170.4637878,170.6287816,170.2646671,170.4296279,5116,synthetic
8314,2025-03-28T15:24:19.056145+00:00,2025-03-29T15:24:19.056145+00:00,170.4296279,171.0353576,170.3431644,170.9486308,5123,synthetic
8314,2025-03-29T15:24:19.056145+00:00,2025-03-30T15:24:19.056145+00:00,170.9486308,171.4811951,170.83078,171.3630586,5130,synthetic
8314,2025-03-30T15:24:19.056145+00:00,2025-03-31T15:24:19.056145+00:00,171.3630586,172.238642,171.2112655,172.0862084,5137,synthetic
8314,2025-03-31T15:24:19.056145+00:00,2025-04-01T15:24:19.056145+00:00,172.0862084,172.5715997,172.0512582,172.5365579,5144,synthetic
8314,2025-04-01T15:24:19.056145+00:00,2025-04-02T15:24:19.056145+00:00,172.5365579,172.7086281,171.4577092,171.6288741,5151,synthetic
8314,2025-04-02T15:24:19.056145+00:00,2025-04-03T15:24:19.056145+00:00,171.6288741,171.6879849,170.2948746,170.3535462,5158,synthetic
8314,2025-04-03T15:24:19.056145+00:00,2025-04-04T15:24:19.056145+00:00,170.3535462,170.491229,170.2035121,170.341185,5165,synthetic
8314,2025-04-04T15:24:19.056145+00:00,2025-04-05T15:24:19.056145+00:00,170.341185,171.2289744,170.2069364,171.0941324,5172,synthetic
8314,2025-04-05T15:24:19.056145+00:00,2025-04-06T15:24:19.056145+00:00,171.0941324,171.6384707,171.0298782,171.5740363,5179,synthetic
8314,2025-04-06T15:24:19.056145+00:00,2025-04-07T15:24:19.056145+00:00,171.5740363,172.2452928,171.4034421,172.0742013,5186,synthetic
8314,2025-04-07T15:24:19.056145+00:00,2025-04-08T15:24:19.056145+00:00,172.0742013,172.4392902,172.0448957,172.4099274,5193,synthetic
8314,2025-04-08T15:24:19.056145+00:00,2025-04-09T15:24:19.056145+00:00,172.4099274,172.5652328,171.4197502,171.5743029,5200,synthetic
8314,2025-04-09T15:24:19.056145+00:00,2025-04-10T15:24:19.056145+00:00,171.5743029,171.6883715,170.1700401,170.2832505,5207,synthetic
8314,2025-04-10T15:24:19.056145+00:00,2025-04-11T15:24:19.056145+00:00,170.2832505,170.3744886,170.1786059,170.2698368,5214,synthetic
8314,2025-04-11T15:24:19.056145+00:00,2025-04-12T15:24:19.056145+00:00,170.2698368,171.3869235,170.1065504,171.2227232,5221,synthetic
8314,2025-04-12T15:24:19.056145+00:00,2025-04-13T15:24:19.056145+00:00,171.2227232,171.7914712,171.2211263,171.789869,5228,synthetic
8314,2025-04-13T15:24:19.056145+00:00,2025-04-14T15:24:19.056145+00:00,171.789869,172.2333218,171.6242453,172.0674305,5235,synthetic
8314,2025-04-14T15:24:19.056145+00:00,2025-04-15T15:24:19.056145+00:00,172.0674305,172.3381948,171.9779622,172.2486324,5242,synthetic
8314,2025-04-15T15:24:19.056145+00:00,2025-04-16T15:24:19.056145+00:00,172.2486324,172.3655293,171.3865656,171.5029565,5249,synthetic
8314,2025-04-16T15:24:19.056145+00:00,2025-04-17T15:24:19.056145+00:00,171.5029565,171.6560289,170.1003774,170.2523336,5256,synthetic
8314,2025-04-17T15:24:19.056145+00:00,2025-04-18T15:24:19.056145+00:00,170.2523336,170.284453,170.1913581,170.2234721,5263,synthetic
8314,2025-04-18T15:24:19.056145+00:00,2025-04-19T15:24:19.056145+00:00,170.2234721,171.5021999,170.0539114,171.3315355,5270,synthetic
8314,2025-04-19T15:24:19.056145+00:00,2025-04-20T15:24:19.056145+00:00,171.3315355,172.0618641,171.270165,172.0002541,5277,synthetic
8314,2025-04-20T15:24:19.056145+00:00,2025-04-21T15:24:19.056145+00:00,172.0002541,172.2064355,171.8627469,172.0688734,5284,synthetic
8314,2025-04-21T15:24:19.056145+00:00,2025-04-22T15:24:19.056145+00:00,172.0688734,172.2060285,171.9238109,172.0609596,5291,synthetic
8314,2025-04-22T15:24:19.056145+00:00,2025-04-23T15:24:19.056145+00:00,172.0609596,172.1232218,171.349303,171.4113301,5298,synthetic
8314,2025-04-23T15:24:19.056145+00:00,2025-04-24T15:24:19.056145+00:00,171.4113301,171.5820134,170.088177,170.2577116,5305,synthetic
8314,2025-04-24T15:24:19.056145+00:00,2025-04-25T15:24:19.056145+00:00,170.2577116,170.289175,170.1775824,170.2090369,5312,synthetic
8314,2025-04-25T15:24:19.056145+00:00,2025-04-26T15:24:19.056145+00:00,170.2090369,171.5733425,170.056819,171.4200417,5319,synthetic
8314,2025-04-26T15:24:19.056145+00:00,2025-04-27T15:24:19.056145+00:00,171.4200417,172.3111257,171.3042025,172.194763,5326,synthetic
8314,2025-04-27T15:24:19.056145+00:00,2025-04-28T15:24:19.056145+00:00,172.194763,172.2848744,171.989406,172.0794572,5333,synthetic
8314,2025-04-28T15:24:19.056145+00:00,2025-04-29T15:24:19.056145+00:00,172.0794572,172.2451794,171.6910761,171.8565836,5340,synthetic
8314,2025-04-29T15:24:19.056145+00:00,2025-04-30T15:24:19.056145+00:00,171.8565836,171.8575114,171.2969337,171.2978585,5347,synthetic
8314,2025-04-30T15:24:19.056145+00:00,2025-05-01T15:24:19.056145+00:00,171.2978585,171.4623203,170.1306675,170.2941656,5354,synthetic
8314,2025-05-01T15:24:19.056145+00:00,2025-05-02T15:24:19.056145+00:00,170.2941656,170.3848442,170.1412155,170.2318608,5361,synthetic
8314,2025-05-02T15:24:19.056145+00:00,2025-05-03T15:24:19.056145+00:00,170.2318608,171.6044498,170.1181861,171.489935,5368,synthetic
8314,2025-05-03T15:24:19.056145+00:00,2025-05-04T15:24:19.056145+00:00,171.489935,172.5185928,171.335752,172.3636243,5375,synthetic
8314,2025-05-04T15:24:19.056145+00:00,2025-05-05T15:24:19.056145+00:00,172.3636243,172.3936461,172.0679806,172.0979561,5382,synthetic
8314,2025-05-05T15:24:19.056145+00:00,2025-05-06T15:24:19.056145+00:00,172.0979561,172.269142,171.4750909,171.6458271,5389,synthetic
8314,2025-05-06T15:24:19.056145+00:00,2025-05-07T15:24:19.056145+00:00,171.6458271,171.7096632,171.0995773,171.1632339,5396,synthetic
8314,2025-05-07T15:24:19.056145+00:00,2025-05-08T15:24:19.056145+00:00,171.1632339,171.2985431,170.220227,170.3548973,5403,synthetic
8314,2025-05-08T15:24:19.056145+00:00,2025-05-09T15:24:19.056145+00:00,170.3548973,170.4921861,170.1578646,170.2951052,5410,synthetic
8314,2025-05-09T15:24:19.056145+00:00,2025-05-10T15:24:19.056145+00:00,170.2951052,171.6045169,170.2358263,171.544803,5417,synthetic
8314,2025-05-10T15:24:19.056145+00:00,2025-05-11T15:24:19.056145+00:00,171.544803,172.6704442,171.3737727,172.4984632,5424,synthetic
8314,2025-05-11T15:24:19.056145+00:00,2025-05-12T15:24:19.056145+00:00,172.4984632,172.5328335,172.0868117,172.1211068,5431,synthetic
8314,2025-05-12T15:24:19.056145+00:00,2025-05-13T15:24:19.056145+00:00,172.1211068,172.2738839,171.2867075,171.438879,5438,synthetic
8314,2025-05-13T15:24:19.056145+00:00,2025-05-14T15:24:19.056145+00:00,171.438879,171.5565792,170.8931089,171.010515,5445,synthetic
8314,2025-05-14T15:24:19.056145+00:00,2025-05-15T15:24:19.056145+00:00,171.010515,171.0978513,170.345161,170.432202,5452,synthetic
8314,2025-05-15T15:24:19.056145+00:00,2025-05-16T15:24:19.056145+00:00,170.432202,170.5969958,170.2346233,170.3993853,5459,synthetic
8314,2025-05-16T15:24:19.056145+00:00,2025-05-17T15:24:19.056145+00:00,170.3993853,171.59308,170.3959565,171.5896271,5466,synthetic
8314,2025-05-17T15:24:19.056145+00:00,2025-05-18T15:24:19.056145+00:00,171.5896271,172.7579065,171.4256098,172.5929301,5473,synthetic
8314,2025-05-18T15:24:19.056145+00:00,2025-05-19T15:24:19.056145+00:00,172.5929301,172.6869739,172.0501312,172.1439303,5480,synthetic
8314,2025-05-19T15:24:19.056145+00:00,2025-05-20T15:24:19.056145+00:00,172.1439303,172.2569826,171.1325755,171.2450374,5487,synthetic
8314,2025-05-20T15:24:19.056145+00:00,2025-05-21T15:24:19.056145+00:00,171.2450374,171.4000874,170.6903279,170.8450157,5494,synthetic
8314,2025-05-21T15:24:19.056145+00:00,2025-05-22T15:24:19.056145+00:00,170.8450157,170.8722925,170.4909775,170.5182022,5501,synthetic
8314,2025-05-22T15:24:19.056145+00:00,2025-05-23T15:24:19.056145+00:00,170.5182022,170.7119633,170.3488641,170.542601,5508,synthetic
8314,2025-05-23T15:24:19.056145+00:00,2025-05-24T15:24:19.056145+00:00,170.542601,171.6963256,170.4768511,171.6301564,5515,synthetic
8314,2025-05-24T15:24:19.056145+00:00,2025-05-25T15:24:19.056145+00:00,171.6301564,172.778075,171.4960405,172.6431675,5522,synthetic
8314,2025-05-25T15:24:19.056145+00:00,2025-05-26T15:24:19.056145+00:00,172.6431675,172.7837905,172.0200021,172.1602317,5529,synthetic
8314,2025-05-26T15:24:19.056145+00:00,2025-05-27T15:24:19.056145+00:00,172.1602317,172.2177769,171.0148607,171.0720421,5536,synthetic
8314,2025-05-27T15:24:19.056145+00:00,2025-05-28T15:24:19.056145+00:00,171.0720421,171.2427775,170.5036416,170.6739797,5543,synthetic
8314,2025-05-28T15:24:19.056145+00:00,2025-05-29T15:24:19.056145+00:00,170.6739797,170.7104456,170.5691204,170.6055716,5550,synthetic
8314,2025-05-29T15:24:19.056145+00:00,2025-05-30T15:24:19.056145+00:00,170.6055716,170.8703535,170.4553132,170.7199943,5557,synthetic
8314,2025-05-30T15:24:19.056145+00:00,2025-05-31T15:24:19.056145+00:00,170.7199943,171.7918996,170.6009727,171.6722141,5564,synthetic
8314,2025-05-31T15:24:19.056145+00:00,2025-06-01T15:24:19.056145+00:00,171.6722141,172.7340499,171.5867226,172.6480725,5571,synthetic
8314,2025-06-01T15:24:19.056145+00:00,2025-06-02T15:24:19.056145+00:00,172.6480725,172.8156392,171.9961349,172.1632311,5578,synthetic
8314,2025-06-02T15:24:19.056145+00:00,2025-06-03T15:24:19.056145+00:00,172.1632311,172.1692296,170.9195989,170.9255543,5585,synthetic
8314,2025-06-03T15:24:19.056145+00:00,2025-06-04T15:24:19.056145+00:00,170.9255543,171.0881798,170.3438412,170.5060676,5592,synthetic
8314,2025-06-04T15:24:19.056145+00:00,2025-06-05T15:24:19.056145+00:00,170.5060676,170.7832893,170.4110658,170.6881861,5599,synthetic
8314,2025-06-05T15:24:19.056145+00:00,2025-06-06T15:24:19.056145+00:00,170.6881861,171.0347714,170.5779974,170.9244302,5606,synthetic
8314,2025-06-06T15:24:19.056145+00:00,2025-06-07T15:24:19.056145+00:00,170.9244302,171.8775416,170.7686189,171.7210042,5613,synthetic
8314,2025-06-07T15:24:19.056145+00:00,2025-06-08T15:24:19.056145+00:00,171.7210042,172.6343807,171.6960865,172.6093341,5620,synthetic
8314,2025-06-08T15:24:19.056145+00:00,2025-06-09T15:24:19.056145+00:00,172.6093341,172.7804317,171.9756305,172.1462691,5627,synthetic
8314,2025-06-09T15:24:19.056145+00:00,2025-06-10T15:24:19.056145+00:00,172.1462691,172.2149689,170.7406604,170.8088265,5634,synthetic
8314,2025-06-10T15:24:19.056145+00:00,2025-06-11T15:24:19.056145+00:00,170.8088265,170.9407167,170.2191633,170.3506997,5641,synthetic
8314,2025-06-11T15:24:19.056145+00:00,2025-06-12T15:24:19.056145+00:00,170.3506997,170.9021764,170.210504,170.7616425,5648,synthetic
8314,2025-06-12T15:24:19.056145+00:00,2025-06-13T15:24:19.056145+00:00,170.7616425,171.2017037,170.7069407,171.1468785,5655,synthetic
8314,2025-06-13T15:24:19.056145+00:00,2025-06-14T15:24:19.056145+00:00,171.1468785,171.9520638,170.9759289,171.7804814,5662,synthetic
8314,2025-06-14T15:24:19.056145+00:00,2025-06-15T15:24:19.056145+00:00,171.7804814,172.5705841,171.7413121,172.5312437,5669,synthetic
8314,2025-06-15T15:24:19.056145+00:00,2025-06-16T15:24:19.056145+00:00,172.5312437,172.6819784,171.9531588,172.1035199,5676,synthetic
8314,2025-06-16T15:24:19.056145+00:00,2025-06-17T15:24:19.056145+00:00,172.1035199,172.2253098,170.6017765,170.7225892,5683,synthetic
8314,2025-06-17T15:24:19.056145+00:00,2025-06-18T15:24:19.056145+00:00,170.7225892,170.8054186,170.1347286,170.2173129,5690,synthetic
8314,2025-06-18T15:24:19.056145+00:00,2025-06-19T15:24:19.056145+00:00,170.2173129,170.9899833,170.0515196,170.8235996,5697,synthetic
8314,2025-06-19T15:24:19.056145+00:00,2025-06-20T15:24:19.056145+00:00,170.8235996,171.3855489,170.8151346,171.3770565,5704,synthetic
8314,2025-06-20T15:24:19.056145+00:00,2025-06-21T15:24:19.056145+00:00,171.3770565,172.0155563,171.2147959,171.8528452,5711,synthetic
8314,2025-06-21T15:24:19.056145+00:00,2025-06-22T15:24:19.056145+00:00,171.8528452,172.5184602,171.7550022,172.4202941,5718,synthetic
8314,2025-06-22T15:24:19.056145+00:00,2025-06-23T15:24:19.056145+00:00,172.4202941,172.52965,171.921539,172.0306478,5725,synthetic
8314,2025-06-23T15:24:19.056145+00:00,2025-06-24T15:24:19.056145+00:00,172.0306478,172.1884919,170.5085706,170.6651618,5732,synthetic
8314,2025-06-24T15:24:19.056145+00:00,2025-06-25T15:24:19.056145+00:00,170.6651618,170.6874372,170.0923904,170.1145939,5739,synthetic
8314,2025-06-25T15:24:19.056145+00:00,2025-06-26T15:24:19.056145+00:00,170.1145939,171.0429384,169.9463183,170.8739116,5746,synthetic
8314,2025-06-26T15:24:19.056145+00:00,2025-06-27T15:24:19.056145+00:00,170.8739116,171.6749701,170.8034199,171.6041771,5753,synthetic
8314,2025-06-27T15:24:19.056145+00:00,2025-06-28T15:24:19.056145+00:00,171.6041771,172.0693457,171.4732928,171.9382066,5760,synthetic
8314,2025-06-28T15:24:19.056145+00:00,2025-06-29T15:24:19.056145+00:00,171.9382066,172.4278195,171.7952815,172.2846065,5767,synthetic
8314,2025-06-29T15:24:19.056145+00:00,2025-06-30T15:24:19.056145+00:00,172.2846065,172.3373869,171.8726735,171.9253439,5774,synthetic
8314,2025-06-30T15:24:19.056145+00:00,2025-07-01T15:24:19.056145+00:00,171.9253439,172.097174,170.4622356,170.6327738,5781,synthetic
8314,2025-07-01T15:24:19.056145+00:00,2025-07-02T15:24:19.056145+00:00,170.6327738,170.6741234,170.008551,170.0497593,5788,synthetic
8314,2025-07-02T15:24:19.056145+00:00,2025-07-03T15:24:19.056145+00:00,170.0497593,171.0626252,169.9024269,170.9145435,5795,synthetic
8314,2025-07-03T15:24:19.056145+00:00,2025-07-04T15:24:19.056145+00:00,170.9145435,171.9411013,170.7918299,171.8177392,5802,synthetic
8314,2025-07-04T15:24:19.056145+00:00,2025-07-05T15:24:19.056145+00:00,171.8177392,172.1156998,171.7365998,172.0344581,5809,synthetic
8314,2025-07-05T15:24:19.056145+00:00,2025-07-06T15:24:19.056145+00:00,172.0344581,172.3014492,171.8663393,172.1332339,5816,synthetic
8314,2025-07-06T15:24:19.056145+00:00,2025-07-07T15:24:19.056145+00:00,172.1332339,172.1442944,171.7766556,171.7876938,5823,synthetic
8314,2025-07-07T15:24:19.056145+00:00,2025-07-08T15:24:19.056145+00:00,171.7876938,171.9495115,170.4593465,170.6200644,5830,synthetic
8314,2025-07-08T15:24:19.056145+00:00,2025-07-09T15:24:19.056145+00:00,170.6200644,170.7192604,169.9290914,170.0279432,5837,synthetic
8314,2025-07-09T15:24:19.056145+00:00,2025-07-10T15:24:19.056145+00:00,170.0279432,171.0557418,169.922052,170.9492768,5844,synthetic
8314,2025-07-10T15:24:19.056145+00:00,2025-07-11T15:24:19.056145+00:00,170.9492768,172.1671056,170.7914409,172.0082919,5851,synthetic
8314,2025-07-11T15:24:19.056145+00:00,2025-07-12T15:24:19.056145+00:00,172.0082919,172.1573148,171.9883548,172.1373627,5858,synthetic
8314,2025-07-12T15:24:19.056145+00:00,2025-07-13T15:24:19.056145+00:00,172.1373627,172.3072491,171.8056785,171.9754051,5865,synthetic
8314,2025-07-13T15:24:19.056145+00:00,2025-07-14T15:24:19.056145+00:00,171.9754051,172.0486502,171.5472451,171.620339,5872,synthetic
8314,2025-07-14T15:24:19.056145+00:00,2025-07-15T15:24:19.056145+00:00,171.620339,171.7495872,170.4922185,170.6207138,5879,synthetic
8314,2025-07-15T15:24:19.056145+00:00,2025-07-16T15:24:19.056145+00:00,170.6207138,170.763925,169.9090151,170.0517486,5886,synthetic
8314,2025-07-16T15:24:19.056145+00:00,2025-07-17T15:24:19.056145+00:00,170.0517486,171.0332158,170.0020414,170.9832363,5893,synthetic
8314,2025-07-17T15:24:19.056145+00:00,2025-07-18T15:24:19.056145+00:00,170.9832363,172.3402462,170.8122825,172.1681078,5900,synthetic
8314,2025-07-18T15:24:19.056145+00:00,2025-07-19T15:24:19.056145+00:00,172.1681078,172.2850506,172.123931,172.2408552,5907,synthetic
8314,2025-07-19T15:24:19.056145+00:00,2025-07-20T15:24:19.056145+00:00,172.2408552,172.3888034,171.6721874,171.819774,5914,synthetic
8314,2025-07-20T15:24:19.056145+00:00,2025-07-21T15:24:19.056145+00:00,171.819774,171.9448852,171.3035892,171.4284155,5921,synthetic
8314,2025-07-21T15:24:19.056145+00:00,2025-07-22T15:24:19.056145+00:00,171.4284155,171.5071372,170.5497915,170.6281458,5928,synthetic
8314,2025-07-22T15:24:19.056145+00:00,2025-07-23T15:24:19.056145+00:00,170.6281458,170.7954051,169.9542399,170.1210021,5935,synthetic
8314,2025-07-23T15:24:19.056145+00:00,2025-07-24T15:24:19.056145+00:00,170.1210021,171.0357814,170.1075724,171.0222805,5942,synthetic
8314,2025-07-24T15:24:19.056145+00:00,2025-07-25T15:24:19.056145+00:00,171.0222805,172.4531301,170.8620466,172.2917069,5949,synthetic
8314,2025-07-25T15:24:19.056145+00:00,2025-07-26T15:24:19.056145+00:00,172.2917069,172.4397774,172.1894858,172.337529,5956,synthetic
8314,2025-07-26T15:24:19.056145+00:00,2025-07-27T15:24:19.056145+00:00,172.337529,172.4428616,171.5688159,171.6737428,5963,synthetic
8314,2025-07-27T15:24:19.056145+00:00,2025-07-28T15:24:19.056145+00:00,171.6737428,171.8332013,171.0602346,171.219271,5970,synthetic
8314,2025-07-28T15:24:19.056145+00:00,2025-07-29T15:24:19.056145+00:00,171.219271,171.2366104,170.618955,170.6362354,5977,synthetic
8314,2025-07-29T15:24:19.056145+00:00,2025-07-30T15:24:19.056145+00:00,170.6362354,170.804217,170.0651497,170.2327341,5984,synthetic
8314,2025-07-30T15:24:19.056145+00:00,2025-07-31T15:24:19.056145+00:00,170.2327341,171.1474463,170.1579711,171.0723145,5991,synthetic
8314,2025-07-31T15:24:19.056145+00:00,2025-08-01T15:24:19.056145+00:00,171.0723145,172.5043227,170.9451503,172.3761893,5998,synthetic
8314,2025-08-01T15:24:19.056145+00:00,2025-08-02T15:24:19.056145+00:00,172.3761893,172.5653528,172.2301407,172.4192677,6005,synthetic
8314,2025-08-02T15:24:19.056145+00:00,2025-08-03T15:24:19.056145+00:00,172.4192677,172.4672335,171.4951934,171.5429155,6012,synthetic
8314,2025-08-03T15:24:19.056145+00:00,2025-08-04T15:24:19.056145+00:00,171.5429155,171.7144572,170.8309833,171.001984,6019,synthetic
8314,2025-08-04T15:24:19.056145+00:00,2025-08-05T15:24:19.056145+00:00,171.001984,171.0482904,170.5937501,170.6399585,6026,synthetic
8314,2025-08-05T15:24:19.056145+00:00,2025-08-06T15:24:19.056145+00:00,170.6399585,170.7852292,170.2363358,170.3813863,6033,synthetic
8314,2025-08-06T15:24:19.056145+00:00,2025-08-07T15:24:19.056145+00:00,170.3813863,171.2649186,170.2556164,171.1385897,6040,synthetic
8314,2025-08-07T15:24:19.056145+00:00,2025-08-08T15:24:19.056145+00:00,171.1385897,172.4982604,171.0622481,172.4213466,6047,synthetic
8314,2025-08-08T15:24:19.056145+00:00,2025-08-09T15:24:19.056145+00:00,172.4213466,172.6475198,172.2518457,172.4779633,6054,synthetic
8314,2025-08-09T15:24:19.056145+00:00,2025-08-10T15:24:19.056145+00:00,172.4779633,172.4941093,171.4146826,171.4307307,6061,synthetic
8314,2025-08-10T15:24:19.056145+00:00,2025-08-11T15:24:19.056145+00:00,171.4307307,171.5904474,170.6276068,170.7867235,6068,synthetic
8314,2025-08-11T15:24:19.056145+00:00,2025-08-12T15:24:19.056145+00:00,170.7867235,170.8900652,170.5326699,170.6359203,6075,synthetic
8314,2025-08-12T15:24:19.056145+00:00,2025-08-13T15:24:19.056145+00:00,170.6359203,170.7382129,170.456984,170.5592307,6082,synthetic
8314,2025-08-13T15:24:19.056145+00:00,2025-08-14T15:24:19.056145+00:00,170.5592307,171.3850144,170.3998941,171.2250558,6089,synthetic
8314,2025-08-14T15:24:19.056145+00:00,2025-08-15T15:24:19.056145+00:00,171.2250558,172.444482,171.210226,172.4295479,6096,synthetic
8314,2025-08-15T15:24:19.056145+00:00,2025-08-16T15:24:19.056145+00:00,172.4295479,172.6756167,172.2602653,172.5062588,6103,synthetic
8314,2025-08-16T15:24:19.056145+00:00,2025-08-17T15:24:19.056145+00:00,172.5062588,172.5842941,171.2607954,171.3383024,6110,synthetic
8314,2025-08-17T15:24:19.056145+00:00,2025-08-18T15:24:19.056145+00:00,171.3383024,171.4639629,170.4588975,170.5840048,6117,synthetic
8314,2025-08-18T15:24:19.056145+00:00,2025-08-19T15:24:19.056145+00:00,170.5840048,170.7685971,170.4381562,170.6227153,6124,synthetic
8314,2025-08-19T15:24:19.056145+00:00,2025-08-20T15:24:19.056145+00:00,170.6227153,170.8020447,170.5776675,170.7569615,6131,synthetic
8314,2025-08-20T15:24:19.056145+00:00,2025-08-21T15:24:19.056145+00:00,170.7569615,171.505151,170.5862146,171.3338273,6138,synthetic
8314,2025-08-21T15:24:19.056145+00:00,2025-08-22T15:24:19.056145+00:00,171.3338273,172.4545358,171.2850075,172.4054106,6145,synthetic
8314,2025-08-22T15:24:19.056145+00:00,2025-08-23T15:24:19.056145+00:00,172.4054106,172.6437508,172.2599848,172.4982466,6152,synthetic
8314,2025-08-23T15:24:19.056145+00:00,2025-08-24T15:24:19.056145+00:00,172.4982466,172.6272789,171.136373,171.2644824,6159,synthetic
8314,2025-08-24T15:24:19.056145+00:00,2025-08-25T15:24:19.056145+00:00,171.2644824,171.3386148,170.330144,170.403904,6166,synthetic
8314,2025-08-25T15:24:19.056145+00:00,2025-08-26T15:24:19.056145+00:00,170.403904,170.7692398,170.2359447,170.6010861,6173,synthetic
8314,2025-08-26T15:24:19.056145+00:00,2025-08-27T15:24:19.056145+00:00,170.6010861,170.9829198,170.5826165,170.9644108,6180,synthetic
8314,2025-08-27T15:24:19.056145+00:00,2025-08-28T15:24:19.056145+00:00,170.9644108,171.6236291,170.8060604,171.4648152,6187,synthetic
8314,2025-08-28T15:24:19.056145+00:00,2025-08-29T15:24:19.056145+00:00,171.4648152,172.4615893,171.3590644,172.3552893,6194,synthetic
8314,2025-08-29T15:24:19.056145+00:00,2025-08-30T15:24:19.056145+00:00,172.3552893,172.5513961,172.2540084,172.4500595,6201,synthetic
8314,2025-08-30T15:24:19.056145+00:00,2025-08-31T15:24:19.056145+00:00,172.4500595,172.6120509,171.0453109,171.2061338,6208,synthetic
8314,2025-08-31T15:24:19.056145+00:00,2025-09-01T15:24:19.056145+00:00,171.2061338,171.2184489,170.2430534,170.2553001,6215,synthetic
8314,2025-09-01T15:24:19.056145+00:00,2025-09-02T15:24:19.056145+00:00,170.2553001,170.7408291,170.0886471,170.5738642,6222,synthetic
8314,2025-09-02T15:24:19.056145+00:00,2025-09-03T15:24:19.056145+00:00,170.5738642,171.2509956,170.4944715,171.1713247,6229,synthetic
8314,2025-09-03T15:24:19.056145+00:00,2025-09-04T15:24:19.056145+00:00,171.1713247,171.7396921,171.0475136,171.6155597,6236,synthetic
8314,2025-09-04T15:24:19.056145+00:00,2025-09-05T15:24:19.056145+00:00,171.6155597,172.435233,171.4675344,172.2866289,6243,synthetic
8314,2025-09-05T15:24:19.056145+00:00,2025-09-06T15:24:19.056145+00:00,172.2866289,172.4033551,172.2435936,172.3603014,6250,synthetic
8314,2025-09-06T15:24:19.056145+00:00,2025-09-07T15:24:19.056145+00:00,172.3603014,172.5326052,170.9874869,171.1585894,6257,synthetic
8314,2025-09-07T15:24:19.056145+00:00,2025-09-08T15:24:19.056145+00:00,171.1585894,171.2097697,170.0943323,170.1452097,6264,synthetic
8314,2025-09-08T15:24:19.056145+00:00,2025-09-09T15:24:19.056145+00:00,170.1452097,170.6881926,170.0030515,170.5456998,6271,synthetic
8314,2025-09-09T15:24:19.056145+00:00,2025-09-10T15:24:19.056145+00:00,170.5456998,171.4979803,170.4164753,171.3681326,6278,synthetic
8314,2025-09-10T15:24:19.056145+00:00,2025-09-11T15:24:19.056145+00:00,171.3681326,171.8533514,171.296238,171.7812835,6285,synthetic
8314,2025-09-11T15:24:19.056145+00:00,2025-09-12T15:24:19.056145+00:00,171.7812835,172.3773894,171.611558,172.2072431,6292,synthetic
8314,2025-09-12T15:24:19.056145+00:00,2025-09-13T15:24:19.056145+00:00,172.2072431,172.251441,172.1860808,172.2302758,6299,synthetic
8314,2025-09-13T15:24:19.056145+00:00,2025-09-14T15:24:19.056145+00:00,172.2302758,172.3888254,170.9587258,171.1162498,6306,synthetic
8314,2025-09-14T15:24:19.056145+00:00,2025-09-15T15:24:19.056145+00:00,171.1162498,171.2237575,169.9714148,170.0782704,6313,synthetic
8314,2025-09-15T15:24:19.056145+00:00,2025-09-16T15:24:19.056145+00:00,170.0782704,170.6207658,169.9803647,170.5226043,6320,synthetic
8314,2025-09-16T15:24:19.056145+00:00,2025-09-17T15:24:19.056145+00:00,170.5226043,171.7086359,170.3615797,171.5466443,6327,synthetic
8314,2025-09-17T15:24:19.056145+00:00,2025-09-18T15:24:19.056145+00:00,171.5466443,171.9650043,171.5368255,171.955162,6334,synthetic
8314,2025-09-18T15:24:19.056145+00:00,2025-09-19T15:24:19.056145+00:00,171.955162,172.2925288,171.7873814,172.1245828,6341,synthetic
8314,2025-09-19T15:24:19.056145+00:00,2025-09-20T15:24:19.056145+00:00,172.1245828,172.2069319,171.981671,172.0639911,6348,synthetic
8314,2025-09-20T15:24:19.056145+00:00,2025-09-21T15:24:19.056145+00:00,172.0639911,172.1866848,170.9512776,171.0732649,6355,synthetic
8314,2025-09-21T15:24:19.056145+00:00,2025-09-22T15:24:19.056145+00:00,171.0732649,171.2220811,169.9084884,170.0564199,6362,synthetic
8314,2025-09-22T15:24:19.056145+00:00,2025-09-23T15:24:19.056145+00:00,170.0564199,170.5515036,170.016371,170.5113475,6369,synthetic
8314,2025-09-23T15:24:19.056145+00:00,2025-09-24T15:24:19.056145+00:00,170.5113475,171.872175,170.3409748,171.700614,6376,synthetic
8314,2025-09-24T15:24:19.056145+00:00,2025-09-25T15:24:19.056145+00:00,171.700614,172.1826748,171.6468646,172.1287913,6383,synthetic
8314,2025-09-25T15:24:19.056145+00:00,2025-09-26T15:24:19.056145+00:00,172.1287913,172.2711986,171.9027231,172.045061,6390,synthetic
8314,2025-09-26T15:24:19.056145+00:00,2025-09-27T15:24:19.056145+00:00,172.045061,172.1770607,171.7360749,171.8679387,6397,synthetic
8314,2025-09-27T15:24:19.056145+00:00,2025-09-28T15:24:19.056145+00:00,171.8679387,171.9377379,170.9547767,171.0242333,6404,synthetic
8314,2025-09-28T15:24:19.056145+00:00,2025-09-29T15:24:19.056145+00:00,171.0242333,171.1935809,169.9103838,170.0787952,6411,synthetic
8314,2025-09-29T15:24:19.056145+00:00,2025-09-30T15:24:19.056145+00:00,170.0787952,170.5422089,170.0554114,170.5187645,6418,synthetic
8314,2025-09-30T15:24:19.056145+00:00,2025-10-01T15:24:19.056145+00:00,170.5187645,171.9832966,170.3627882,171.8261244,6425,synthetic
8314,2025-10-01T15:24:19.056145+00:00,2025-10-02T15:24:19.056145+00:00,171.8261244,172.4030211,171.7162141,172.2928122,6432,synthetic
8314,2025-10-02T15:24:19.056145+00:00,2025-10-03T15:24:19.056145+00:00,172.2928122,172.3899074,171.8765799,171.9734952,6439,synthetic
8314,2025-10-03T15:24:19.056145+00:00,2025-10-04T15:24:19.056145+00:00,171.9734952,172.1367056,171.4877591,171.6506631,6446,synthetic
8314,2025-10-04T15:24:19.056145+00:00,2025-10-05T15:24:19.056145+00:00,171.6506631,171.6579634,170.9575839,170.9648552,6453,synthetic
8314,2025-10-05T15:24:19.056145+00:00,2025-10-06T15:24:19.056145+00:00,170.9648552,171.1311001,169.9764165,170.1418612,6460,synthetic
8314,2025-10-06T15:24:19.056145+00:00,2025-10-07T15:24:19.056145+00:00,170.1418612,170.6348296,170.0582696,170.551037,6467,synthetic
8314,2025-10-07T15:24:19.056145+00:00,2025-10-08T15:24:19.056145+00:00,170.551037,172.042564,170.4311959,171.9217598,6474,synthetic
8314,2025-10-08T15:24:19.056145+00:00,2025-10-09T15:24:19.056145+00:00,171.9217598,172.5888772,171.7709731,172.4376381,6481,synthetic
8314,2025-10-09T15:24:19.056145+00:00,2025-10-10T15:24:19.056145+00:00,172.4376381,172.4757758,171.874695,171.9127166,6488,synthetic
8314,2025-10-10T15:24:19.056145+00:00,2025-10-11T15:24:19.056145+00:00,171.9127166,172.0843688,171.2509954,171.4221578,6495,synthetic
8314,2025-10-11T15:24:19.056145+00:00,2025-10-12T15:24:19.056145+00:00,171.4221578,171.4782115,170.8365949,170.8924754,6502,synthetic
8314,2025-10-12T15:24:19.056145+00:00,2025-10-13T15:24:19.056145+00:00,170.8924754,171.032431,170.1003345,170.2397556,6509,synthetic
8314,2025-10-13T15:24:19.056145+00:00,2025-10-14T15:24:19.056145+00:00,170.2397556,170.7455118,170.1075475,170.6130138,6516,synthetic
8314,2025-10-14T15:24:19.056145+00:00,2025-10-15T15:24:19.056145+00:00,170.6130138,172.056081,170.5460274,171.9885545,6523,synthetic
8314,2025-10-15T15:24:19.056145+00:00,2025-10-16T15:24:19.056145+00:00,171.9885545,172.7254225,171.8179168,172.5542236,6530,synthetic
8314,2025-10-16T15:24:19.056145+00:00,2025-10-17T15:24:19.056145+00:00,172.5542236,172.5804619,171.8372474,171.8633807,6537,synthetic
8314,2025-10-17T15:24:19.056145+00:00,2025-10-18T15:24:19.056145+00:00,171.8633807,172.0195472,171.0375826,171.1931401,6544,synthetic
8314,2025-10-18T15:24:19.056145+00:00,2025-10-19T15:24:19.056145+00:00,171.1931401,171.3045713,170.6952873,170.8064668,6551,synthetic
8314,2025-10-19T15:24:19.056145+00:00,2025-10-20T15:24:19.056145+00:00,170.8064668,170.9006364,170.2708934,170.3648195,6558,synthetic
8314,2025-10-20T15:24:19.056145+00:00,2025-10-21T15:24:19.056145+00:00,170.3648195,170.8704195,170.2023628,170.7076359,6565,synthetic
8314,2025-10-21T15:24:19.056145+00:00,2025-10-22T15:24:19.056145+00:00,170.7076359,172.0345118,170.7028878,172.0297268,6572,synthetic
8314,2025-10-22T15:24:19.056145+00:00,2025-10-23T15:24:19.056145+00:00,172.0297268,172.8020621,171.8630556,172.6348047,6579,synthetic
8314,2025-10-23T15:24:19.056145+00:00,2025-10-24T15:24:19.056145+00:00,172.6348047,172.7218259,171.7373829,171.8239955,6586,synthetic
8314,2025-10-24T15:24:19.056145+00:00,2025-10-25T15:24:19.056145+00:00,171.8239955,171.9429178,170.8559311,170.9742653,6593,synthetic
8314,2025-10-25T15:24:19.056145+00:00,2025-10-26T15:24:19.056145+00:00,170.9742653,171.125414,170.5575012,170.7084149,6600,synthetic
8314,2025-10-26T15:24:19.056145+00:00,2025-10-27T15:24:19.056145+00:00,170.7084149,170.7437147,170.4730059,170.5082643,6607,synthetic
8314,2025-10-27T15:24:19.056145+00:00,2025-10-28T15:24:19.056145+00:00,170.5082643,171.005938,170.338171,170.8355182,6614,synthetic
8314,2025-10-28T15:24:19.056145+00:00,2025-10-29T15:24:19.056145+00:00,170.8355182,172.1088701,170.7772851,172.050223,6621,synthetic
8314,2025-10-29T15:24:19.056145+00:00,2025-10-30T15:24:19.056145+00:00,172.050223,172.8134876,171.9107882,172.6735477,6628,synthetic
8314,2025-10-30T15:24:19.056145+00:00,2025-10-31T15:24:19.056145+00:00,172.6735477,172.8092331,171.6561702,171.7911623,6635,synthetic
8314,2025-10-31T15:24:19.056145+00:00,2025-11-01T15:24:19.056145+00:00,171.7911623,171.8562775,170.7106188,170.775349,6642,synthetic
8314,2025-11-01T15:24:19.056145+00:00,2025-11-02T15:24:19.056145+00:00,170.775349,170.9450792,170.4325284,170.6020864,6649,synthetic
8314,2025-11-02T15:24:19.056145+00:00,2025-11-03T15:24:19.056145+00:00,170.6020864,170.6893486,170.5736649,170.6609173,6656,synthetic
8314,2025-11-03T15:24:19.056145+00:00,2025-11-04T15:24:19.056145+00:00,170.6609173,171.1490388,170.5069093,170.9947296,6663,synthetic
8314,2025-11-04T15:24:19.056145+00:00,2025-11-05T15:24:19.056145+00:00,170.9947296,172.1700207,170.8815282,172.0561166,6670,synthetic
8314,2025-11-05T15:24:19.056145+00:00,2025-11-06T15:24:19.056145+00:00,172.0561166,172.7601114,171.9633821,172.6670475,6677,synthetic
8314,2025-11-06T15:24:19.056145+00:00,2025-11-07T15:24:19.056145+00:00,172.6670475,172.8324474,171.5954754,171.7600063,6684,synthetic
8314,2025-11-07T15:24:19.056145+00:00,2025-11-08T15:24:19.056145+00:00,171.7600063,171.7622551,170.6024297,170.6046633,6691,synthetic
8314,2025-11-08T15:24:19.056145+00:00,2025-11-09T15:24:19.056145+00:00,170.6046633,170.7693138,170.3286394,170.4931823,6698,synthetic
8314,2025-11-09T15:24:19.056145+00:00,2025-11-10T15:24:19.056145+00:00,170.4931823,170.9022444,170.4050817,170.8139781,6705,synthetic
8314,2025-11-10T15:24:19.056145+00:00,2025-11-11T15:24:19.056145+00:00,170.8139781,171.2974392,170.6975831,171.1807943,6712,synthetic
8314,2025-11-11T15:24:19.056145+00:00,2025-11-12T15:24:19.056145+00:00,171.1807943,172.2071916,171.0283013,172.0539208,6719,synthetic
8314,2025-11-12T15:24:19.056145+00:00,2025-11-13T15:24:19.056145+00:00,172.0539208,172.6478358,172.0208253,172.6146325,6726,synthetic
8314,2025-11-13T15:24:19.056145+00:00,2025-11-14T15:24:19.056145+00:00,172.6146325,172.7866312,171.5536441,171.7247561,6733,synthetic
8314,2025-11-14T15:24:19.056145+00:00,2025-11-15T15:24:19.056145+00:00,171.7247561,171.785663,170.4079061,170.4683674,6740,synthetic
8314,2025-11-15T15:24:19.056145+00:00,2025-11-16T15:24:19.056145+00:00,170.4683674,170.6050347,170.2522914,170.388895,6747,synthetic
8314,2025-11-16T15:24:19.056145+00:00,2025-11-17T15:24:19.056145+00:00,170.388895,171.0956019,170.2534676,170.9597208,6754,synthetic
8314,2025-11-17T15:24:19.056145+00:00,2025-11-18T15:24:19.056145+00:00,170.9597208,171.4495353,170.8972573,171.3869156,6761,synthetic
8314,2025-11-18T15:24:19.056145+00:00,2025-11-19T15:24:19.056145+00:00,171.3869156,172.2211333,171.2163173,172.049875,6768,synthetic
8314,2025-11-19T15:24:19.056145+00:00,2025-11-20T15:24:19.056145+00:00,172.049875,172.5496893,172.0187174,172.5184469,6775,synthetic
8314,2025-11-20T15:24:19.056145+00:00,2025-11-21T15:24:19.056145+00:00,172.5184469,172.6730198,171.5255951,171.6794162,6782,synthetic
8314,2025-11-21T15:24:19.056145+00:00,2025-11-22T15:24:19.056145+00:00,171.6794162,171.7949532,170.2554637,170.3701196,6789,synthetic
8314,2025-11-22T15:24:19.056145+00:00,2025-11-23T15:24:19.056145+00:00,170.3701196,170.4598224,170.2076449,170.2973094,6796,synthetic
8314,2025-11-23T15:24:19.056145+00:00,2025-11-24T15:24:19.056145+00:00,170.2973094,171.2566753,170.1334774,171.0920787,6803,synthetic
8314,2025-11-24T15:24:19.056145+00:00,2025-11-25T15:24:19.056145+00:00,171.0920787,171.6046881,171.0917994,171.604408,6810,synthetic
8314,2025-11-25T15:24:19.056145+00:00,2025-11-26T15:24:19.056145+00:00,171.604408,172.2146396,171.4394723,172.0492763,6817,synthetic
8314,2025-11-26T15:24:19.056145+00:00,2025-11-27T15:24:19.056145+00:00,172.0492763,172.4745459,171.9582124,172.3833052,6824,synthetic
8314,2025-11-27T15:24:19.056145+00:00,2025-11-28T15:24:19.056145+00:00,172.3833052,172.4988991,171.5033909,171.6184719,6831,synthetic
8314,2025-11-28T15:24:19.056145+00:00,2025-11-29T15:24:19.056145+00:00,171.6184719,171.7724863,170.1580633,170.3109043,6838,synthetic
8314,2025-11-29T15:24:19.056145+00:00,2025-11-30T15:24:19.056145+00:00,170.3109043,170.3412,170.1964188,170.2266996,6845,synthetic
8314,2025-11-30T15:24:19.056145+00:00,2025-12-01T15:24:19.056145+00:00,170.2266996,171.3774273,170.0573102,171.2070624,6852,synthetic
8314,2025-12-01T15:24:19.056145+00:00,2025-12-02T15:24:19.056145+00:00,171.2070624,171.8865997,171.1439886,171.8232989,6859,synthetic
8314,2025-12-02T15:24:19.056145+00:00,2025-12-03T15:24:19.056145+00:00,171.8232989,172.192325,171.6870725,172.0559141,6866,synthetic
8314,2025-12-03T15:24:19.056145+00:00,2025-12-04T15:24:19.056145+00:00,172.0559141,172.3547323,171.9176391,172.2163283,6873,synthetic
8314,2025-12-04T15:24:19.056145+00:00,2025-12-05T15:24:19.056145+00:00,172.2163283,172.2768837,171.4772404,171.5375571,6880,synthetic
8314,2025-12-05T15:24:19.056145+00:00,2025-12-06T15:24:19.056145+00:00,171.5375571,171.7085289,170.1193574,170.2890849,6887,synthetic
8314,2025-12-06T15:24:19.056145+00:00,2025-12-07T15:24:19.056145+00:00,170.2890849,170.3223862,170.1515041,170.1847851,6894,synthetic
8314,2025-12-07T15:24:19.056145+00:00,2025-12-08T15:24:19.056145+00:00,170.1847851,171.4553227,170.0334325,171.3029757,6901,synthetic
8314,2025-12-08T15:24:19.056145+00:00,2025-12-09T15:24:19.056145+00:00,171.3029757,172.1506883,171.1858388,172.0330522,6908,synthetic
8314,2025-12-09T15:24:19.056145+00:00,2025-12-10T15:24:19.056145+00:00,172.0330522,172.1600971,171.9446372,172.0716622,6915,synthetic
8314,2025-12-10T15:24:19.056145+00:00,2025-12-11T15:24:19.056145+00:00,172.0716622,172.2378748,171.8602261,172.0263949,6922,synthetic
8314,2025-12-11T15:24:19.056145+00:00,2025-12-12T15:24:19.056145+00:00,172.0263949,172.0292087,171.4312207,171.4340248,6929,synthetic
8314,2025-12-12T15:24:19.056145+00:00,2025-12-13T15:24:19.056145+00:00,171.4340248,171.5980819,170.1377041,170.3006767,6936,synthetic
8314,2025-12-13T15:24:19.056145+00:00,2025-12-14T15:24:19.056145+00:00,170.3006767,170.3929329,170.0858228,170.1780125,6943,synthetic
8314,2025-12-14T15:24:19.056145+00:00,2025-12-15T15:24:19.056145+00:00,170.1780125,171.4934483,170.0657687,171.3804115,6950,synthetic
8314,2025-12-15T15:24:19.056145+00:00,2025-12-16T15:24:19.056145+00:00,171.3804115,172.379009,171.225514,172.2233497,6957,synthetic
8314,2025-12-16T15:24:19.056145+00:00,2025-12-17T15:24:19.056145+00:00,172.2233497,172.2514868,172.0681498,172.0962661,6964,synthetic
8314,2025-12-17T15:24:19.056145+00:00,2025-12-18T15:24:19.056145+00:00,172.0962661,172.2672462,171.6527455,171.8234545,6971,synthetic
8314,2025-12-18T15:24:19.056145+00:00,2025-12-19T15:24:19.056145+00:00,171.8234545,171.8891007,171.2419145,171.3073634,6978,synthetic
8314,2025-12-19T15:24:19.056145+00:00,2025-12-20T15:24:19.056145+00:00,171.3073634,171.4416288,170.2063049,170.3398119,6985,synthetic
8314,2025-12-20T15:24:19.056145+00:00,2025-12-21T15:24:19.056145+00:00,170.3398119,170.4781855,170.0726592,170.2109281,6992,synthetic
8314,2025-12-21T15:24:19.056145+00:00,2025-12-22T15:24:19.056145+00:00,170.2109281,171.4999459,170.1534306,171.4420326,6999,synthetic
8314,2025-12-22T15:24:19.056145+00:00,2025-12-23T15:24:19.056145+00:00,171.4420326,172.5568669,171.2709696,172.3848633,7006,synthetic
8314,2025-12-23T15:24:19.056145+00:00,2025-12-24T15:24:19.056145+00:00,172.3848633,172.4210601,172.0912019,172.1273447,7013,synthetic
8314,2025-12-24T15:24:19.056145+00:00,2025-12-25T15:24:19.056145+00:00,172.1273447,172.2792493,171.4663073,171.6177622,7020,synthetic
8314,2025-12-25T15:24:19.056145+00:00,2025-12-26T15:24:19.056145+00:00,171.6177622,171.7369455,171.0405556,171.1594206,7027,synthetic
8314,2025-12-26T15:24:19.056145+00:00,2025-12-27T15:24:19.056145+00:00,171.1594206,171.2452151,170.3139408,170.3993543,7034,synthetic
8314,2025-12-27T15:24:19.056145+00:00,2025-12-28T15:24:19.056145+00:00,170.3993543,170.5645828,170.1205798,170.2856981,7041,synthetic
8314,2025-12-28T15:24:19.056145+00:00,2025-12-29T15:24:19.056145+00:00,170.2856981,171.497488,170.280406,171.4921585,7048,synthetic
8314,2025-12-29T15:24:19.056145+00:00,2025-12-30T15:24:19.056145+00:00,171.4921585,172.6742851,171.3287962,172.5099533,7055,synthetic
8314,2025-12-30T15:24:19.056145+00:00,2025-12-31T15:24:19.056145+00:00,172.5099533,172.6055314,172.0652229,172.1606073,7062,synthetic
8314,2025-12-31T15:24:19.056145+00:00,2026-01-01T15:24:19.056145+00:00,172.1606073,172.272241,171.3079487,171.4191016,7069,synthetic
8314,2026-01-01T15:24:19.056145+00:00,2026-01-02T15:24:19.056145+00:00,171.4191016,171.5750973,170.8387997,170.9944089,7076,synthetic
8314,2026-01-02T15:24:19.056145+00:00,2026-01-03T15:24:19.056145+00:00,170.9944089,171.0198582,170.4462337,170.4716051,7083,synthetic
8314,2026-01-03T15:24:19.056145+00:00,2026-01-04T15:24:19.056145+00:00,170.4716051,170.6406673,170.2328289,170.4018219,7090,synthetic
8314,2026-01-04T15:24:19.056145+00:00,2026-01-05T15:24:19.056145+00:00,170.4018219,171.6040631,170.3344072,171.5361997,7097,synthetic
8314,2026-01-05T15:24:19.056145+00:00,2026-01-06T15:24:19.056145+00:00,171.5361997,172.7269104,171.4033382,172.5932303,7104,synthetic
8314,2026-01-06T15:24:19.056145+00:00,2026-01-07T15:24:19.056145+00:00,172.5932303,172.7349013,172.0489262,172.1902664,7111,synthetic
8314,2026-01-07T15:24:19.056145+00:00,2026-01-08T15:24:19.056145+00:00,172.1902664,172.2460398,171.1805989,171.2360632,7118,synthetic
8314,2026-01-08T15:24:19.056145+00:00,2026-01-09T15:24:19.056145+00:00,171.2360632,171.4070697,170.6481021,170.8186917,7125,synthetic
8314,2026-01-09T15:24:19.056145+00:00,2026-01-10T15:24:19.056145+00:00,170.8186917,170.857015,170.5107747,170.5490374,7132,synthetic
8314,2026-01-10T15:24:19.056145+00:00,2026-01-11T15:24:19.056145+00:00,170.5490374,170.7053853,170.399723,170.5560647,7139,synthetic
8314,2026-01-11T15:24:19.056145+00:00,2026-01-12T15:24:19.056145+00:00,170.5560647,171.7009542,170.4358245,171.5799922,7146,synthetic
8314,2026-01-12T15:24:19.056145+00:00,2026-01-13T15:24:19.056145+00:00,171.5799922,172.7162568,171.4961823,172.6319331,7153,synthetic
8314,2026-01-13T15:24:19.056145+00:00,2026-01-14T15:24:19.056145+00:00,172.6319331,172.7999297,172.0420219,172.2096075,7160,synthetic
8314,2026-01-14T15:24:19.056145+00:00,2026-01-15T15:24:19.056145+00:00,172.2096075,172.2174933,171.0676063,171.0754401,7167,synthetic
8314,2026-01-15T15:24:19.056145+00:00,2026-01-16T15:24:19.056145+00:00,171.0754401,171.2376213,170.4785957,170.6403644,7174,synthetic
8314,2026-01-16T15:24:19.056145+00:00,2026-01-17T15:24:19.056145+00:00,170.6403644,170.7369881,170.5283756,170.6249906,7181,synthetic
8314,2026-01-17T15:24:19.056145+00:00,2026-01-18T15:24:19.056145+00:00,170.6249906,170.8514059,170.5162772,170.7426176,7188,synthetic
8314,2026-01-18T15:24:19.056145+00:00,2026-01-19T15:24:19.056145+00:00,170.7426176,171.7863144,170.5862121,171.6290969,7195,synthetic
8314,2026-01-19T15:24:19.056145+00:00,2026-01-20T15:24:19.056145+00:00,171.6290969,172.649268,171.606055,172.6260922,7202,synthetic
8314,2026-01-20T15:24:19.056145+00:00,2026-01-21T15:24:19.056145+00:00,172.6260922,172.7969464,172.0412219,172.2116658,7209,synthetic
8314,2026-01-21T15:24:19.056145+00:00,2026-01-22T15:24:19.056145+00:00,172.2116658,172.282118,170.8718591,170.9417918,7216,synthetic
8314,2026-01-22T15:24:19.056145+00:00,2026-01-23T15:24:19.056145+00:00,170.9417918,171.0725865,170.3382336,170.4686662,7223,synthetic
8314,2026-01-23T15:24:19.056145+00:00,2026-01-24T15:24:19.056145+00:00,170.4686662,170.835796,170.3273206,170.6942634,7230,synthetic
8314,2026-01-24T15:24:19.056145+00:00,2026-01-25T15:24:19.056145+00:00,170.6942634,171.0064599,170.6413584,170.9534746,7237,synthetic
8314,2026-01-25T15:24:19.056145+00:00,2026-01-26T15:24:19.056145+00:00,170.9534746,171.8596985,170.7826386,171.6881282,7244,synthetic
8314,2026-01-26T15:24:19.056145+00:00,2026-01-27T15:24:19.056145+00:00,171.6881282,172.6196536,171.6471505,172.5784634,7251,synthetic
8314,2026-01-27T15:24:19.056145+00:00,2026-01-28T15:24:19.056145+00:00,172.5784634,172.7283103,172.0404367,172.1899462,7258,synthetic
8314,2026-01-28T15:24:19.056145+00:00,2026-01-29T15:24:19.056145+00:00,172.1899462,172.3131232,170.7150041,170.8372134,7265,synthetic
8314,2026-01-29T15:24:19.056145+00:00,2026-01-30T15:24:19.056145+00:00,170.8372134,170.9184564,170.2322788,170.3132726,7272,synthetic
8314,2026-01-30T15:24:19.056145+00:00,2026-01-31T15:24:19.056145+00:00,170.3132726,170.9202813,170.1469731,170.7535519,7279,synthetic
8314,2026-01-31T15:24:19.056145+00:00,2026-02-01T15:24:19.056145+00:00,170.7535519,171.1893489,170.743222,171.1789933,7286,synthetic
8314,2026-02-01T15:24:19.056145+00:00,2026-02-02T15:24:19.056145+00:00,171.1789933,171.9221847,171.0175337,171.7601768,7293,synthetic
8314,2026-02-02T15:24:19.056145+00:00,2026-02-03T15:24:19.056145+00:00,171.7601768,172.5939961,171.660845,172.4942398,7300,synthetic
8314,2026-02-03T15:24:19.056145+00:00,2026-02-04T15:24:19.056145+00:00,172.4942398,172.6021746,172.0314077,172.1391203,7307,synthetic
8314,2026-02-04T15:24:19.056145+00:00,2026-02-05T15:24:19.056145+00:00,172.1391203,172.2978046,170.6039119,170.7613261,7314,synthetic
8314,2026-02-05T15:24:19.056145+00:00,2026-02-06T15:24:19.056145+00:00,170.7613261,170.7817574,170.1631683,170.1835305,7321,synthetic
8314,2026-02-06T15:24:19.056145+00:00,2026-02-07T15:24:19.056145+00:00,170.1835305,170.9703641,170.0154702,170.8016934,7328,synthetic
8314,2026-02-07T15:24:19.056145+00:00,2026-02-08T15:24:19.056145+00:00,170.8016934,171.481012,170.7295307,171.4085929,7335,synthetic
8314,2026-02-08T15:24:19.056145+00:00,2026-02-09T15:24:19.056145+00:00,171.4085929,171.9762235,171.2790804,171.8463802,7342,synthetic
8314,2026-02-09T15:24:19.056145+00:00,2026-02-10T15:24:19.056145+00:00,171.8463802,172.5249032,171.7024932,172.3805689,7349,synthetic
8314,2026-02-10T15:24:19.056145+00:00,2026-02-11T15:24:19.056145+00:00,172.3805689,172.4315775,172.0047247,172.0556371,7356,synthetic
8314,2026-02-11T15:24:19.056145+00:00,2026-02-12T15:24:19.056145+00:00,172.0556371,172.2276498,170.540819,170.7114879,7363,synthetic
8314,2026-02-12T15:24:19.056145+00:00,2026-02-13T15:24:19.056145+00:00,170.7114879,170.7546691,170.044678,170.0877015,7370,synthetic
8314,2026-02-13T15:24:19.056145+00:00,2026-02-14T15:24:19.056145+00:00,170.0877015,170.9867689,169.9412757,170.8396958,7377,synthetic
8314,2026-02-14T15:24:19.056145+00:00,2026-02-15T15:24:19.056145+00:00,170.8396958,171.7560599,170.7157402,171.6315297,7384,synthetic
8314,2026-02-15T15:24:19.056145+00:00,2026-02-16T15:24:19.056145+00:00,171.6315297,172.0252173,171.552141,171.9456832,7391,synthetic
8314,2026-02-16T15:24:19.056145+00:00,2026-02-17T15:24:19.056145+00:00,171.9456832,172.4146343,171.7772616,172.2459186,7398,synthetic
8314,2026-02-17T15:24:19.056145+00:00,2026-02-18T15:24:19.056145+00:00,172.2459186,172.2588692,171.9252605,171.938188,7405,synthetic
8314,2026-02-18T15:24:19.056145+00:00,2026-02-19T15:24:19.056145+00:00,171.938188,172.0995052,170.5230622,170.6832019,7412,synthetic
8314,2026-02-19T15:24:19.056145+00:00,2026-02-20T15:24:19.056145+00:00,170.6832019,170.7839505,169.9319173,170.0322817,7419,synthetic
8314,2026-02-20T15:24:19.056145+00:00,2026-02-21T15:24:19.056145+00:00,170.0322817,170.9754951,169.9278519,170.8705505,7426,synthetic
8314,2026-02-21T15:24:19.056145+00:00,2026-02-22T15:24:19.056145+00:00,170.8705505,171.9970541,170.7120775,171.8376842,7433,synthetic
8314,2026-02-22T15:24:19.056145+00:00,2026-02-23T15:24:19.056145+00:00,171.8376842,172.0728806,171.8196384,172.054812,7440,synthetic
8314,2026-02-23T15:24:19.056145+00:00,2026-02-24T15:24:19.056145+00:00,172.054812,172.2688821,171.8853212,172.0993474,7447,synthetic
8314,2026-02-24T15:24:19.056145+00:00,2026-02-25T15:24:19.056145+00:00,172.0993474,172.1743473,171.7131197,171.7879839,7454,synthetic
8314,2026-02-25T15:24:19.056145+00:00,2026-02-26T15:24:19.056145+00:00,171.7879839,171.916112,170.5433874,170.6706822,7461,synthetic
8314,2026-02-26T15:24:19.056145+00:00,2026-02-27T15:24:19.056145+00:00,170.6706822,170.8149433,169.8777436,170.0214559,7468,synthetic
8314,2026-02-27T15:24:19.056145+00:00,2026-02-28T15:24:19.056145+00:00,170.0214559,170.947009,169.9735423,170.8988481,7475,synthetic
8314,2026-02-28T15:24:19.056145+00:00,2026-03-01T15:24:19.056145+00:00,170.8988481,172.1903033,170.7279542,172.01829,7482,synthetic
8314,2026-03-01T15:24:19.056145+00:00,2026-03-02T15:24:19.056145+00:00,172.01829,172.2144634,171.9723324,172.1684657,7489,synthetic
8314,2026-03-02T15:24:19.056145+00:00,2026-03-03T15:24:19.056145+00:00,172.1684657,172.3153768,171.8030217,171.9497462,7496,synthetic
8314,2026-03-03T15:24:19.056145+00:00,2026-03-04T15:24:19.056145+00:00,171.9497462,172.076236,171.4825756,171.6088147,7503,synthetic
8314,2026-03-04T15:24:19.056145+00:00,2026-03-05T15:24:19.056145+00:00,171.6088147,171.685944,170.5908176,170.6675239,7510,synthetic
8314,2026-03-05T15:24:19.056145+00:00,2026-03-06T15:24:19.056145+00:00,170.6675239,170.8351816,169.8896788,170.0567365,7517,synthetic
8314,2026-03-06T15:24:19.056145+00:00,2026-03-07T15:24:19.056145+00:00,170.0567365,170.9455934,170.0414549,170.9302333,7524,synthetic
8314,2026-03-07T15:24:19.056145+00:00,2026-03-08T15:24:19.056145+00:00,170.9302333,172.3271829,170.77075,172.1665461,7531,synthetic
8314,2026-03-08T15:24:19.056145+00:00,2026-03-09T15:24:19.056145+00:00,172.1665461,172.3834396,172.0628867,172.279712,7538,synthetic
8314,2026-03-09T15:24:19.056145+00:00,2026-03-10T15:24:19.056145+00:00,172.279712,172.3835087,171.701606,171.8051167,7545,synthetic
8314,2026-03-10T15:24:19.056145+00:00,2026-03-11T15:24:19.056145+00:00,171.8051167,171.9653852,171.2469877,171.4068846,7552,synthetic
8314,2026-03-11T15:24:19.056145+00:00,2026-03-12T15:24:19.056145+00:00,171.4068846,171.4223733,170.6519928,170.6674147,7559,synthetic
8314,2026-03-12T15:24:19.056145+00:00,2026-03-13T15:24:19.056145+00:00,170.6674147,170.8350883,169.9696651,170.1368174,7566,synthetic
8314,2026-03-13T15:24:19.056145+00:00,2026-03-14T15:24:19.056145+00:00,170.1368174,171.0475155,170.060426,170.9707497,7573,synthetic
8314,2026-03-14T15:24:19.056145+00:00,2026-03-15T15:24:19.056145+00:00,170.9707497,172.4048468,170.8449219,172.2780568,7580,synthetic
8314,2026-03-15T15:24:19.056145+00:00,2026-03-16T15:24:19.056145+00:00,172.2780568,172.5275965,172.1310974,172.3805496,7587,synthetic
8314,2026-03-16T15:24:19.056145+00:00,2026-03-17T15:24:19.056145+00:00,172.3805496,172.4266874,171.6260029,171.671951,7594,synthetic
8314,2026-03-17T15:24:19.056145+00:00,2026-03-18T15:24:19.056145+00:00,171.671951,171.8436187,171.0192474,171.1904335,7601,synthetic
8314,2026-03-18T15:24:19.056145+00:00,2026-03-19T15:24:19.056145+00:00,171.1904335,171.238594,170.616808,170.6648207,7608,synthetic
8314,2026-03-19T15:24:19.056145+00:00,2026-03-20T15:24:19.056145+00:00,170.6648207,170.8091227,170.1137005,170.2576582,7615,synthetic
8314,2026-03-20T15:24:19.056145+00:00,2026-03-21T15:24:19.056145+00:00,170.2576582,171.1536397,170.1307284,171.026137,7622,synthetic
8314,2026-03-21T15:24:19.056145+00:00,2026-03-22T15:24:19.056145+00:00,171.026137,172.4262531,170.9515275,172.3510656,7629,synthetic
8314,2026-03-22T15:24:19.056145+00:00,2026-03-23T15:24:19.056145+00:00,172.3510656,172.6324695,172.1812979,172.4625919,7636,synthetic
8314,2026-03-23T15:24:19.056145+00:00,2026-03-24T15:24:19.056145+00:00,172.4625919,172.4806172,171.5368355,171.5547659,7643,synthetic
8314,2026-03-24T15:24:19.056145+00:00,2026-03-25T15:24:19.056145+00:00,171.5547659,171.7139056,170.8105787,170.9691753,7650,synthetic
8314,2026-03-25T15:24:19.056145+00:00,2026-03-26T15:24:19.056145+00:00,170.9691753,171.0741127,170.550839,170.655584,7657,synthetic
8314,2026-03-26T15:24:19.056145+00:00,2026-03-27T15:24:19.056145+00:00,170.655584,170.7563854,170.3121315,170.4127896,7664,synthetic
8314,2026-03-27T15:24:19.056145+00:00,2026-03-28T15:24:19.056145+00:00,170.4127896,171.2616482,170.2529332,171.1011461,7671,synthetic
8314,2026-03-28T15:24:19.056145+00:00,2026-03-29T15:24:19.056145+00:00,171.1011461,172.3995114,171.0881958,172.3864638,7678,synthetic
8314,2026-03-29T15:24:19.056145+00:00,2026-03-30T15:24:19.056145+00:00,172.3864638,172.6868067,172.217593,172.5178072,7685,synthetic
8314,2026-03-30T15:24:19.056145+00:00,2026-03-31T15:24:19.056145+00:00,172.5178072,172.5975291,171.3766004,171.4558316,7692,synthetic
8314,2026-03-31T15:24:19.056145+00:00,2026-04-01T15:24:19.056145+00:00,171.4558316,171.5802935,170.6296494,170.7536015,7699,synthetic
8314,2026-04-01T15:24:19.056145+00:00,2026-04-02T15:24:19.056145+00:00,170.7536015,170.9005569,170.4905196,170.6373749,7706,synthetic
8314,2026-04-02T15:24:19.056145+00:00,2026-04-03T15:24:19.056145+00:00,170.6373749,170.6806203,170.5505813,170.5938156,7713,synthetic
8314,2026-04-03T15:24:19.056145+00:00,2026-04-04T15:24:19.056145+00:00,170.5938156,171.3700944,170.4232625,171.1989363,7720,synthetic
8314,2026-04-04T15:24:19.056145+00:00,2026-04-05T15:24:19.056145+00:00,171.1989363,172.4385036,171.1483595,172.3875757,7727,synthetic
8314,2026-04-05T15:24:19.056145+00:00,2026-04-06T15:24:19.056145+00:00,172.3875757,172.6837674,172.2431883,172.5392529,7734,synthetic
8314,2026-04-06T15:24:19.056145+00:00,2026-04-07T15:24:19.056145+00:00,172.5392529,172.6695629,171.2456862,171.375117,7741,synthetic
8314,2026-04-07T15:24:19.056145+00:00,2026-04-08T15:24:19.056145+00:00,171.375117,171.4475999,170.4820728,170.5542086,7748,synthetic
8314,2026-04-08T15:24:19.056145+00:00,2026-04-09T15:24:19.056145+00:00,170.5542086,170.7784268,170.3857958,170.6099589,7755,synthetic
8314,2026-04-09T15:24:19.056145+00:00,2026-04-10T15:24:19.056145+00:00,170.6099589,170.8114173,170.5896308,170.7910676,7762,synthetic
8314,2026-04-10T15:24:19.056145+00:00,2026-04-11T15:24:19.056145+00:00,170.7910676,171.4785763,170.6335928,171.3206132,7769,synthetic
8314,2026-04-11T15:24:19.056145+00:00,2026-04-12T15:24:19.056145+00:00,171.3206132,172.4675258,171.2134799,172.3597427,7776,synthetic
8314,2026-04-12T15:24:19.056145+00:00,2026-04-13T15:24:19.056145+00:00,172.3597427,172.6215772,172.2599936,172.5217343,7783,synthetic
8314,2026-04-13T15:24:19.056145+00:00,2026-04-14T15:24:19.056145+00:00,172.5217343,172.6844316,171.1488987,171.3104537,7790,synthetic
8314,2026-04-14T15:24:19.056145+00:00,2026-04-15T15:24:19.056145+00:00,171.3104537,171.3209032,170.3703221,170.3807149,7797,synthetic
8314,2026-04-15T15:24:19.056145+00:00,2026-04-16T15:24:19.056145+00:00,170.3807149,170.7418249,170.2143311,170.5752511,7804,synthetic
8314,2026-04-16T15:24:19.056145+00:00,2026-04-17T15:24:19.056145+00:00,170.5752511,171.0755956,170.4942081,170.9943534,7811,synthetic
8314,2026-04-17T15:24:19.056145+00:00,2026-04-18T15:24:19.056145+00:00,170.9943534,171.5876692,170.8719717,171.4649507,7818,synthetic
8314,2026-04-18T15:24:19.056145+00:00,2026-04-19T15:24:19.056145+00:00,171.4649507,172.4593156,171.3161134,172.3097451,7825,synthetic
8314,2026-04-19T15:24:19.056145+00:00,2026-04-20T15:24:19.056145+00:00,172.3097451,172.5035771,172.268535,172.4623305,7832,synthetic
8314,2026-04-20T15:24:19.056145+00:00,2026-04-21T15:24:19.056145+00:00,172.4623305,172.6346776,171.0867575,171.2579009,7839,synthetic
8314,2026-04-21T15:24:19.056145+00:00,2026-04-22T15:24:19.056145+00:00,171.2579009,171.3108988,170.188653,170.2413362,7846,synthetic
8314,2026-04-22T15:24:19.056145+00:00,2026-04-23T15:24:19.056145+00:00,170.2413362,170.6786044,170.1001313,170.5371541,7853,synthetic
8314,2026-04-23T15:24:19.056145+00:00,2026-04-24T15:24:19.056145+00:00,170.5371541,171.324669,170.4067243,171.193737,7860,synthetic
8314,2026-04-24T15:24:19.056145+00:00,2026-04-25T15:24:19.056145+00:00,171.193737,171.6986174,171.1236228,171.6283252,7867,synthetic
8314,2026-04-25T15:24:19.056145+00:00,2026-04-26T15:24:19.056145+00:00,171.6283252,172.4155804,171.458471,172.2451158,7874,synthetic
8314,2026-04-26T15:24:19.056145+00:00,2026-04-27T15:24:19.056145+00:00,172.2451158,172.3837924,172.2220769,172.360738,7881,synthetic
8314,2026-04-27T15:24:19.056145+00:00,2026-04-28T15:24:19.056145+00:00,172.360738,172.5186605,171.0554053,171.2122755,7888,synthetic
8314,2026-04-28T15:24:19.056145+00:00,2026-04-29T15:24:19.056145+00:00,171.2122755,171.3212967,170.0338409,170.1421808,7895,synthetic
8314,2026-04-29T15:24:19.056145+00:00,2026-04-30T15:24:19.056145+00:00,170.1421808,170.597809,170.0457688,170.5011936,7902,synthetic
8314,2026-04-30T15:24:19.056145+00:00,2026-05-01T15:24:19.056145+00:00,170.5011936,171.5427233,170.3395841,171.3802805,7909,synthetic
8314,2026-05-01T15:24:19.056145+00:00,2026-05-02T15:24:19.056145+00:00,171.3802805,171.8128267,171.3723467,171.8048733,7916,synthetic
8314,2026-05-02T15:24:19.056145+00:00,2026-05-03T15:24:19.056145+00:00,171.8048733,172.3409791,171.6376617,172.1734088,7923,synthetic
8314,2026-05-03T15:24:19.056145+00:00,2026-05-04T15:24:19.056145+00:00,172.1734088,172.3034464,172.0893845,172.2193996,7930,synthetic
8314,2026-05-04T15:24:19.056145+00:00,2026-05-05T15:24:19.056145+00:00,172.2193996,172.3408737,171.0470638,171.1677961,7937,synthetic
8314,2026-05-05T15:24:19.056145+00:00,2026-05-06T15:24:19.056145+00:00,171.1677961,171.3176107,169.9379479,170.0868163,7944,synthetic
8314,2026-05-06T15:24:19.056145+00:00,2026-05-07T15:24:19.056145+00:00,170.0868163,170.512313,170.0485741,170.4739837,7951,synthetic
8314,2026-05-07T15:24:19.056145+00:00,2026-05-08T15:24:19.056145+00:00,170.4739837,171.7180058,170.3037338,171.5466847,7958,synthetic
8314,2026-05-08T15:24:19.056145+00:00,2026-05-09T15:24:19.056145+00:00,171.5466847,172.042484,171.4912013,171.9868582,7965,synthetic
8314,2026-05-09T15:24:19.056145+00:00,2026-05-10T15:24:19.056145+00:00,171.9868582,172.2428059,171.8456356,172.1014892,7972,synthetic
8314,2026-05-10T15:24:19.056145+00:00,2026-05-11T15:24:19.056145+00:00,172.1014892,172.2347338,171.9102063,172.043406,7979,synthetic
8314,2026-05-11T15:24:19.056145+00:00,2026-05-12T15:24:19.056145+00:00,172.043406,172.1115495,171.0510044,171.1187817,7986,synthetic
8314,2026-05-12T15:24:19.056145+00:00,2026-05-13T15:24:19.056145+00:00,171.1187817,171.2884746,169.9073876,170.0760465,7993,synthetic
8314,2026-05-13T15:24:19.056145+00:00,2026-05-14T15:24:19.056145+00:00,170.0760465,170.4878573,170.0508183,170.4625719,8000,synthetic
8314,2026-05-14T15:24:19.056145+00:00,2026-05-15T15:24:19.056145+00:00,170.4625719,171.8440501,170.3074112,171.6877742,8007,synthetic
