conid,start,end,open,high,low,close,volume,source
900000001,2023-08-19T15:24:19.102028+00:00,2023-08-20T15:24:19.102028+00:00,7.274092916,7.279124496,7.253606765,7.258627647,1001,synthetic
900000001,2023-08-20T15:24:19.102028+00:00,2023-08-21T15:24:19.102028+00:00,7.258627647,7.265046491,7.212771769,7.219155708,1008,synthetic
900000001,2023-08-21T15:24:19.102028+00:00,2023-08-22T15:24:19.102028+00:00,7.219155708,7.220644555,7.194417536,7.195901587,1015,synthetic
900000001,2023-08-22T15:24:19.102028+00:00,2023-08-23T15:24:19.102028+00:00,7.195901587,7.242354628,7.188723479,7.235137381,1022,synthetic
900000001,2023-08-23T15:24:19.102028+00:00,2023-08-24T15:24:19.102028+00:00,7.235137381,7.289186497,7.232667314,7.286698826,1029,synthetic
900000001,2023-08-24T15:24:19.102028+00:00,2023-08-25T15:24:19.102028+00:00,7.286698826,7.295057607,7.280795857,7.28915265,1036,synthetic
900000001,2023-08-25T15:24:19.102028+00:00,2023-08-26T15:24:19.102028+00:00,7.28915265,7.294882933,7.261888843,7.267602184,1043,synthetic
900000001,2023-08-26T15:24:19.102028+00:00,2023-08-27T15:24:19.102028+00:00,7.267602184,7.270353105,7.247476426,7.250220768,1050,synthetic
900000001,2023-08-27T15:24:19.102028+00:00,2023-08-28T15:24:19.102028+00:00,7.250220768,7.257427066,7.212346856,7.219522642,1057,synthetic
900000001,2023-08-28T15:24:19.102028+00:00,2023-08-29T15:24:19.102028+00:00,7.219522642,7.220729369,7.198280255,7.199483633,1064,synthetic
900000001,2023-08-29T15:24:19.102028+00:00,2023-08-30T15:24:19.102028+00:00,7.199483633,7.243455062,7.19298841,7.236926059,1071,synthetic
900000001,2023-08-30T15:24:19.102028+00:00,2023-08-31T15:24:19.102028+00:00,7.236926059,7.296189275,7.232132052,7.29135921,1078,synthetic
900000001,2023-08-31T15:24:19.102028+00:00,2023-09-01T15:24:19.102028+00:00,7.29135921,7.296975267,7.287432766,7.293047914,1085,synthetic
900000001,2023-09-01T15:24:19.102028+00:00,2023-09-02T15:24:19.102028+00:00,7.293047914,7.300035184,7.254652965,7.261610115,1092,synthetic
900000001,2023-09-02T15:24:19.102028+00:00,2023-09-03T15:24:19.102028+00:00,7.261610115,7.261701119,7.241121358,7.241212107,1099,synthetic
900000001,2023-09-03T15:24:19.102028+00:00,2023-09-04T15:24:19.102028+00:00,7.241212107,7.248199534,7.212872453,7.219839257,1106,synthetic
900000001,2023-09-04T15:24:19.102028+00:00,2023-09-05T15:24:19.102028+00:00,7.219839257,7.223573496,7.201066598,7.204793055,1113,synthetic
900000001,2023-09-05T15:24:19.102028+00:00,2023-09-06T15:24:19.102028+00:00,7.204793055,7.244187908,7.199886566,7.239257947,1120,synthetic
900000001,2023-09-06T15:24:19.102028+00:00,2023-09-07T15:24:19.102028+00:00,7.239257947,7.300846764,7.232807156,7.294346884,1127,synthetic
900000001,2023-09-07T15:24:19.102028+00:00,2023-09-08T15:24:19.102028+00:00,7.294346884,7.29759181,7.29294779,7.296192362,1134,synthetic
900000001,2023-09-08T15:24:19.102028+00:00,2023-09-09T15:24:19.102028+00:00,7.296192362,7.303462173,7.249093905,7.256323992,1141,synthetic
900000001,2023-09-09T15:24:19.102028+00:00,2023-09-10T15:24:19.102028+00:00,7.256323992,7.258901451,7.229435995,7.232004815,1148,synthetic
900000001,2023-09-10T15:24:19.102028+00:00,2023-09-11T15:24:19.102028+00:00,7.232004815,7.237800409,7.214128164,7.219914068,1155,synthetic
900000001,2023-09-11T15:24:19.102028+00:00,2023-09-12T15:24:19.102028+00:00,7.219914068,7.225655009,7.205826275,7.211560574,1162,synthetic
900000001,2023-09-12T15:24:19.102028+00:00,2023-09-13T15:24:19.102028+00:00,7.211560574,7.244981591,7.208929449,7.242339236,1169,synthetic
900000001,2023-09-13T15:24:19.102028+00:00,2023-09-14T15:24:19.102028+00:00,7.242339236,7.302954123,7.235129831,7.295691609,1176,synthetic
900000001,2023-09-14T15:24:19.102028+00:00,2023-09-15T15:24:19.102028+00:00,7.295691609,7.29957635,7.294366367,7.298250643,1183,synthetic
900000001,2023-09-15T15:24:19.102028+00:00,2023-09-16T15:24:19.102028+00:00,7.298250643,7.304787902,7.245360395,7.251856097,1190,synthetic
900000001,2023-09-16T15:24:19.102028+00:00,2023-09-17T15:24:19.102028+00:00,7.251856097,7.256739465,7.218173774,7.223037736,1197,synthetic
900000001,2023-09-17T15:24:19.102028+00:00,2023-09-18T15:24:19.102028+00:00,7.223037736,7.226837348,7.215832799,7.219630619,1204,synthetic
900000001,2023-09-18T15:24:19.102028+00:00,2023-09-19T15:24:19.102028+00:00,7.219630619,7.22657726,7.212486514,7.219432965,1211,synthetic
900000001,2023-09-19T15:24:19.102028+00:00,2023-09-20T15:24:19.102028+00:00,7.219432965,7.246328586,7.219417135,7.246312697,1218,synthetic
900000001,2023-09-20T15:24:19.102028+00:00,2023-09-21T15:24:19.102028+00:00,7.246312697,7.302539315,7.239349106,7.295528429,1225,synthetic
900000001,2023-09-21T15:24:19.102028+00:00,2023-09-22T15:24:19.102028+00:00,7.295528429,7.302796342,7.291663512,7.298929623,1232,synthetic
900000001,2023-09-22T15:24:19.102028+00:00,2023-09-23T15:24:19.102028+00:00,7.298929623,7.30382098,7.243362799,7.248220173,1239,synthetic
900000001,2023-09-23T15:24:19.102028+00:00,2023-09-24T15:24:19.102028+00:00,7.248220173,7.254726688,7.208276524,7.214752997,1246,synthetic
900000001,2023-09-24T15:24:19.102028+00:00,2023-09-25T15:24:19.102028+00:00,7.214752997,7.220240091,7.213473582,7.21895993,1253,synthetic
900000001,2023-09-25T15:24:19.102028+00:00,2023-09-26T15:24:19.102028+00:00,7.21895993,7.235192225,7.211776883,7.228000183,1260,synthetic
900000001,2023-09-26T15:24:19.102028+00:00,2023-09-27T15:24:19.102028+00:00,7.228000183,7.253912466,7.225333574,7.251237283,1267,synthetic
900000001,2023-09-27T15:24:19.102028+00:00,2023-09-28T15:24:19.102028+00:00,7.251237283,7.299861383,7.245490774,7.29408092,1274,synthetic
900000001,2023-09-28T15:24:19.102028+00:00,2023-09-29T15:24:19.102028+00:00,7.29408092,7.303874248,7.288216504,7.298006675,1281,synthetic
900000001,2023-09-29T15:24:19.102028+00:00,2023-09-30T15:24:19.102028+00:00,7.298006675,7.300568998,7.242793367,7.245337198,1288,synthetic
900000001,2023-09-30T15:24:19.102028+00:00,2023-10-01T15:24:19.102028+00:00,7.245337198,7.252558968,7.200378749,7.207562867,1295,synthetic
900000001,2023-10-01T15:24:19.102028+00:00,2023-10-02T15:24:19.102028+00:00,7.207562867,7.219379573,7.206149412,7.217964079,1302,synthetic
900000001,2023-10-02T15:24:19.102028+00:00,2023-10-03T15:24:19.102028+00:00,7.217964079,7.243260988,7.211546688,7.236826827,1309,synthetic
900000001,2023-10-03T15:24:19.102028+00:00,2023-10-04T15:24:19.102028+00:00,7.236826827,7.262040671,7.231875331,7.25707532,1316,synthetic
900000001,2023-10-04T15:24:19.102028+00:00,2023-10-05T15:24:19.102028+00:00,7.25707532,7.295381307,7.253349094,7.291637336,1323,synthetic
900000001,2023-10-05T15:24:19.102028+00:00,2023-10-06T15:24:19.102028+00:00,7.291637336,7.302400591,7.284592926,7.295352593,1330,synthetic
900000001,2023-10-06T15:24:19.102028+00:00,2023-10-07T15:24:19.102028+00:00,7.295352593,7.295476008,7.242927272,7.243049802,1337,synthetic
900000001,2023-10-07T15:24:19.102028+00:00,2023-10-08T15:24:19.102028+00:00,7.243049802,7.249980003,7.194927972,7.201818722,1344,synthetic
900000001,2023-10-08T15:24:19.102028+00:00,2023-10-09T15:24:19.102028+00:00,7.201818722,7.220703514,7.197913922,7.216790597,1351,synthetic
900000001,2023-10-09T15:24:19.102028+00:00,2023-10-10T15:24:19.102028+00:00,7.216790597,7.250261038,7.212033682,7.245485209,1358,synthetic
900000001,2023-10-10T15:24:19.102028+00:00,2023-10-11T15:24:19.102028+00:00,7.245485209,7.2702554,7.238934841,7.263688576,1365,synthetic
900000001,2023-10-11T15:24:19.102028+00:00,2023-10-12T15:24:19.102028+00:00,7.263688576,7.289708592,7.262505882,7.288521855,1372,synthetic
900000001,2023-10-12T15:24:19.102028+00:00,2023-10-13T15:24:19.102028+00:00,7.288521855,7.298190222,7.28128107,7.290947028,1379,synthetic
900000001,2023-10-13T15:24:19.102028+00:00,2023-10-14T15:24:19.102028+00:00,7.290947028,7.293736352,7.238373661,7.241143932,1386,synthetic
900000001,2023-10-14T15:24:19.102028+00:00,2023-10-15T15:24:19.102028+00:00,7.241143932,7.246816793,7.192145914,7.197784806,1393,synthetic
900000001,2023-10-15T15:24:19.102028+00:00,2023-10-16T15:24:19.102028+00:00,7.197784806,7.22152208,7.191935416,7.215658165,1400,synthetic
900000001,2023-10-16T15:24:19.102028+00:00,2023-10-17T15:24:19.102028+00:00,7.215658165,7.256033613,7.213224513,7.253587169,1407,synthetic
900000001,2023-10-17T15:24:19.102028+00:00,2023-10-18T15:24:19.102028+00:00,7.253587169,7.27809874,7.246349352,7.270843704,1414,synthetic
900000001,2023-10-18T15:24:19.102028+00:00,2023-10-19T15:24:19.102028+00:00,7.270843704,7.286597263,7.269313012,7.285063577,1421,synthetic
900000001,2023-10-19T15:24:19.102028+00:00,2023-10-20T15:24:19.102028+00:00,7.285063577,7.291490821,7.278457907,7.284884993,1428,synthetic
900000001,2023-10-20T15:24:19.102028+00:00,2023-10-21T15:24:19.102028+00:00,7.284884993,7.28994706,7.234345206,7.23937565,1435,synthetic
900000001,2023-10-21T15:24:19.102028+00:00,2023-10-22T15:24:19.102028+00:00,7.23937565,7.243000912,7.192015689,7.195619039,1442,synthetic
900000001,2023-10-22T15:24:19.102028+00:00,2023-10-23T15:24:19.102028+00:00,7.195619039,7.221831813,7.188640791,7.214834929,1449,synthetic
900000001,2023-10-23T15:24:19.102028+00:00,2023-10-24T15:24:19.102028+00:00,7.214834929,7.261041619,7.214606668,7.260811904,1456,synthetic
900000001,2023-10-24T15:24:19.102028+00:00,2023-10-25T15:24:19.102028+00:00,7.260811904,7.285158632,7.253896544,7.278226685,1463,synthetic
900000001,2023-10-25T15:24:19.102028+00:00,2023-10-26T15:24:19.102028+00:00,7.278226685,7.285603773,7.274190836,7.281566071,1470,synthetic
900000001,2023-10-26T15:24:19.102028+00:00,2023-10-27T15:24:19.102028+00:00,7.281566071,7.286284532,7.272658016,7.27737376,1477,synthetic
900000001,2023-10-27T15:24:19.102028+00:00,2023-10-28T15:24:19.102028+00:00,7.27737376,7.283998043,7.230912559,7.237500547,1484,synthetic
900000001,2023-10-28T15:24:19.102028+00:00,2023-10-29T15:24:19.102028+00:00,7.237500547,7.238573701,7.19429563,7.195362536,1491,synthetic
900000001,2023-10-29T15:24:19.102028+00:00,2023-10-30T15:24:19.102028+00:00,7.195362536,7.221765847,7.188227182,7.214611405,1498,synthetic
900000001,2023-10-30T15:24:19.102028+00:00,2023-10-31T15:24:19.102028+00:00,7.214611405,7.269806127,7.211753433,7.266927431,1505,synthetic
900000001,2023-10-31T15:24:19.102028+00:00,2023-11-01T15:24:19.102028+00:00,7.266927431,7.291105385,7.261301489,7.285465093,1512,synthetic
900000001,2023-11-01T15:24:19.102028+00:00,2023-11-02T15:24:19.102028+00:00,7.285465093,7.291447608,7.272303622,7.278280237,1519,synthetic
900000001,2023-11-02T15:24:19.102028+00:00,2023-11-03T15:24:19.102028+00:00,7.278280237,7.280633853,7.266369812,7.268720337,1526,synthetic
900000001,2023-11-03T15:24:19.102028+00:00,2023-11-04T15:24:19.102028+00:00,7.268720337,7.275979521,7.228077168,7.235302979,1533,synthetic
900000001,2023-11-04T15:24:19.102028+00:00,2023-11-05T15:24:19.102028+00:00,7.235302979,7.236930173,7.19532011,7.196938676,1540,synthetic
900000001,2023-11-05T15:24:19.102028+00:00,2023-11-06T15:24:19.102028+00:00,7.196938676,7.221585436,7.190639759,7.215270475,1547,synthetic
900000001,2023-11-06T15:24:19.102028+00:00,2023-11-07T15:24:19.102028+00:00,7.215270475,7.276933314,7.210180922,7.271803884,1554,synthetic
900000001,2023-11-07T15:24:19.102028+00:00,2023-11-08T15:24:19.102028+00:00,7.271803884,7.295714647,7.26825546,7.292156291,1561,synthetic
900000001,2023-11-08T15:24:19.102028+00:00,2023-11-09T15:24:19.102028+00:00,7.292156291,7.299253586,7.268301943,7.275382914,1568,synthetic
900000001,2023-11-09T15:24:19.102028+00:00,2023-11-10T15:24:19.102028+00:00,7.275382914,7.275720139,7.258974052,7.259310532,1575,synthetic
900000001,2023-11-10T15:24:19.102028+00:00,2023-11-11T15:24:19.102028+00:00,7.259310532,7.266191135,7.22576707,7.232622376,1582,synthetic
900000001,2023-11-11T15:24:19.102028+00:00,2023-11-12T15:24:19.102028+00:00,7.232622376,7.236721128,7.196081435,7.200161791,1589,synthetic
900000001,2023-11-12T15:24:19.102028+00:00,2023-11-13T15:24:19.102028+00:00,7.200161791,7.221652445,7.195577335,7.217057231,1596,synthetic
900000001,2023-11-13T15:24:19.102028+00:00,2023-11-14T15:24:19.102028+00:00,7.217057231,7.282083749,7.210444564,7.275417609,1603,synthetic
900000001,2023-11-14T15:24:19.102028+00:00,2023-11-15T15:24:19.102028+00:00,7.275417609,7.298874849,7.274444893,7.297899128,1610,synthetic
900000001,2023-11-15T15:24:19.102028+00:00,2023-11-16T15:24:19.102028+00:00,7.297899128,7.305121529,7.265765409,7.272963133,1617,synthetic
900000001,2023-11-16T15:24:19.102028+00:00,2023-11-17T15:24:19.102028+00:00,7.272963133,7.275942238,7.246611853,7.249581381,1624,synthetic
900000001,2023-11-17T15:24:19.102028+00:00,2023-11-18T15:24:19.102028+00:00,7.249581381,7.255125718,7.223845247,7.229374129,1631,synthetic
900000001,2023-11-18T15:24:19.102028+00:00,2023-11-19T15:24:19.102028+00:00,7.229374129,7.235370692,7.198778495,7.204754637,1638,synthetic
900000001,2023-11-19T15:24:19.102028+00:00,2023-11-20T15:24:19.102028+00:00,7.204754637,7.222385428,7.202525437,7.220151465,1645,synthetic
900000001,2023-11-20T15:24:19.102028+00:00,2023-11-21T15:24:19.102028+00:00,7.220151465,7.285118792,7.212936123,7.277845794,1652,synthetic
900000001,2023-11-21T15:24:19.102028+00:00,2023-11-22T15:24:19.102028+00:00,7.277845794,7.304073213,7.276104791,7.302326354,1659,synthetic
900000001,2023-11-22T15:24:19.102028+00:00,2023-11-23T15:24:19.102028+00:00,7.302326354,7.308664804,7.264705942,7.271017216,1666,synthetic
900000001,2023-11-23T15:24:19.102028+00:00,2023-11-24T15:24:19.102028+00:00,7.271017216,7.276221424,7.23480726,7.23998926,1673,synthetic
900000001,2023-11-24T15:24:19.102028+00:00,2023-11-25T15:24:19.102028+00:00,7.23998926,7.243428724,7.222130459,7.22556307,1680,synthetic
900000001,2023-11-25T15:24:19.102028+00:00,2023-11-26T15:24:19.102028+00:00,7.22556307,7.23261922,7.203331755,7.210373072,1687,synthetic
900000001,2023-11-26T15:24:19.102028+00:00,2023-11-27T15:24:19.102028+00:00,7.210373072,7.225086471,7.20993284,7.224645368,1694,synthetic
900000001,2023-11-27T15:24:19.102028+00:00,2023-11-28T15:24:19.102028+00:00,7.224645368,7.286116873,7.217832276,7.279252285,1701,synthetic
900000001,2023-11-28T15:24:19.102028+00:00,2023-11-29T15:24:19.102028+00:00,7.279252285,7.309362948,7.275039243,7.305134926,1708,synthetic
900000001,2023-11-29T15:24:19.102028+00:00,2023-11-30T15:24:19.102028+00:00,7.305134926,7.309702773,7.264907562,7.269453097,1715,synthetic
900000001,2023-11-30T15:24:19.102028+00:00,2023-12-01T15:24:19.102028+00:00,7.269453097,7.27615593,7.224309086,7.230976441,1722,synthetic
900000001,2023-12-01T15:24:19.102028+00:00,2023-12-02T15:24:19.102028+00:00,7.230976441,7.231837592,7.220428223,7.22128822,1729,synthetic
900000001,2023-12-02T15:24:19.102028+00:00,2023-12-03T15:24:19.102028+00:00,7.22128822,7.228418774,7.209509775,7.216635734,1736,synthetic
900000001,2023-12-03T15:24:19.102028+00:00,2023-12-04T15:24:19.102028+00:00,7.216635734,7.233587098,7.213583083,7.230528569,1743,synthetic
900000001,2023-12-04T15:24:19.102028+00:00,2023-12-05T15:24:19.102028+00:00,7.230528569,7.285363791,7.225067999,7.279865961,1750,synthetic
900000001,2023-12-05T15:24:19.102028+00:00,2023-12-06T15:24:19.102028+00:00,7.279865961,7.312231157,7.273768298,7.306111511,1757,synthetic
900000001,2023-12-06T15:24:19.102028+00:00,2023-12-07T15:24:19.102028+00:00,7.306111511,7.308269525,7.265956627,7.268103415,1764,synthetic
900000001,2023-12-07T15:24:19.102028+00:00,2023-12-08T15:24:19.102028+00:00,7.268103415,7.275369795,7.215717719,7.222938945,1771,synthetic
900000001,2023-12-08T15:24:19.102028+00:00,2023-12-09T15:24:19.102028+00:00,7.222938945,7.224769893,7.214908918,7.216738294,1778,synthetic
900000001,2023-12-09T15:24:19.102028+00:00,2023-12-10T15:24:19.102028+00:00,7.216738294,7.229372301,7.21052758,7.223156064,1785,synthetic
900000001,2023-12-10T15:24:19.102028+00:00,2023-12-11T15:24:19.102028+00:00,7.223156064,7.24293617,7.217912396,7.237681957,1792,synthetic
900000001,2023-12-11T15:24:19.102028+00:00,2023-12-12T15:24:19.102028+00:00,7.237681957,7.283317517,7.23433774,7.279953768,1799,synthetic
900000001,2023-12-12T15:24:19.102028+00:00,2023-12-13T15:24:19.102028+00:00,7.279953768,7.312307205,7.272822196,7.30515095,1806,synthetic
900000001,2023-12-13T15:24:19.102028+00:00,2023-12-14T15:24:19.102028+00:00,7.30515095,7.305704285,7.266195677,7.266746104,1813,synthetic
900000001,2023-12-14T15:24:19.102028+00:00,2023-12-15T15:24:19.102028+00:00,7.266746104,7.273562557,7.209429402,7.21619844,1820,synthetic
900000001,2023-12-15T15:24:19.102028+00:00,2023-12-16T15:24:19.102028+00:00,7.21619844,7.220461185,7.207917905,7.212178275,1827,synthetic
900000001,2023-12-16T15:24:19.102028+00:00,2023-12-17T15:24:19.102028+00:00,7.212178275,7.234010881,7.207751917,7.229573847,1834,synthetic
900000001,2023-12-17T15:24:19.102028+00:00,2023-12-18T15:24:19.102028+00:00,7.229573847,7.252602655,7.222867305,7.245880985,1841,synthetic
900000001,2023-12-18T15:24:19.102028+00:00,2023-12-19T15:24:19.102028+00:00,7.245880985,7.280551357,7.245124086,7.279790915,1848,synthetic
900000001,2023-12-19T15:24:19.102028+00:00,2023-12-20T15:24:19.102028+00:00,7.279790915,7.309458754,7.272620313,7.302266013,1855,synthetic
900000001,2023-12-20T15:24:19.102028+00:00,2023-12-21T15:24:19.102028+00:00,7.302266013,7.305451981,7.261960778,7.265130544,1862,synthetic
900000001,2023-12-21T15:24:19.102028+00:00,2023-12-22T15:24:19.102028+00:00,7.265130544,7.27054653,7.205604967,7.210980585,1869,synthetic
900000001,2023-12-22T15:24:19.102028+00:00,2023-12-23T15:24:19.102028+00:00,7.210980585,7.217077897,7.20183348,7.207928211,1876,synthetic
900000001,2023-12-23T15:24:19.102028+00:00,2023-12-24T15:24:19.102028+00:00,7.207928211,7.237618658,7.205900827,7.235583495,1883,synthetic
900000001,2023-12-24T15:24:19.102028+00:00,2023-12-25T15:24:19.102028+00:00,7.235583495,7.262062915,7.228348092,7.254808287,1890,synthetic
900000001,2023-12-25T15:24:19.102028+00:00,2023-12-26T15:24:19.102028+00:00,7.254808287,7.281579856,7.252866125,7.279631049,1897,synthetic
900000001,2023-12-26T15:24:19.102028+00:00,2023-12-27T15:24:19.102028+00:00,7.279631049,7.303812471,7.273421478,7.297587584,1904,synthetic
900000001,2023-12-27T15:24:19.102028+00:00,2023-12-28T15:24:19.102028+00:00,7.297587584,7.302958612,7.257661225,7.263006801,1911,synthetic
900000001,2023-12-28T15:24:19.102028+00:00,2023-12-29T15:24:19.102028+00:00,7.263006801,7.266267512,7.204165872,7.207401619,1918,synthetic
900000001,2023-12-29T15:24:19.102028+00:00,2023-12-30T15:24:19.102028+00:00,7.207401619,7.21448267,7.19725805,7.204336089,1925,synthetic
900000001,2023-12-30T15:24:19.102028+00:00,2023-12-31T15:24:19.102028+00:00,7.204336089,7.241611325,7.203684673,7.240956598,1932,synthetic
900000001,2023-12-31T15:24:19.102028+00:00,2024-01-01T15:24:19.102028+00:00,7.240956598,7.270850755,7.234202021,7.264074612,1939,synthetic
900000001,2024-01-01T15:24:19.102028+00:00,2024-01-02T15:24:19.102028+00:00,7.264074612,7.284065414,7.259697747,7.279679146,1946,synthetic
900000001,2024-01-02T15:24:19.102028+00:00,2024-01-03T15:24:19.102028+00:00,7.279679146,7.295744923,7.275296473,7.291355221,1953,synthetic
900000001,2024-01-03T15:24:19.102028+00:00,2024-01-04T15:24:19.102028+00:00,7.291355221,7.298158436,7.25338111,7.260155214,1960,synthetic
900000001,2024-01-04T15:24:19.102028+00:00,2024-01-05T15:24:19.102028+00:00,7.260155214,7.260807203,7.204817214,7.205464292,1967,synthetic
900000001,2024-01-05T15:24:19.102028+00:00,2024-01-06T15:24:19.102028+00:00,7.205464292,7.212542607,7.194672523,7.201747186,1974,synthetic
900000001,2024-01-06T15:24:19.102028+00:00,2024-01-07T15:24:19.102028+00:00,7.201747186,7.248813694,7.198509997,7.245556812,1981,synthetic
900000001,2024-01-07T15:24:19.102028+00:00,2024-01-08T15:24:19.102028+00:00,7.245556812,7.278596397,7.240227115,7.273246332,1988,synthetic
900000001,2024-01-08T15:24:19.102028+00:00,2024-01-09T15:24:19.102028+00:00,7.273246332,7.286281958,7.26703986,7.280069664,1995,synthetic
900000001,2024-01-09T15:24:19.102028+00:00,2024-01-10T15:24:19.102028+00:00,7.280069664,7.28584451,7.278125079,7.283898903,2002,synthetic
900000001,2024-01-10T15:24:19.102028+00:00,2024-01-11T15:24:19.102028+00:00,7.283898903,7.291182587,7.249157334,7.256413534,2009,synthetic
900000001,2024-01-11T15:24:19.102028+00:00,2024-01-12T15:24:19.102028+00:00,7.256413534,7.258458864,7.203032517,7.205063373,2016,synthetic
900000001,2024-01-12T15:24:19.102028+00:00,2024-01-13T15:24:19.102028+00:00,7.205063373,7.2111533,7.194386604,7.200472651,2023,synthetic
900000001,2024-01-13T15:24:19.102028+00:00,2024-01-14T15:24:19.102028+00:00,7.200472651,7.254753064,7.195101898,7.249345856,2030,synthetic
900000001,2024-01-14T15:24:19.102028+00:00,2024-01-15T15:24:19.102028+00:00,7.249345856,7.2850502,7.246187013,7.281877182,2037,synthetic
900000001,2024-01-15T15:24:19.102028+00:00,2024-01-16T15:24:19.102028+00:00,7.281877182,7.289050615,7.273679533,7.280851956,2044,synthetic
900000001,2024-01-16T15:24:19.102028+00:00,2024-01-17T15:24:19.102028+00:00,7.280851956,7.281616988,7.274849061,7.275613542,2051,synthetic
900000001,2024-01-17T15:24:19.102028+00:00,2024-01-18T15:24:19.102028+00:00,7.275613542,7.282361111,7.244973674,7.251699064,2058,synthetic
900000001,2024-01-18T15:24:19.102028+00:00,2024-01-19T15:24:19.102028+00:00,7.251699064,7.256153218,7.201574063,7.206000148,2065,synthetic
900000001,2024-01-19T15:24:19.102028+00:00,2024-01-20T15:24:19.102028+00:00,7.206000148,7.21025327,7.196510106,7.200760136,2072,synthetic
900000001,2024-01-20T15:24:19.102028+00:00,2024-01-21T15:24:19.102028+00:00,7.200760136,7.2591847,7.194004037,7.252380169,2079,synthetic
900000001,2024-01-21T15:24:19.102028+00:00,2024-01-22T15:24:19.102028+00:00,7.252380169,7.290089183,7.251835305,7.289541528,2086,synthetic
900000001,2024-01-22T15:24:19.102028+00:00,2024-01-23T15:24:19.102028+00:00,7.289541528,7.296681584,7.274851657,7.281984311,2093,synthetic
900000001,2024-01-23T15:24:19.102028+00:00,2024-01-24T15:24:19.102028+00:00,7.281984311,7.285352994,7.263566767,7.266928484,2100,synthetic
900000001,2024-01-24T15:24:19.102028+00:00,2024-01-25T15:24:19.102028+00:00,7.266928484,7.272200835,7.240766462,7.246023646,2107,synthetic
900000001,2024-01-25T15:24:19.102028+00:00,2024-01-26T15:24:19.102028+00:00,7.246023646,7.252261845,7.201799042,7.20800451,2114,synthetic
900000001,2024-01-26T15:24:19.102028+00:00,2024-01-27T15:24:19.102028+00:00,7.20800451,7.209827358,7.200947624,7.202769148,2121,synthetic
900000001,2024-01-27T15:24:19.102028+00:00,2024-01-28T15:24:19.102028+00:00,7.202769148,7.262051654,7.195568185,7.254798675,2128,synthetic
900000001,2024-01-28T15:24:19.102028+00:00,2024-01-29T15:24:19.102028+00:00,7.254798675,7.298025576,7.252651529,7.295866275,2135,synthetic
900000001,2024-01-29T15:24:19.102028+00:00,2024-01-30T15:24:19.102028+00:00,7.295866275,7.301974873,7.277239079,7.283337186,2142,synthetic
900000001,2024-01-30T15:24:19.102028+00:00,2024-01-31T15:24:19.102028+00:00,7.283337186,7.288840591,7.252790162,7.258274629,2149,synthetic
900000001,2024-01-31T15:24:19.102028+00:00,2024-02-01T15:24:19.102028+00:00,7.258274629,7.261340824,7.236441772,7.239500036,2156,synthetic
900000001,2024-02-01T15:24:19.102028+00:00,2024-02-02T15:24:19.102028+00:00,7.239500036,7.246649279,7.203641713,7.210762577,2163,synthetic
900000001,2024-02-02T15:24:19.102028+00:00,2024-02-03T15:24:19.102028+00:00,7.210762577,7.21162575,7.205690702,7.206553372,2170,synthetic
900000001,2024-02-03T15:24:19.102028+00:00,2024-02-04T15:24:19.102028+00:00,7.206553372,7.263492303,7.199910264,7.256802874,2177,synthetic
900000001,2024-02-04T15:24:19.102028+00:00,2024-02-05T15:24:19.102028+00:00,7.256802874,7.305127195,7.252261746,7.300558686,2184,synthetic
900000001,2024-02-05T15:24:19.102028+00:00,2024-02-06T15:24:19.102028+00:00,7.300558686,7.304780374,7.280492822,7.284705343,2191,synthetic
900000001,2024-02-06T15:24:19.102028+00:00,2024-02-07T15:24:19.102028+00:00,7.284705343,7.291576572,7.243213496,7.250052039,2198,synthetic
900000001,2024-02-07T15:24:19.102028+00:00,2024-02-08T15:24:19.102028+00:00,7.250052039,7.250490216,7.231901844,7.232338951,2205,synthetic
900000001,2024-02-08T15:24:19.102028+00:00,2024-02-09T15:24:19.102028+00:00,7.232338951,7.239400754,7.206903459,7.213947304,2212,synthetic
900000001,2024-02-09T15:24:19.102028+00:00,2024-02-10T15:24:19.102028+00:00,7.213947304,7.217378323,7.208621504,7.212051622,2219,synthetic
900000001,2024-02-10T15:24:19.102028+00:00,2024-02-11T15:24:19.102028+00:00,7.212051622,7.26382338,7.206892736,7.258631174,2226,synthetic
900000001,2024-02-11T15:24:19.102028+00:00,2024-02-12T15:24:19.102028+00:00,7.258631174,7.30976934,7.252328423,7.303427692,2233,synthetic
900000001,2024-02-12T15:24:19.102028+00:00,2024-02-13T15:24:19.102028+00:00,7.303427692,7.305170427,7.284089262,7.285827797,2240,synthetic
900000001,2024-02-13T15:24:19.102028+00:00,2024-02-14T15:24:19.102028+00:00,7.285827797,7.293108605,7.23536321,7.242600821,2247,synthetic
900000001,2024-02-14T15:24:19.102028+00:00,2024-02-15T15:24:19.102028+00:00,7.242600821,7.244845992,7.222597257,7.224836921,2254,synthetic
900000001,2024-02-15T15:24:19.102028+00:00,2024-02-16T15:24:19.102028+00:00,7.224836921,7.230827222,7.211265279,7.21724929,2261,synthetic
900000001,2024-02-16T15:24:19.102028+00:00,2024-02-17T15:24:19.102028+00:00,7.21724929,7.224612192,7.211726804,7.219088299,2268,synthetic
900000001,2024-02-17T15:24:19.102028+00:00,2024-02-18T15:24:19.102028+00:00,7.219088299,7.263499837,7.216135337,7.260529922,2275,synthetic
900000001,2024-02-18T15:24:19.102028+00:00,2024-02-19T15:24:19.102028+00:00,7.260529922,7.311626379,7.25334386,7.304396899,2282,synthetic
900000001,2024-02-19T15:24:19.102028+00:00,2024-02-20T15:24:19.102028+00:00,7.304396899,7.305377968,7.285435098,7.286413751,2289,synthetic
900000001,2024-02-20T15:24:19.102028+00:00,2024-02-21T15:24:19.102028+00:00,7.286413751,7.293088159,7.229549389,7.236177781,2296,synthetic
900000001,2024-02-21T15:24:19.102028+00:00,2024-02-22T15:24:19.102028+00:00,7.236177781,7.240788621,7.21275707,7.217355917,2303,synthetic
900000001,2024-02-22T15:24:19.102028+00:00,2024-02-23T15:24:19.102028+00:00,7.217355917,7.224493135,7.213269497,7.220404989,2310,synthetic
900000001,2024-02-23T15:24:19.102028+00:00,2024-02-24T15:24:19.102028+00:00,7.220404989,7.234235178,7.213559839,7.227383413,2317,synthetic
900000001,2024-02-24T15:24:19.102028+00:00,2024-02-25T15:24:19.102028+00:00,7.227383413,7.263056007,7.22705288,7.262723857,2324,synthetic
900000001,2024-02-25T15:24:19.102028+00:00,2024-02-26T15:24:19.102028+00:00,7.262723857,7.310615476,7.255656241,7.303508171,2331,synthetic
900000001,2024-02-26T15:24:19.102028+00:00,2024-02-27T15:24:19.102028+00:00,7.303508171,7.30707601,7.282612776,7.286172146,2338,synthetic
900000001,2024-02-27T15:24:19.102028+00:00,2024-02-28T15:24:19.102028+00:00,7.286172146,7.291308515,7.22584337,7.230940804,2345,synthetic
900000001,2024-02-28T15:24:19.102028+00:00,2024-02-29T15:24:19.102028+00:00,7.230940804,7.237271643,7.203983713,7.210296478,2352,synthetic
900000001,2024-02-29T15:24:19.102028+00:00,2024-03-01T15:24:19.102028+00:00,7.210296478,7.224839906,7.208679255,7.223219784,2359,synthetic
900000001,2024-03-01T15:24:19.102028+00:00,2024-03-02T15:24:19.102028+00:00,7.223219784,7.243798219,7.216006271,7.236571372,2366,synthetic
900000001,2024-03-02T15:24:19.102028+00:00,2024-03-03T15:24:19.102028+00:00,7.236571372,7.267742485,7.234227007,7.265388784,2373,synthetic
900000001,2024-03-03T15:24:19.102028+00:00,2024-03-04T15:24:19.102028+00:00,7.265388784,7.30690816,7.259425321,7.300915537,2380,synthetic
900000001,2024-03-04T15:24:19.102028+00:00,2024-03-05T15:24:19.102028+00:00,7.300915537,7.306570649,7.279199452,7.284842114,2387,synthetic
900000001,2024-03-05T15:24:19.102028+00:00,2024-03-06T15:24:19.102028+00:00,7.284842114,7.287723768,7.224083499,7.22694225,2394,synthetic
900000001,2024-03-06T15:24:19.102028+00:00,2024-03-07T15:24:19.102028+00:00,7.22694225,7.234109495,7.196922078,7.204066637,2401,synthetic
900000001,2024-03-07T15:24:19.102028+00:00,2024-03-08T15:24:19.102028+00:00,7.204066637,7.226659673,7.202994033,7.225583865,2408,synthetic
900000001,2024-03-08T15:24:19.102028+00:00,2024-03-09T15:24:19.102028+00:00,7.225583865,7.252821033,7.219008576,7.246226959,2415,synthetic
900000001,2024-03-09T15:24:19.102028+00:00,2024-03-10T15:24:19.102028+00:00,7.246226959,7.27334255,7.241527984,7.268629048,2422,synthetic
900000001,2024-03-10T15:24:19.102028+00:00,2024-03-11T15:24:19.102028+00:00,7.268629048,7.300912451,7.264602263,7.296870021,2429,synthetic
900000001,2024-03-11T15:24:19.102028+00:00,2024-03-12T15:24:19.102028+00:00,7.296870021,7.303821099,7.275284388,7.282221511,2436,synthetic
900000001,2024-03-12T15:24:19.102028+00:00,2024-03-13T15:24:19.102028+00:00,7.282221511,7.282447401,7.223907712,7.224131799,2443,synthetic
900000001,2024-03-13T15:24:19.102028+00:00,2024-03-14T15:24:19.102028+00:00,7.224131799,7.231136608,7.192068866,7.199049354,2450,synthetic
900000001,2024-03-14T15:24:19.102028+00:00,2024-03-15T15:24:19.102028+00:00,7.199049354,7.231102677,7.195440432,7.227479502,2457,synthetic
900000001,2024-03-15T15:24:19.102028+00:00,2024-03-16T15:24:19.102028+00:00,7.227479502,7.260934996,7.222460542,7.255896302,2464,synthetic
900000001,2024-03-16T15:24:19.102028+00:00,2024-03-17T15:24:19.102028+00:00,7.255896302,7.278880192,7.249492679,7.27246195,2471,synthetic
900000001,2024-03-17T15:24:19.102028+00:00,2024-03-18T15:24:19.102028+00:00,7.27246195,7.293227438,7.270935316,7.291696766,2478,synthetic
900000001,2024-03-18T15:24:19.102028+00:00,2024-03-19T15:24:19.102028+00:00,7.291696766,7.298972311,7.270928817,7.278190885,2485,synthetic
900000001,2024-03-19T15:24:19.102028+00:00,2024-03-20T15:24:19.102028+00:00,7.278190885,7.280649867,7.219928252,7.222368374,2492,synthetic
900000001,2024-03-20T15:24:19.102028+00:00,2024-03-21T15:24:19.102028+00:00,7.222368374,7.228235137,7.18972632,7.195571315,2499,synthetic
900000001,2024-03-21T15:24:19.102028+00:00,2024-03-22T15:24:19.102028+00:00,7.195571315,7.234645238,7.189931392,7.228979129,2506,synthetic
900000001,2024-03-22T15:24:19.102028+00:00,2024-03-23T15:24:19.102028+00:00,7.228979129,7.267905461,7.226217645,7.265130167,2513,synthetic
900000001,2024-03-23T15:24:19.102028+00:00,2024-03-24T15:24:19.102028+00:00,7.265130167,7.284040287,7.257912108,7.276810624,2520,synthetic
900000001,2024-03-24T15:24:19.102028+00:00,2024-03-25T15:24:19.102028+00:00,7.276810624,7.286957256,7.275621353,7.285766521,2527,synthetic
900000001,2024-03-25T15:24:19.102028+00:00,2024-03-26T15:24:19.102028+00:00,7.285766521,7.292351378,7.26615754,7.272730615,2534,synthetic
900000001,2024-03-26T15:24:19.102028+00:00,2024-03-27T15:24:19.102028+00:00,7.272730615,7.277527786,7.216676576,7.221439915,2541,synthetic
900000001,2024-03-27T15:24:19.102028+00:00,2024-03-28T15:24:19.102028+00:00,7.221439915,7.225351599,7.189979074,7.193875827,2548,synthetic
900000001,2024-03-28T15:24:19.102028+00:00,2024-03-29T15:24:19.102028+00:00,7.193875827,7.237153685,7.186991383,7.230234447,2555,synthetic
900000001,2024-03-29T15:24:19.102028+00:00,2024-03-30T15:24:19.102028+00:00,7.230234447,7.273635278,7.230116606,7.273516731,2562,synthetic
900000001,2024-03-30T15:24:19.102028+00:00,2024-03-31T15:24:19.102028+00:00,7.273516731,7.288539567,7.266490991,7.28150611,2569,synthetic
900000001,2024-03-31T15:24:19.102028+00:00,2024-04-01T15:24:19.102028+00:00,7.28150611,7.285248745,7.27572245,7.279464035,2576,synthetic
900000001,2024-04-01T15:24:19.102028+00:00,2024-04-02T15:24:19.102028+00:00,7.279464035,7.284441419,7.260961439,7.265929569,2583,synthetic
900000001,2024-04-02T15:24:19.102028+00:00,2024-04-03T15:24:19.102028+00:00,7.265929569,7.272391661,7.214666911,7.221089124,2590,synthetic
900000001,2024-04-03T15:24:19.102028+00:00,2024-04-04T15:24:19.102028+00:00,7.221089124,7.22250085,7.192695761,7.194102211,2597,synthetic
900000001,2024-04-04T15:24:19.102028+00:00,2024-04-05T15:24:19.102028+00:00,7.194102211,7.238665199,7.18693187,7.231457626,2604,synthetic
900000001,2024-04-05T15:24:19.102028+00:00,2024-04-06T15:24:19.102028+00:00,7.231457626,7.283271499,7.228914479,7.280711031,2611,synthetic
900000001,2024-04-06T15:24:19.102028+00:00,2024-04-07T15:24:19.102028+00:00,7.280711031,7.292154001,7.274860044,7.286298524,2618,synthetic
900000001,2024-04-07T15:24:19.102028+00:00,2024-04-08T15:24:19.102028+00:00,7.286298524,7.292075567,7.267389555,7.273156178,2625,synthetic
900000001,2024-04-08T15:24:19.102028+00:00,2024-04-09T15:24:19.102028+00:00,7.273156178,7.275835264,7.25531088,7.257984377,2632,synthetic
900000001,2024-04-09T15:24:19.102028+00:00,2024-04-10T15:24:19.102028+00:00,7.257984377,7.2652067,7.213857164,7.221042727,2639,synthetic
900000001,2024-04-10T15:24:19.102028+00:00,2024-04-11T15:24:19.102028+00:00,7.221042727,7.222327654,7.194993008,7.196273528,2646,synthetic
900000001,2024-04-11T15:24:19.102028+00:00,2024-04-12T15:24:19.102028+00:00,7.196273528,7.239387167,7.189815607,7.232896381,2653,synthetic
900000001,2024-04-12T15:24:19.102028+00:00,2024-04-13T15:24:19.102028+00:00,7.232896381,7.291344912,7.228045956,7.286458568,2660,synthetic
900000001,2024-04-13T15:24:19.102028+00:00,2024-04-14T15:24:19.102028+00:00,7.286458568,7.294735021,7.28260228,7.290876395,2667,synthetic
900000001,2024-04-14T15:24:19.102028+00:00,2024-04-15T15:24:19.102028+00:00,7.290876395,7.297884058,7.260177715,7.267162584,2674,synthetic
900000001,2024-04-15T15:24:19.102028+00:00,2024-04-16T15:24:19.102028+00:00,7.267162584,7.267174023,7.249177845,7.249189254,2681,synthetic
900000001,2024-04-16T15:24:19.102028+00:00,2024-04-17T15:24:19.102028+00:00,7.249189254,7.256163113,7.21409475,7.22104153,2688,synthetic
900000001,2024-04-17T15:24:19.102028+00:00,2024-04-18T15:24:19.102028+00:00,7.22104153,7.224843891,7.196502282,7.200293718,2695,synthetic
900000001,2024-04-18T15:24:19.102028+00:00,2024-04-19T15:24:19.102028+00:00,7.200293718,7.239673834,7.195448366,7.234805258,2702,synthetic
900000001,2024-04-19T15:24:19.102028+00:00,2024-04-20T15:24:19.102028+00:00,7.234805258,7.297143508,7.22832284,7.290611088,2709,synthetic
900000001,2024-04-20T15:24:19.102028+00:00,2024-04-21T15:24:19.102028+00:00,7.290611088,7.296213156,7.289291204,7.294892498,2716,synthetic
900000001,2024-04-21T15:24:19.102028+00:00,2024-04-22T15:24:19.102028+00:00,7.294892498,7.302153785,7.254503127,7.261731406,2723,synthetic
900000001,2024-04-22T15:24:19.102028+00:00,2024-04-23T15:24:19.102028+00:00,7.261731406,7.264385018,7.237271514,7.239917155,2730,synthetic
900000001,2024-04-23T15:24:19.102028+00:00,2024-04-24T15:24:19.102028+00:00,7.239917155,7.245671284,7.21512946,7.22086845,2737,synthetic
900000001,2024-04-24T15:24:19.102028+00:00,2024-04-25T15:24:19.102028+00:00,7.22086845,7.22665779,7.200177062,7.205954445,2744,synthetic
900000001,2024-04-25T15:24:19.102028+00:00,2024-04-26T15:24:19.102028+00:00,7.205954445,7.239982398,7.203399045,7.237415841,2751,synthetic
900000001,2024-04-26T15:24:19.102028+00:00,2024-04-27T15:24:19.102028+00:00,7.237415841,7.300400396,7.230204215,7.293133251,2758,synthetic
900000001,2024-04-27T15:24:19.102028+00:00,2024-04-28T15:24:19.102028+00:00,7.293133251,7.299398099,7.291729962,7.297993875,2765,synthetic
900000001,2024-04-28T15:24:19.102028+00:00,2024-04-29T15:24:19.102028+00:00,7.297993875,7.304494955,7.250557685,7.257022268,2772,synthetic
900000001,2024-04-29T15:24:19.102028+00:00,2024-04-30T15:24:19.102028+00:00,7.257022268,7.261967613,7.225666471,7.230593806,2779,synthetic
900000001,2024-04-30T15:24:19.102028+00:00,2024-05-01T15:24:19.102028+00:00,7.230593806,7.234329778,7.216641252,7.220371943,2786,synthetic
900000001,2024-05-01T15:24:19.102028+00:00,2024-05-02T15:24:19.102028+00:00,7.220371943,7.227340432,7.205989718,7.212951044,2793,synthetic
900000001,2024-05-02T15:24:19.102028+00:00,2024-05-03T15:24:19.102028+00:00,7.212951044,7.24100389,7.212856188,7.240908666,2800,synthetic
900000001,2024-05-03T15:24:19.102028+00:00,2024-05-04T15:24:19.102028+00:00,7.240908666,7.301086689,7.233972635,7.294099706,2807,synthetic
900000001,2024-05-04T15:24:19.102028+00:00,2024-05-05T15:24:19.102028+00:00,7.294099706,7.303788229,7.290167984,7.299853406,2814,synthetic
900000001,2024-05-05T15:24:19.102028+00:00,2024-05-06T15:24:19.102028+00:00,7.299853406,7.304685714,7.248296504,7.253097861,2821,synthetic
900000001,2024-05-06T15:24:19.102028+00:00,2024-05-07T15:24:19.102028+00:00,7.253097861,7.259643388,7.215149663,7.221666826,2828,synthetic
900000001,2024-05-07T15:24:19.102028+00:00,2024-05-08T15:24:19.102028+00:00,7.221666826,7.222869506,7.218280315,7.219482632,2835,synthetic
900000001,2024-05-08T15:24:19.102028+00:00,2024-05-09T15:24:19.102028+00:00,7.219482632,7.228082879,7.212307379,7.22090621,2842,synthetic
900000001,2024-05-09T15:24:19.102028+00:00,2024-05-10T15:24:19.102028+00:00,7.22090621,7.248136175,7.21816883,7.245389514,2849,synthetic
900000001,2024-05-10T15:24:19.102028+00:00,2024-05-11T15:24:19.102028+00:00,7.245389514,7.299413994,7.239696407,7.29368294,2856,synthetic
900000001,2024-05-11T15:24:19.102028+00:00,2024-05-12T15:24:19.102028+00:00,7.29368294,7.306116615,7.287771668,7.300200061,2863,synthetic
900000001,2024-05-12T15:24:19.102028+00:00,2024-05-13T15:24:19.102028+00:00,7.300200061,7.302688096,7.247453921,7.24992482,2870,synthetic
900000001,2024-05-13T15:24:19.102028+00:00,2024-05-14T15:24:19.102028+00:00,7.24992482,7.257157131,7.206376516,7.213572564,2877,synthetic
900000001,2024-05-14T15:24:19.102028+00:00,2024-05-15T15:24:19.102028+00:00,7.213572564,7.219714622,7.212080501,7.218221598,2884,synthetic
900000001,2024-05-15T15:24:19.102028+00:00,2024-05-16T15:24:19.102028+00:00,7.218221598,7.23579025,7.211840572,7.229399342,2891,synthetic
900000001,2024-05-16T15:24:19.102028+00:00,2024-05-17T15:24:19.102028+00:00,7.229399342,7.255891079,7.224395448,7.250872322,2898,synthetic
900000001,2024-05-17T15:24:19.102028+00:00,2024-05-18T15:24:19.102028+00:00,7.250872322,7.295808536,7.247217689,7.292133107,2905,synthetic
900000001,2024-05-18T15:24:19.102028+00:00,2024-05-19T15:24:19.102028+00:00,7.292133107,7.305916727,7.28506801,7.298845127,2912,synthetic
900000001,2024-05-19T15:24:19.102028+00:00,2024-05-20T15:24:19.102028+00:00,7.298845127,7.299048566,7.247181687,7.247383692,2919,synthetic
900000001,2024-05-20T15:24:19.102028+00:00,2024-05-21T15:24:19.102028+00:00,7.247383692,7.254294534,7.199831459,7.206703509,2926,synthetic
900000001,2024-05-21T15:24:19.102028+00:00,2024-05-22T15:24:19.102028+00:00,7.206703509,7.220678631,7.202729938,7.216699547,2933,synthetic
900000001,2024-05-22T15:24:19.102028+00:00,2024-05-23T15:24:19.102028+00:00,7.216699547,7.242709977,7.21200245,7.237999016,2940,synthetic
900000001,2024-05-23T15:24:19.102028+00:00,2024-05-24T15:24:19.102028+00:00,7.237999016,7.263865036,7.231421909,7.257270417,2947,synthetic
900000001,2024-05-24T15:24:19.102028+00:00,2024-05-25T15:24:19.102028+00:00,7.257270417,7.290859758,7.256167307,7.289751711,2954,synthetic
900000001,2024-05-25T15:24:19.102028+00:00,2024-05-26T15:24:19.102028+00:00,7.289751711,7.302940348,7.282519267,7.295702001,2961,synthetic
900000001,2024-05-26T15:24:19.102028+00:00,2024-05-27T15:24:19.102028+00:00,7.295702001,7.298566843,7.242441924,7.24528697,2968,synthetic
900000001,2024-05-27T15:24:19.102028+00:00,2024-05-28T15:24:19.102028+00:00,7.24528697,7.250913391,7.195786762,7.201379086,2975,synthetic
900000001,2024-05-28T15:24:19.102028+00:00,2024-05-29T15:24:19.102028+00:00,7.201379086,7.221016104,7.19548114,7.215106916,2982,synthetic
900000001,2024-05-29T15:24:19.102028+00:00,2024-05-30T15:24:19.102028+00:00,7.215106916,7.248664829,7.212748029,7.246295745,2989,synthetic
900000001,2024-05-30T15:24:19.102028+00:00,2024-05-31T15:24:19.102028+00:00,7.246295745,7.271650377,7.239060405,7.264396963,2996,synthetic
900000001,2024-05-31T15:24:19.102028+00:00,2024-06-01T15:24:19.102028+00:00,7.264396963,7.288473631,7.262789898,7.286861597,3003,synthetic
900000001,2024-06-01T15:24:19.102028+00:00,2024-06-02T15:24:19.102028+00:00,7.286861597,7.297192035,7.280470746,7.290797732,3010,synthetic
900000001,2024-06-02T15:24:19.102028+00:00,2024-06-03T15:24:19.102028+00:00,7.290797732,7.295921058,7.23831343,7.243403452,3017,synthetic
900000001,2024-06-03T15:24:19.102028+00:00,2024-06-04T15:24:19.102028+00:00,7.243403452,7.246961807,7.194286371,7.197822334,3024,synthetic
900000001,2024-06-04T15:24:19.102028+00:00,2024-06-05T15:24:19.102028+00:00,7.197822334,7.220710436,7.190823127,7.213695794,3031,synthetic
900000001,2024-06-05T15:24:19.102028+00:00,2024-06-06T15:24:19.102028+00:00,7.213695794,7.254241133,7.213388572,7.253932197,3038,synthetic
900000001,2024-06-06T15:24:19.102028+00:00,2024-06-07T15:24:19.102028+00:00,7.253932197,7.278876024,7.247048032,7.271974736,3045,synthetic
900000001,2024-06-07T15:24:19.102028+00:00,2024-06-08T15:24:19.102028+00:00,7.271974736,7.287881092,7.26787628,7.283775985,3052,synthetic
900000001,2024-06-08T15:24:19.102028+00:00,2024-06-09T15:24:19.102028+00:00,7.283775985,7.288934343,7.279117168,7.284275207,3059,synthetic
900000001,2024-06-09T15:24:19.102028+00:00,2024-06-10T15:24:19.102028+00:00,7.284275207,7.290938424,7.234862502,7.241486579,3066,synthetic
900000001,2024-06-10T15:24:19.102028+00:00,2024-06-11T15:24:19.102028+00:00,7.241486579,7.242481782,7.195155522,7.196144493,3073,synthetic
900000001,2024-06-11T15:24:19.102028+00:00,2024-06-12T15:24:19.102028+00:00,7.196144493,7.219897299,7.189018955,7.212755313,3080,synthetic
900000001,2024-06-12T15:24:19.102028+00:00,2024-06-13T15:24:19.102028+00:00,7.212755313,7.263577372,7.209825674,7.260628288,3087,synthetic
900000001,2024-06-13T15:24:19.102028+00:00,2024-06-14T15:24:19.102028+00:00,7.260628288,7.285239432,7.255057923,7.27965447,3094,synthetic
900000001,2024-06-14T15:24:19.102028+00:00,2024-06-15T15:24:19.102028+00:00,7.27965447,7.2867932,7.273631558,7.280769366,3101,synthetic
900000001,2024-06-15T15:24:19.102028+00:00,2024-06-16T15:24:19.102028+00:00,7.280769366,7.283048148,7.274108282,7.276385691,3108,synthetic
900000001,2024-06-16T15:24:19.102028+00:00,2024-06-17T15:24:19.102028+00:00,7.276385691,7.283656178,7.232070663,7.239304098,3115,synthetic
900000001,2024-06-17T15:24:19.102028+00:00,2024-06-18T15:24:19.102028+00:00,7.239304098,7.241009392,7.194643594,7.196338768,3122,synthetic
900000001,2024-06-18T15:24:19.102028+00:00,2024-06-19T15:24:19.102028+00:00,7.196338768,7.218856743,7.190078901,7.212582745,3129,synthetic
900000001,2024-06-19T15:24:19.102028+00:00,2024-06-20T15:24:19.102028+00:00,7.212582745,7.271380612,7.20743937,7.266199003,3136,synthetic
900000001,2024-06-20T15:24:19.102028+00:00,2024-06-21T15:24:19.102028+00:00,7.266199003,7.290526182,7.262723028,7.287040238,3143,synthetic
900000001,2024-06-21T15:24:19.102028+00:00,2024-06-22T15:24:19.102028+00:00,7.287040238,7.294150465,7.270951442,7.2780529,3150,synthetic
900000001,2024-06-22T15:24:19.102028+00:00,2024-06-23T15:24:19.102028+00:00,7.2780529,7.278469899,7.267055914,7.267472306,3157,synthetic
900000001,2024-06-23T15:24:19.102028+00:00,2024-06-24T15:24:19.102028+00:00,7.267472306,7.274334844,7.229832776,7.236666224,3164,synthetic
900000001,2024-06-24T15:24:19.102028+00:00,2024-06-25T15:24:19.102028+00:00,7.236666224,7.24083236,7.19413975,7.198283789,3171,synthetic
900000001,2024-06-25T15:24:19.102028+00:00,2024-06-26T15:24:19.102028+00:00,7.198283789,7.217984645,7.193761629,7.213452955,3178,synthetic
900000001,2024-06-26T15:24:19.102028+00:00,2024-06-27T15:24:19.102028+00:00,7.213452955,7.277256697,7.206812322,7.270563488,3185,synthetic
900000001,2024-06-27T15:24:19.102028+00:00,2024-06-28T15:24:19.102028+00:00,7.270563488,7.294615599,7.269670438,7.293719704,3192,synthetic
900000001,2024-06-28T15:24:19.102028+00:00,2024-06-29T15:24:19.102028+00:00,7.293719704,7.300926069,7.268567893,7.27575651,3199,synthetic
900000001,2024-06-29T15:24:19.102028+00:00,2024-06-30T15:24:19.102028+00:00,7.27575651,7.278809316,7.254900482,7.257945814,3206,synthetic
900000001,2024-06-30T15:24:19.102028+00:00,2024-07-01T15:24:19.102028+00:00,7.257945814,7.263444971,7.227969066,7.233449663,3213,synthetic
900000001,2024-07-01T15:24:19.102028+00:00,2024-07-02T15:24:19.102028+00:00,7.233449663,7.23949352,7.195739009,7.201756386,3220,synthetic
900000001,2024-07-02T15:24:19.102028+00:00,2024-07-03T15:24:19.102028+00:00,7.201756386,7.217746255,7.199603295,7.215589029,3227,synthetic
900000001,2024-07-03T15:24:19.102028+00:00,2024-07-04T15:24:19.102028+00:00,7.215589029,7.281016109,7.208375794,7.273744738,3234,synthetic
900000001,2024-07-04T15:24:19.102028+00:00,2024-07-05T15:24:19.102028+00:00,7.273744738,7.30112032,7.271927427,7.299296625,3241,synthetic
900000001,2024-07-05T15:24:19.102028+00:00,2024-07-06T15:24:19.102028+00:00,7.299296625,7.305592346,7.267645443,7.273919276,3248,synthetic
900000001,2024-07-06T15:24:19.102028+00:00,2024-07-07T15:24:19.102028+00:00,7.273919276,7.279180915,7.243011695,7.248254769,3255,synthetic
900000001,2024-07-07T15:24:19.102028+00:00,2024-07-08T15:24:19.102028+00:00,7.248254769,7.25162806,7.226250569,7.229615185,3262,synthetic
900000001,2024-07-08T15:24:19.102028+00:00,2024-07-09T15:24:19.102028+00:00,7.229615185,7.236691924,7.199398448,7.206452514,3269,synthetic
900000001,2024-07-09T15:24:19.102028+00:00,2024-07-10T15:24:19.102028+00:00,7.206452514,7.219656494,7.205933724,7.219136792,3276,synthetic
900000001,2024-07-10T15:24:19.102028+00:00,2024-07-11T15:24:19.102028+00:00,7.219136792,7.282694481,7.212355622,7.275860029,3283,synthetic
900000001,2024-07-11T15:24:19.102028+00:00,2024-07-12T15:24:19.102028+00:00,7.275860029,7.307714798,7.271584184,7.303422755,3290,synthetic
900000001,2024-07-12T15:24:19.102028+00:00,2024-07-13T15:24:19.102028+00:00,7.303422755,7.3079268,7.268003977,7.272488944,3297,synthetic
900000001,2024-07-13T15:24:19.102028+00:00,2024-07-14T15:24:19.102028+00:00,7.272488944,7.279225019,7.232147664,7.238852584,3304,synthetic
900000001,2024-07-14T15:24:19.102028+00:00,2024-07-15T15:24:19.102028+00:00,7.238852584,7.23963586,7.224435286,7.225217087,3311,synthetic
900000001,2024-07-15T15:24:19.102028+00:00,2024-07-16T15:24:19.102028+00:00,7.225217087,7.232338579,7.204905934,7.212014414,3318,synthetic
900000001,2024-07-16T15:24:19.102028+00:00,2024-07-17T15:24:19.102028+00:00,7.212014414,7.227272991,7.208892287,7.224145613,3325,synthetic
900000001,2024-07-17T15:24:19.102028+00:00,2024-07-18T15:24:19.102028+00:00,7.224145613,7.282546249,7.218742082,7.277103107,3332,synthetic
900000001,2024-07-18T15:24:19.102028+00:00,2024-07-19T15:24:19.102028+00:00,7.277103107,7.311989145,7.270964562,7.30582637,3339,synthetic
900000001,2024-07-19T15:24:19.102028+00:00,2024-07-20T15:24:19.102028+00:00,7.30582637,7.307907683,7.269259062,7.271330547,3346,synthetic
900000001,2024-07-20T15:24:19.102028+00:00,2024-07-21T15:24:19.102028+00:00,7.271330547,7.278601452,7.222934597,7.230164338,3353,synthetic
900000001,2024-07-21T15:24:19.102028+00:00,2024-07-22T15:24:19.102028+00:00,7.230164338,7.23207365,7.218496812,7.220403547,3360,synthetic
900000001,2024-07-22T15:24:19.102028+00:00,2024-07-23T15:24:19.102028+00:00,7.220403547,7.226576746,7.211890397,7.218061593,3367,synthetic
900000001,2024-07-23T15:24:19.102028+00:00,2024-07-24T15:24:19.102028+00:00,7.218061593,7.235860538,7.212767539,7.230557319,3374,synthetic
900000001,2024-07-24T15:24:19.102028+00:00,2024-07-25T15:24:19.102028+00:00,7.230557319,7.281011636,7.227286864,7.277719849,3381,synthetic
900000001,2024-07-25T15:24:19.102028+00:00,2024-07-26T15:24:19.102028+00:00,7.277719849,7.313507953,7.270574874,7.306334885,3388,synthetic
900000001,2024-07-26T15:24:19.102028+00:00,2024-07-27T15:24:19.102028+00:00,7.306334885,7.306968112,7.269613186,7.270243285,3395,synthetic
900000001,2024-07-27T15:24:19.102028+00:00,2024-07-28T15:24:19.102028+00:00,7.270243285,7.277035,7.215809012,7.222556179,3402,synthetic
900000001,2024-07-28T15:24:19.102028+00:00,2024-07-29T15:24:19.102028+00:00,7.222556179,7.226886286,7.211081963,7.215407785,3409,synthetic
900000001,2024-07-29T15:24:19.102028+00:00,2024-07-30T15:24:19.102028+00:00,7.215407785,7.228593829,7.211042137,7.224222848,3416,synthetic
900000001,2024-07-30T15:24:19.102028+00:00,2024-07-31T15:24:19.102028+00:00,7.224222848,7.24494811,7.217492108,7.238204344,3423,synthetic
900000001,2024-07-31T15:24:19.102028+00:00,2024-08-01T15:24:19.102028+00:00,7.238204344,7.278660611,7.237527177,7.277979722,3430,synthetic
900000001,2024-08-01T15:24:19.102028+00:00,2024-08-02T15:24:19.102028+00:00,7.277979722,7.312070654,7.270825096,7.304889573,3437,synthetic
900000001,2024-08-02T15:24:19.102028+00:00,2024-08-03T15:24:19.102028+00:00,7.304889573,7.308148523,7.265741137,7.268984068,3444,synthetic
900000001,2024-08-03T15:24:19.102028+00:00,2024-08-04T15:24:19.102028+00:00,7.268984068,7.274349508,7.21098336,7.21630992,3451,synthetic
900000001,2024-08-04T15:24:19.102028+00:00,2024-08-05T15:24:19.102028+00:00,7.21630992,7.222453591,7.204391954,7.210530704,3458,synthetic
900000001,2024-08-05T15:24:19.102028+00:00,2024-08-06T15:24:19.102028+00:00,7.210530704,7.23212398,7.208578535,7.230166495,3465,synthetic
900000001,2024-08-06T15:24:19.102028+00:00,2024-08-07T15:24:19.102028+00:00,7.230166495,7.254064162,7.222936383,7.2468174,3472,synthetic
900000001,2024-08-07T15:24:19.102028+00:00,2024-08-08T15:24:19.102028+00:00,7.2468174,7.28017085,7.244800979,7.278145712,3479,synthetic
900000001,2024-08-08T15:24:19.102028+00:00,2024-08-09T15:24:19.102028+00:00,7.278145712,7.30773721,7.271979407,7.301551075,3486,synthetic
900000001,2024-08-09T15:24:19.102028+00:00,2024-08-10T15:24:19.102028+00:00,7.301551075,7.306978865,7.261893184,7.267295509,3493,synthetic
900000001,2024-08-10T15:24:19.102028+00:00,2024-08-11T15:24:19.102028+00:00,7.267295509,7.270486788,7.208438154,7.211604978,3500,synthetic
900000001,2024-08-11T15:24:19.102028+00:00,2024-08-12T15:24:19.102028+00:00,7.211604978,7.218704466,7.199022459,7.206116543,3507,synthetic
900000001,2024-08-12T15:24:19.102028+00:00,2024-08-13T15:24:19.102028+00:00,7.206116543,7.236359331,7.205386361,7.235626159,3514,synthetic
900000001,2024-08-13T15:24:19.102028+00:00,2024-08-14T15:24:19.102028+00:00,7.235626159,7.262781714,7.228905529,7.256042122,3521,synthetic
900000001,2024-08-14T15:24:19.102028+00:00,2024-08-15T15:24:19.102028+00:00,7.256042122,7.282894443,7.251606899,7.278445526,3528,synthetic
900000001,2024-08-15T15:24:19.102028+00:00,2024-08-16T15:24:19.102028+00:00,7.278445526,7.300823894,7.274127544,7.296495205,3535,synthetic
900000001,2024-08-16T15:24:19.102028+00:00,2024-08-17T15:24:19.102028+00:00,7.296495205,7.30333157,7.258128934,7.26493573,3542,synthetic
900000001,2024-08-17T15:24:19.102028+00:00,2024-08-18T15:24:19.102028+00:00,7.26493573,7.26550882,7.207940523,7.208509161,3549,synthetic
900000001,2024-08-18T15:24:19.102028+00:00,2024-08-19T15:24:19.102028+00:00,7.208509161,7.215575268,7.195463408,7.202523647,3556,synthetic
900000001,2024-08-19T15:24:19.102028+00:00,2024-08-20T15:24:19.102028+00:00,7.202523647,7.243745118,7.199215799,7.240419865,3563,synthetic
900000001,2024-08-20T15:24:19.102028+00:00,2024-08-21T15:24:19.102028+00:00,7.240419865,7.270753403,7.235148016,7.265463319,3570,synthetic
900000001,2024-08-21T15:24:19.102028+00:00,2024-08-22T15:24:19.102028+00:00,7.265463319,7.285299396,7.259222351,7.27904676,3577,synthetic
900000001,2024-08-22T15:24:19.102028+00:00,2024-08-23T15:24:19.102028+00:00,7.27904676,7.291869533,7.277179433,7.289999396,3584,synthetic
900000001,2024-08-23T15:24:19.102028+00:00,2024-08-24T15:24:19.102028+00:00,7.289999396,7.297288131,7.254446756,7.261707203,3591,synthetic
900000001,2024-08-24T15:24:19.102028+00:00,2024-08-25T15:24:19.102028+00:00,7.261707203,7.263830252,7.204871934,7.206978982,3598,synthetic
900000001,2024-08-25T15:24:19.102028+00:00,2024-08-26T15:24:19.102028+00:00,7.206978982,7.213027958,7.194049777,7.200092973,3605,synthetic
900000001,2024-08-26T15:24:19.102028+00:00,2024-08-27T15:24:19.102028+00:00,7.200092973,7.249916928,7.194670271,7.244460811,3612,synthetic
900000001,2024-08-27T15:24:19.102028+00:00,2024-08-28T15:24:19.102028+00:00,7.244460811,7.27773272,7.241375741,7.2746348,3619,synthetic
900000001,2024-08-28T15:24:19.102028+00:00,2024-08-29T15:24:19.102028+00:00,7.2746348,7.287223239,7.267455224,7.280038331,3626,synthetic
900000001,2024-08-29T15:24:19.102028+00:00,2024-08-30T15:24:19.102028+00:00,7.280038331,7.283265493,7.279194094,7.282420981,3633,synthetic
900000001,2024-08-30T15:24:19.102028+00:00,2024-08-31T15:24:19.102028+00:00,7.282420981,7.28914461,7.250781283,7.257481887,3640,synthetic
900000001,2024-08-31T15:24:19.102028+00:00,2024-09-01T15:24:19.102028+00:00,7.257481887,7.262002086,7.202380701,7.206869376,3647,synthetic
900000001,2024-09-01T15:24:19.102028+00:00,2024-09-02T15:24:19.102028+00:00,7.206869376,7.211059004,7.194932015,7.199117136,3654,synthetic
900000001,2024-09-02T15:24:19.102028+00:00,2024-09-03T15:24:19.102028+00:00,7.199117136,7.254586216,7.192335691,7.247758951,3661,synthetic
900000001,2024-09-03T15:24:19.102028+00:00,2024-09-04T15:24:19.102028+00:00,7.247758951,7.283579773,7.247293666,7.283112219,3668,synthetic
900000001,2024-09-04T15:24:19.102028+00:00,2024-09-05T15:24:19.102028+00:00,7.283112219,7.29022947,7.27430431,7.281419907,3675,synthetic
900000001,2024-09-05T15:24:19.102028+00:00,2024-09-06T15:24:19.102028+00:00,7.281419907,7.284858867,7.270733638,7.274169174,3682,synthetic
900000001,2024-09-06T15:24:19.102028+00:00,2024-09-07T15:24:19.102028+00:00,7.274169174,7.279391604,7.247013608,7.252220279,3689,synthetic
900000001,2024-09-07T15:24:19.102028+00:00,2024-09-08T15:24:19.102028+00:00,7.252220279,7.25850387,7.2017066,7.207951835,3696,synthetic
900000001,2024-09-08T15:24:19.102028+00:00,2024-09-09T15:24:19.102028+00:00,7.207951835,7.20969814,7.198068451,7.199812785,3703,synthetic
900000001,2024-09-09T15:24:19.102028+00:00,2024-09-10T15:24:19.102028+00:00,7.199812785,7.257659747,7.192616977,7.250413366,3710,synthetic
900000001,2024-09-10T15:24:19.102028+00:00,2024-09-11T15:24:19.102028+00:00,7.250413366,7.292720025,7.248191754,7.290486134,3717,synthetic
900000001,2024-09-11T15:24:19.102028+00:00,2024-09-12T15:24:19.102028+00:00,7.290486134,7.296546176,7.277046432,7.283100335,3724,synthetic
900000001,2024-09-12T15:24:19.102028+00:00,2024-09-13T15:24:19.102028+00:00,7.283100335,7.288655507,7.26013135,7.26567323,3731,synthetic
900000001,2024-09-13T15:24:19.102028+00:00,2024-09-14T15:24:19.102028+00:00,7.26567323,7.268670199,7.24299369,7.245982537,3738,synthetic
900000001,2024-09-14T15:24:19.102028+00:00,2024-09-15T15:24:19.102028+00:00,7.245982537,7.253150252,7.202807176,7.209939237,3745,synthetic
900000001,2024-09-15T15:24:19.102028+00:00,2024-09-16T15:24:19.102028+00:00,7.209939237,7.210880701,7.201358347,7.202298813,3752,synthetic
900000001,2024-09-16T15:24:19.102028+00:00,2024-09-17T15:24:19.102028+00:00,7.202298813,7.259250565,7.195690619,7.252596223,3759,synthetic
900000001,2024-09-17T15:24:19.102028+00:00,2024-09-18T15:24:19.102028+00:00,7.252596223,7.301040424,7.247996008,7.296412417,3766,synthetic
900000001,2024-09-18T15:24:19.102028+00:00,2024-09-19T15:24:19.102028+00:00,7.296412417,7.300566223,7.280757979,7.284905233,3773,synthetic
900000001,2024-09-19T15:24:19.102028+00:00,2024-09-20T15:24:19.102028+00:00,7.284905233,7.291802751,7.250478091,7.257349518,3780,synthetic
900000001,2024-09-20T15:24:19.102028+00:00,2024-09-21T15:24:19.102028+00:00,7.257349518,7.257708727,7.238572228,7.238930525,3787,synthetic
900000001,2024-09-21T15:24:19.102028+00:00,2024-09-22T15:24:19.102028+00:00,7.238930525,7.245981214,7.205490104,7.212515065,3794,synthetic
900000001,2024-09-22T15:24:19.102028+00:00,2024-09-23T15:24:19.102028+00:00,7.212515065,7.216014723,7.203085622,7.206582402,3801,synthetic
900000001,2024-09-23T15:24:19.102028+00:00,2024-09-24T15:24:19.102028+00:00,7.206582402,7.259663297,7.201482923,7.25452989,3808,synthetic
900000001,2024-09-24T15:24:19.102028+00:00,2024-09-25T15:24:19.102028+00:00,7.25452989,7.307015949,7.248191646,7.300637421,3815,synthetic
900000001,2024-09-25T15:24:19.102028+00:00,2024-09-26T15:24:19.102028+00:00,7.300637421,7.302301693,7.284932005,7.286593076,3822,synthetic
900000001,2024-09-26T15:24:19.102028+00:00,2024-09-27T15:24:19.102028+00:00,7.286593076,7.293871248,7.242329201,7.249570393,3829,synthetic
900000001,2024-09-27T15:24:19.102028+00:00,2024-09-28T15:24:19.102028+00:00,7.249570393,7.251893119,7.229003593,7.231320471,3836,synthetic
900000001,2024-09-28T15:24:19.102028+00:00,2024-09-29T15:24:19.102028+00:00,7.231320471,7.237271487,7.209426446,7.21536433,3843,synthetic
900000001,2024-09-29T15:24:19.102028+00:00,2024-09-30T15:24:19.102028+00:00,7.21536433,7.220935948,7.206984766,7.212554214,3850,synthetic
900000001,2024-09-30T15:24:19.102028+00:00,2024-10-01T15:24:19.102028+00:00,7.212554214,7.259354917,7.209676224,7.256459408,3857,synthetic
900000001,2024-10-01T15:24:19.102028+00:00,2024-10-02T15:24:19.102028+00:00,7.256459408,7.31025483,7.249266446,7.303015719,3864,synthetic
900000001,2024-10-02T15:24:19.102028+00:00,2024-10-03T15:24:19.102028+00:00,7.303015719,7.304075847,7.286820391,7.287878322,3871,synthetic
900000001,2024-10-03T15:24:19.102028+00:00,2024-10-04T15:24:19.102028+00:00,7.287878322,7.294521632,7.23603546,7.242637531,3878,synthetic
900000001,2024-10-04T15:24:19.102028+00:00,2024-10-05T15:24:19.102028+00:00,7.242637531,7.247313379,7.218823292,7.223486776,3885,synthetic
900000001,2024-10-05T15:24:19.102028+00:00,2024-10-06T15:24:19.102028+00:00,7.223486776,7.227511175,7.21418192,7.218203376,3892,synthetic
900000001,2024-10-06T15:24:19.102028+00:00,2024-10-07T15:24:19.102028+00:00,7.218203376,7.226862755,7.211335556,7.219993233,3899,synthetic
900000001,2024-10-07T15:24:19.102028+00:00,2024-10-08T15:24:19.102028+00:00,7.219993233,7.258875395,7.219742094,7.258622912,3906,synthetic
900000001,2024-10-08T15:24:19.102028+00:00,2024-10-09T15:24:19.102028+00:00,7.258622912,7.310607407,7.251578024,7.303518945,3913,synthetic
900000001,2024-10-09T15:24:19.102028+00:00,2024-10-10T15:24:19.102028+00:00,7.303518945,7.307156409,7.284829518,7.288459482,3920,synthetic
900000001,2024-10-10T15:24:19.102028+00:00,2024-10-11T15:24:19.102028+00:00,7.288459482,7.293540507,7.23171702,7.236762005,3927,synthetic
900000001,2024-10-11T15:24:19.102028+00:00,2024-10-12T15:24:19.102028+00:00,7.236762005,7.243135878,7.20946285,7.215818277,3934,synthetic
900000001,2024-10-12T15:24:19.102028+00:00,2024-10-13T15:24:19.102028+00:00,7.215818277,7.222348222,7.214276971,7.220805851,3941,synthetic
900000001,2024-10-13T15:24:19.102028+00:00,2024-10-14T15:24:19.102028+00:00,7.220805851,7.235795252,7.213599282,7.228580923,3948,synthetic
900000001,2024-10-14T15:24:19.102028+00:00,2024-10-15T15:24:19.102028+00:00,7.228580923,7.263650303,7.226164346,7.261222814,3955,synthetic
900000001,2024-10-15T15:24:19.102028+00:00,2024-10-16T15:24:19.102028+00:00,7.261222814,7.308182628,7.25530858,7.30223499,3962,synthetic
900000001,2024-10-16T15:24:19.102028+00:00,2024-10-17T15:24:19.102028+00:00,7.30223499,7.307941396,7.282354238,7.288049559,3969,synthetic
900000001,2024-10-17T15:24:19.102028+00:00,2024-10-18T15:24:19.102028+00:00,7.288049559,7.290858958,7.229264953,7.232052766,3976,synthetic
900000001,2024-10-18T15:24:19.102028+00:00,2024-10-19T15:24:19.102028+00:00,7.232052766,7.239234815,7.201570129,7.208729015,3983,synthetic
900000001,2024-10-19T15:24:19.102028+00:00,2024-10-20T15:24:19.102028+00:00,7.208729015,7.22417616,7.207577666,7.223022528,3990,synthetic
900000001,2024-10-20T15:24:19.102028+00:00,2024-10-21T15:24:19.102028+00:00,7.223022528,7.244476754,7.216482782,7.237923517,3997,synthetic
900000001,2024-10-21T15:24:19.102028+00:00,2024-10-22T15:24:19.102028+00:00,7.237923517,7.269171526,7.23316983,7.264400449,4004,synthetic
900000001,2024-10-22T15:24:19.102028+00:00,2024-10-23T15:24:19.102028+00:00,7.264400449,7.303334677,7.260442523,7.299357704,4011,synthetic
900000001,2024-10-23T15:24:19.102028+00:00,2024-10-24T15:24:19.102028+00:00,7.299357704,7.306335066,7.279441084,7.286406066,4018,synthetic
900000001,2024-10-24T15:24:19.102028+00:00,2024-10-25T15:24:19.102028+00:00,7.286406066,7.286552263,7.228369388,7.228514424,4025,synthetic
900000001,2024-10-25T15:24:19.102028+00:00,2024-10-26T15:24:19.102028+00:00,7.228514424,7.235503691,7.195661776,7.202626012,4032,synthetic
900000001,2024-10-26T15:24:19.102028+00:00,2024-10-27T15:24:19.102028+00:00,7.202626012,7.228483292,7.198947218,7.224793176,4039,synthetic
900000001,2024-10-27T15:24:19.102028+00:00,2024-10-28T15:24:19.102028+00:00,7.224793176,7.252556033,7.219833352,7.247580564,4046,synthetic
900000001,2024-10-28T15:24:19.102028+00:00,2024-10-29T15:24:19.102028+00:00,7.247580564,7.274668179,7.241147318,7.268216615,4053,synthetic
900000001,2024-10-29T15:24:19.102028+00:00,2024-10-30T15:24:19.102028+00:00,7.268216615,7.296621215,7.266768837,7.295168069,4060,synthetic
900000001,2024-10-30T15:24:19.102028+00:00,2024-10-31T15:24:19.102028+00:00,7.295168069,7.302441322,7.276096374,7.283357852,4067,synthetic
900000001,2024-10-31T15:24:19.102028+00:00,2024-11-01T15:24:19.102028+00:00,7.283357852,7.285893552,7.22353864,7.22605439,4074,synthetic
900000001,2024-11-01T15:24:19.102028+00:00,2024-11-02T15:24:19.102028+00:00,7.22605439,7.23187761,7.192076345,7.197876858,4081,synthetic
900000001,2024-11-02T15:24:19.102028+00:00,2024-11-03T15:24:19.102028+00:00,7.197876858,7.231862191,7.192186483,7.226149465,4088,synthetic
900000001,2024-11-03T15:24:19.102028+00:00,2024-11-04T15:24:19.102028+00:00,7.226149465,7.259795851,7.223462409,7.257097287,4095,synthetic
900000001,2024-11-04T15:24:19.102028+00:00,2024-11-05T15:24:19.102028+00:00,7.257097287,7.279873994,7.249878605,7.272639851,4102,synthetic
900000001,2024-11-05T15:24:19.102028+00:00,2024-11-06T15:24:19.102028+00:00,7.272639851,7.291278719,7.271372707,7.29000855,4109,synthetic
900000001,2024-11-06T15:24:19.102028+00:00,2024-11-07T15:24:19.102028+00:00,7.29000855,7.296562657,7.272282184,7.278826238,4116,synthetic
900000001,2024-11-07T15:24:19.102028+00:00,2024-11-08T15:24:19.102028+00:00,7.278826238,7.283687092,7.219674035,7.224498609,4123,synthetic
900000001,2024-11-08T15:24:19.102028+00:00,2024-11-09T15:24:19.102028+00:00,7.224498609,7.228345166,7.190949231,7.194779965,4130,synthetic
900000001,2024-11-09T15:24:19.102028+00:00,2024-11-10T15:24:19.102028+00:00,7.194779965,7.234147574,7.187872195,7.227208669,4137,synthetic
900000001,2024-11-10T15:24:19.102028+00:00,2024-11-11T15:24:19.102028+00:00,7.227208669,7.266076778,7.227170072,7.266037973,4144,synthetic
900000001,2024-11-11T15:24:19.102028+00:00,2024-11-12T15:24:19.102028+00:00,7.266037973,7.284552209,7.259040485,7.27754364,4151,synthetic
900000001,2024-11-12T15:24:19.102028+00:00,2024-11-13T15:24:19.102028+00:00,7.27754364,7.288065245,7.273734857,7.284252951,4158,synthetic
900000001,2024-11-13T15:24:19.102028+00:00,2024-11-14T15:24:19.102028+00:00,7.284252951,7.289175062,7.267924047,7.272838445,4165,synthetic
900000001,2024-11-14T15:24:19.102028+00:00,2024-11-15T15:24:19.102028+00:00,7.272838445,7.279342731,7.217154067,7.22361433,4172,synthetic
900000001,2024-11-15T15:24:19.102028+00:00,2024-11-16T15:24:19.102028+00:00,7.22361433,7.224948834,7.192211127,7.193540074,4179,synthetic
900000001,2024-11-16T15:24:19.102028+00:00,2024-11-17T15:24:19.102028+00:00,7.193540074,7.23535624,7.186377126,7.22815882,4186,synthetic
900000001,2024-11-17T15:24:19.102028+00:00,2024-11-18T15:24:19.102028+00:00,7.22815882,7.276650118,7.225542837,7.274017538,4193,synthetic
900000001,2024-11-18T15:24:19.102028+00:00,2024-11-19T15:24:19.102028+00:00,7.274017538,7.288517633,7.268219719,7.282712883,4200,synthetic
900000001,2024-11-19T15:24:19.102028+00:00,2024-11-20T15:24:19.102028+00:00,7.282712883,7.288535371,7.272455518,7.278274457,4207,synthetic
900000001,2024-11-20T15:24:19.102028+00:00,2024-11-21T15:24:19.102028+00:00,7.278274457,7.280881118,7.26292992,7.265532017,4214,synthetic
900000001,2024-11-21T15:24:19.102028+00:00,2024-11-22T15:24:19.102028+00:00,7.265532017,7.272769299,7.215942688,7.223137741,4221,synthetic
900000001,2024-11-22T15:24:19.102028+00:00,2024-11-23T15:24:19.102028+00:00,7.223137741,7.224500854,7.192893533,7.194251195,4228,synthetic
900000001,2024-11-23T15:24:19.102028+00:00,2024-11-24T15:24:19.102028+00:00,7.194251195,7.235688859,7.187830262,7.229236701,4235,synthetic
900000001,2024-11-24T15:24:19.102028+00:00,2024-11-25T15:24:19.102028+00:00,7.229236701,7.285669955,7.224330254,7.28072856,4242,synthetic
900000001,2024-11-25T15:24:19.102028+00:00,2024-11-26T15:24:19.102028+00:00,7.28072856,7.291648181,7.276943231,7.287859145,4249,synthetic
900000001,2024-11-26T15:24:19.102028+00:00,2024-11-27T15:24:19.102028+00:00,7.287859145,7.29488553,7.265403223,7.272414717,4256,synthetic
900000001,2024-11-27T15:24:19.102028+00:00,2024-11-28T15:24:19.102028+00:00,7.272414717,7.272482965,7.25708159,7.257149695,4263,synthetic
900000001,2024-11-28T15:24:19.102028+00:00,2024-11-29T15:24:19.102028+00:00,7.257149695,7.264109083,7.215877412,7.222803864,4270,synthetic
900000001,2024-11-29T15:24:19.102028+00:00,2024-11-30T15:24:19.102028+00:00,7.222803864,7.226674213,7.193032013,7.196888475,4277,synthetic
900000001,2024-11-30T15:24:19.102028+00:00,2024-12-01T15:24:19.102028+00:00,7.196888475,7.235507667,7.192104043,7.230700757,4284,synthetic
900000001,2024-12-01T15:24:19.102028+00:00,2024-12-02T15:24:19.102028+00:00,7.230700757,7.292524817,7.224187221,7.285961501,4291,synthetic
900000001,2024-12-02T15:24:19.102028+00:00,2024-12-03T15:24:19.102028+00:00,7.285961501,7.293884961,7.284721062,7.292643384,4298,synthetic
900000001,2024-12-03T15:24:19.102028+00:00,2024-12-04T15:24:19.102028+00:00,7.292643384,7.299894335,7.259731272,7.266956683,4305,synthetic
900000001,2024-12-04T15:24:19.102028+00:00,2024-12-05T15:24:19.102028+00:00,7.266956683,7.269686172,7.245302709,7.248025088,4312,synthetic
900000001,2024-12-05T15:24:19.102028+00:00,2024-12-06T15:24:19.102028+00:00,7.248025088,7.253737111,7.216684106,7.222375916,4319,synthetic
900000001,2024-12-06T15:24:19.102028+00:00,2024-12-07T15:24:19.102028+00:00,7.222375916,7.228213419,7.195489252,7.201309728,4326,synthetic
900000001,2024-12-07T15:24:19.102028+00:00,2024-12-08T15:24:19.102028+00:00,7.201309728,7.235292123,7.198829915,7.232801465,4333,synthetic
900000001,2024-12-08T15:24:19.102028+00:00,2024-12-09T15:24:19.102028+00:00,7.232801465,7.29688636,7.225588184,7.289616418,4340,synthetic
900000001,2024-12-09T15:24:19.102028+00:00,2024-12-10T15:24:19.102028+00:00,7.289616418,7.298186533,7.2881355,7.296704176,4347,synthetic
900000001,2024-12-10T15:24:19.102028+00:00,2024-12-11T15:24:19.102028+00:00,7.296704176,7.303167384,7.255671035,7.262103595,4354,synthetic
900000001,2024-12-11T15:24:19.102028+00:00,2024-12-12T15:24:19.102028+00:00,7.262103595,7.267110348,7.233569763,7.238560284,4361,synthetic
900000001,2024-12-12T15:24:19.102028+00:00,2024-12-13T15:24:19.102028+00:00,7.238560284,7.242232234,7.218008014,7.221671397,4368,synthetic
900000001,2024-12-13T15:24:19.102028+00:00,2024-12-14T15:24:19.102028+00:00,7.221671397,7.228661442,7.20029039,7.207266492,4375,synthetic
900000001,2024-12-14T15:24:19.102028+00:00,2024-12-15T15:24:19.102028+00:00,7.207266492,7.235926372,7.207092743,7.235751937,4382,synthetic
900000001,2024-12-15T15:24:19.102028+00:00,2024-12-16T15:24:19.102028+00:00,7.235751937,7.298666581,7.228844027,7.291705253,4389,synthetic
900000001,2024-12-16T15:24:19.102028+00:00,2024-12-17T15:24:19.102028+00:00,7.291705253,7.303690821,7.287707755,7.299688946,4396,synthetic
900000001,2024-12-17T15:24:19.102028+00:00,2024-12-18T15:24:19.102028+00:00,7.299688946,7.304460898,7.253221236,7.257965913,4403,synthetic
900000001,2024-12-18T15:24:19.102028+00:00,2024-12-19T15:24:19.102028+00:00,7.257965913,7.264549704,7.222639582,7.229197277,4410,synthetic
900000001,2024-12-19T15:24:19.102028+00:00,2024-12-20T15:24:19.102028+00:00,7.229197277,7.230323026,7.219458066,7.220582473,4417,synthetic
900000001,2024-12-20T15:24:19.102028+00:00,2024-12-21T15:24:19.102028+00:00,7.220582473,7.227749644,7.207262604,7.214423661,4424,synthetic
900000001,2024-12-21T15:24:19.102028+00:00,2024-12-22T15:24:19.102028+00:00,7.214423661,7.24251927,7.211615746,7.239701517,4431,synthetic
900000001,2024-12-22T15:24:19.102028+00:00,2024-12-23T15:24:19.102028+00:00,7.239701517,7.298024849,7.234062292,7.292344619,4438,synthetic
900000001,2024-12-23T15:24:19.102028+00:00,2024-12-24T15:24:19.102028+00:00,7.292344619,7.307249362,7.286387976,7.301285415,4445,synthetic
900000001,2024-12-24T15:24:19.102028+00:00,2024-12-25T15:24:19.102028+00:00,7.301285415,7.303698449,7.252159681,7.254557272,4452,synthetic
900000001,2024-12-25T15:24:19.102028+00:00,2024-12-26T15:24:19.102028+00:00,7.254557272,7.261799308,7.213177721,7.220385645,4459,synthetic
900000001,2024-12-26T15:24:19.102028+00:00,2024-12-27T15:24:19.102028+00:00,7.220385645,7.221956439,7.217518239,7.219088751,4466,synthetic
900000001,2024-12-27T15:24:19.102028+00:00,2024-12-28T15:24:19.102028+00:00,7.219088751,7.2287333,7.212744321,7.222385972,4473,synthetic
900000001,2024-12-28T15:24:19.102028+00:00,2024-12-29T15:24:19.102028+00:00,7.222385972,7.249786374,7.21733011,7.244714881,4480,synthetic
900000001,2024-12-29T15:24:19.102028+00:00,2024-12-30T15:24:19.102028+00:00,7.244714881,7.295345821,7.241132139,7.291739823,4487,synthetic
900000001,2024-12-30T15:24:19.102028+00:00,2024-12-31T15:24:19.102028+00:00,7.291739823,7.30834376,7.284655748,7.301250445,4494,synthetic
900000001,2024-12-31T15:24:19.102028+00:00,2025-01-01T15:24:19.102028+00:00,7.301250445,7.301533917,7.251518177,7.251799729,4501,synthetic
900000001,2025-01-01T15:24:19.102028+00:00,2025-01-02T15:24:19.102028+00:00,7.251799729,7.258690432,7.20569583,7.212549236,4508,synthetic
900000001,2025-01-02T15:24:19.102028+00:00,2025-01-03T15:24:19.102028+00:00,7.212549236,7.221306386,7.208506742,7.217261251,4515,synthetic
900000001,2025-01-03T15:24:19.102028+00:00,2025-01-04T15:24:19.102028+00:00,7.217261251,7.235374821,7.212624114,7.230729031,4522,synthetic
900000001,2025-01-04T15:24:19.102028+00:00,2025-01-05T15:24:19.102028+00:00,7.230729031,7.257380131,7.224125846,7.250758655,4529,synthetic
900000001,2025-01-05T15:24:19.102028+00:00,2025-01-06T15:24:19.102028+00:00,7.250758655,7.291190766,7.249735133,7.290161683,4536,synthetic
900000001,2025-01-06T15:24:19.102028+00:00,2025-01-07T15:24:19.102028+00:00,7.290161683,7.306665284,7.282939264,7.29943368,4543,synthetic
900000001,2025-01-07T15:24:19.102028+00:00,2025-01-08T15:24:19.102028+00:00,7.29943368,7.30237338,7.246618096,7.249537702,4550,synthetic
900000001,2025-01-08T15:24:19.102028+00:00,2025-01-09T15:24:19.102028+00:00,7.249537702,7.255117034,7.200508881,7.206054748,4557,synthetic
900000001,2025-01-09T15:24:19.102028+00:00,2025-01-10T15:24:19.102028+00:00,7.206054748,7.221211486,7.200108017,7.215257161,4564,synthetic
900000001,2025-01-10T15:24:19.102028+00:00,2025-01-11T15:24:19.102028+00:00,7.215257161,7.241323778,7.212973089,7.23903218,4571,synthetic
900000001,2025-01-11T15:24:19.102028+00:00,2025-01-12T15:24:19.102028+00:00,7.23903218,7.264947532,7.231800166,7.257696872,4578,synthetic
900000001,2025-01-12T15:24:19.102028+00:00,2025-01-13T15:24:19.102028+00:00,7.257696872,7.289608346,7.256013824,7.28791829,4585,synthetic
900000001,2025-01-13T15:24:19.102028+00:00,2025-01-14T15:24:19.102028+00:00,7.28791829,7.302153715,7.281565264,7.295793824,4592,synthetic
900000001,2025-01-14T15:24:19.102028+00:00,2025-01-15T15:24:19.102028+00:00,7.295793824,7.300977236,7.242410087,7.24755923,4599,synthetic
900000001,2025-01-15T15:24:19.102028+00:00,2025-01-16T15:24:19.102028+00:00,7.24755923,7.251050235,7.197716209,7.201184877,4606,synthetic
900000001,2025-01-16T15:24:19.102028+00:00,2025-01-17T15:24:19.102028+00:00,7.201184877,7.220338135,7.194164411,7.213305852,4613,synthetic
900000001,2025-01-17T15:24:19.102028+00:00,2025-01-18T15:24:19.102028+00:00,7.213305852,7.247298298,7.212919691,7.246910338,4620,synthetic
900000001,2025-01-18T15:24:19.102028+00:00,2025-01-19T15:24:19.102028+00:00,7.246910338,7.27216528,7.24005828,7.265295838,4627,synthetic
900000001,2025-01-19T15:24:19.102028+00:00,2025-01-20T15:24:19.102028+00:00,7.265295838,7.289496014,7.261135626,7.285324332,4634,synthetic
900000001,2025-01-20T15:24:19.102028+00:00,2025-01-21T15:24:19.102028+00:00,7.285324332,7.29500741,7.280726174,7.290406044,4641,synthetic
900000001,2025-01-21T15:24:19.102028+00:00,2025-01-22T15:24:19.102028+00:00,7.290406044,7.297106749,7.238962966,7.245622509,4648,synthetic
900000001,2025-01-22T15:24:19.102028+00:00,2025-01-23T15:24:19.102028+00:00,7.245622509,7.246539574,7.197207313,7.198118365,4655,synthetic
900000001,2025-01-23T15:24:19.102028+00:00,2025-01-24T15:24:19.102028+00:00,7.198118365,7.218816834,7.191002323,7.211687378,4662,synthetic
900000001,2025-01-24T15:24:19.102028+00:00,2025-01-25T15:24:19.102028+00:00,7.211687378,7.257060944,7.208686133,7.254042073,4669,synthetic
900000001,2025-01-25T15:24:19.102028+00:00,2025-01-26T15:24:19.102028+00:00,7.254042073,7.27876667,7.248528081,7.273238087,4676,synthetic
900000001,2025-01-26T15:24:19.102028+00:00,2025-01-27T15:24:19.102028+00:00,7.273238087,7.288740656,7.267176079,7.282670787,4683,synthetic
900000001,2025-01-27T15:24:19.102028+00:00,2025-01-28T15:24:19.102028+00:00,7.282670787,7.285663451,7.280467344,7.283459769,4690,synthetic
900000001,2025-01-28T15:24:19.102028+00:00,2025-01-29T15:24:19.102028+00:00,7.283459769,7.290740101,7.236244821,7.243485194,4697,synthetic
900000001,2025-01-29T15:24:19.102028+00:00,2025-01-30T15:24:19.102028+00:00,7.243485194,7.245268515,7.195146758,7.196918614,4704,synthetic
900000001,2025-01-30T15:24:19.102028+00:00,2025-01-31T15:24:19.102028+00:00,7.196918614,7.216938443,7.190697521,7.210705433,4711,synthetic
900000001,2025-01-31T15:24:19.102028+00:00,2025-02-01T15:24:19.102028+00:00,7.210705433,7.265424285,7.20550831,7.260191495,4718,synthetic
900000001,2025-02-01T15:24:19.102028+00:00,2025-02-02T15:24:19.102028+00:00,7.260191495,7.28455714,7.256788469,7.281144293,4725,synthetic
900000001,2025-02-02T15:24:19.102028+00:00,2025-02-03T15:24:19.102028+00:00,7.281144293,7.28826581,7.273077141,7.280197733,4732,synthetic
900000001,2025-02-03T15:24:19.102028+00:00,2025-02-04T15:24:19.102028+00:00,7.280197733,7.280694477,7.274750588,7.275246994,4739,synthetic
900000001,2025-02-04T15:24:19.102028+00:00,2025-02-05T15:24:19.102028+00:00,7.275246994,7.282090221,7.234122734,7.240933684,4746,synthetic
900000001,2025-02-05T15:24:19.102028+00:00,2025-02-06T15:24:19.102028+00:00,7.240933684,7.245166907,7.193323974,7.197531823,4753,synthetic
900000001,2025-02-06T15:24:19.102028+00:00,2025-02-07T15:24:19.102028+00:00,7.197531823,7.215125398,7.193071772,7.210657214,4760,synthetic
900000001,2025-02-07T15:24:19.102028+00:00,2025-02-08T15:24:19.102028+00:00,7.210657214,7.271941114,7.203988694,7.265222132,4767,synthetic
900000001,2025-02-08T15:24:19.102028+00:00,2025-02-09T15:24:19.102028+00:00,7.265222132,7.289417253,7.264408803,7.288601308,4774,synthetic
900000001,2025-02-09T15:24:19.102028+00:00,2025-02-10T15:24:19.102028+00:00,7.288601308,7.295789859,7.270894594,7.278072761,4781,synthetic
900000001,2025-02-10T15:24:19.102028+00:00,2025-02-11T15:24:19.102028+00:00,7.278072761,7.281198751,7.263021187,7.266142052,4788,synthetic
900000001,2025-02-11T15:24:19.102028+00:00,2025-02-12T15:24:19.102028+00:00,7.266142052,7.271595122,7.232377828,7.237809636,4795,synthetic
900000001,2025-02-12T15:24:19.102028+00:00,2025-02-13T15:24:19.102028+00:00,7.237809636,7.243900351,7.193736017,7.199794742,4802,synthetic
900000001,2025-02-13T15:24:19.102028+00:00,2025-02-14T15:24:19.102028+00:00,7.199794742,7.213883499,7.197717656,7.211802948,4809,synthetic
900000001,2025-02-14T15:24:19.102028+00:00,2025-02-15T15:24:19.102028+00:00,7.211802948,7.276369998,7.204591912,7.26910167,4816,synthetic
900000001,2025-02-15T15:24:19.102028+00:00,2025-02-16T15:24:19.102028+00:00,7.26910167,7.297093875,7.267208496,7.295193906,4823,synthetic
900000001,2025-02-16T15:24:19.102028+00:00,2025-02-17T15:24:19.102028+00:00,7.295193906,7.301445256,7.27014168,7.276376906,4830,synthetic
900000001,2025-02-17T15:24:19.102028+00:00,2025-02-18T15:24:19.102028+00:00,7.276376906,7.281695063,7.251270872,7.256574556,4837,synthetic
900000001,2025-02-18T15:24:19.102028+00:00,2025-02-19T15:24:19.102028+00:00,7.256574556,7.259881133,7.230734881,7.234031185,4844,synthetic
900000001,2025-02-19T15:24:19.102028+00:00,2025-02-20T15:24:19.102028+00:00,7.234031185,7.241128037,7.196384434,7.203451286,4851,synthetic
900000001,2025-02-20T15:24:19.102028+00:00,2025-02-21T15:24:19.102028+00:00,7.203451286,7.214936077,7.202854011,7.214337898,4858,synthetic
900000001,2025-02-21T15:24:19.102028+00:00,2025-02-22T15:24:19.102028+00:00,7.214337898,7.278700266,7.207588761,7.271897281,4865,synthetic
900000001,2025-02-22T15:24:19.102028+00:00,2025-02-23T15:24:19.102028+00:00,7.271897281,7.304892296,7.267559545,7.300537477,4872,synthetic
900000001,2025-02-23T15:24:19.102028+00:00,2025-02-24T15:24:19.102028+00:00,7.300537477,7.304976494,7.270675798,7.275099348,4879,synthetic
900000001,2025-02-24T15:24:19.102028+00:00,2025-02-25T15:24:19.102028+00:00,7.275099348,7.281867487,7.240255834,7.246997829,4886,synthetic
900000001,2025-02-25T15:24:19.102028+00:00,2025-02-26T15:24:19.102028+00:00,7.246997829,7.247702991,7.228903383,7.229606852,4893,synthetic
900000001,2025-02-26T15:24:19.102028+00:00,2025-02-27T15:24:19.102028+00:00,7.229606852,7.236718867,7.201085559,7.208176493,4900,synthetic
900000001,2025-02-27T15:24:19.102028+00:00,2025-02-28T15:24:19.102028+00:00,7.208176493,7.221565434,7.204985011,7.218369439,4907,synthetic
900000001,2025-02-28T15:24:19.102028+00:00,2025-03-01T15:24:19.102028+00:00,7.218369439,7.27914949,7.213023054,7.273762078,4914,synthetic
900000001,2025-03-01T15:24:19.102028+00:00,2025-03-02T15:24:19.102028+00:00,7.273762078,7.310512931,7.267583911,7.304308819,4921,synthetic
900000001,2025-03-02T15:24:19.102028+00:00,2025-03-03T15:24:19.102028+00:00,7.304308819,7.306312848,7.272145586,7.274141338,4928,synthetic
900000001,2025-03-03T15:24:19.102028+00:00,2025-03-04T15:24:19.102028+00:00,7.274141338,7.281415479,7.230617663,7.237855518,4935,synthetic
900000001,2025-03-04T15:24:19.102028+00:00,2025-03-05T15:24:19.102028+00:00,7.237855518,7.239843246,7.222656652,7.224640751,4942,synthetic
900000001,2025-03-05T15:24:19.102028+00:00,2025-03-06T15:24:19.102028+00:00,7.224640751,7.230776137,7.20747963,7.213605645,4949,synthetic
900000001,2025-03-06T15:24:19.102028+00:00,2025-03-07T15:24:19.102028+00:00,7.213605645,7.229253185,7.208261443,7.223901356,4956,synthetic
900000001,2025-03-07T15:24:19.102028+00:00,2025-03-08T15:24:19.102028+00:00,7.223901356,7.27813328,7.220704709,7.27491406,4963,synthetic
900000001,2025-03-08T15:24:19.102028+00:00,2025-03-09T15:24:19.102028+00:00,7.27491406,7.313460138,7.267757111,7.30627234,4970,synthetic
900000001,2025-03-09T15:24:19.102028+00:00,2025-03-10T15:24:19.102028+00:00,7.30627234,7.306985287,7.272619189,7.273328921,4977,synthetic
900000001,2025-03-10T15:24:19.102028+00:00,2025-03-11T15:24:19.102028+00:00,7.273328921,7.280094673,7.22282425,7.229549277,4984,synthetic
900000001,2025-03-11T15:24:19.102028+00:00,2025-03-12T15:24:19.102028+00:00,7.229549277,7.233946723,7.214937308,7.219328538,4991,synthetic
900000001,2025-03-12T15:24:19.102028+00:00,2025-03-13T15:24:19.102028+00:00,7.219328538,7.223670743,7.215023768,7.219365951,4998,synthetic
900000001,2025-03-13T15:24:19.102028+00:00,2025-03-14T15:24:19.102028+00:00,7.219365951,7.23759217,7.212611402,7.230826899,5005,synthetic
900000001,2025-03-14T15:24:19.102028+00:00,2025-03-15T15:24:19.102028+00:00,7.230826899,7.276210812,7.230229353,7.275609566,5012,synthetic
900000001,2025-03-15T15:24:19.102028+00:00,2025-03-16T15:24:19.102028+00:00,7.275609566,7.31346671,7.268472315,7.306299353,5019,synthetic
900000001,2025-03-16T15:24:19.102028+00:00,2025-03-17T15:24:19.102028+00:00,7.306299353,7.309630392,7.26911766,7.272433259,5026,synthetic
900000001,2025-03-17T15:24:19.102028+00:00,2025-03-18T15:24:19.102028+00:00,7.272433259,7.277747156,7.217132921,7.222410267,5033,synthetic
900000001,2025-03-18T15:24:19.102028+00:00,2025-03-19T15:24:19.102028+00:00,7.222410267,7.22860028,7.207761604,7.213944362,5040,synthetic
900000001,2025-03-19T15:24:19.102028+00:00,2025-03-20T15:24:19.102028+00:00,7.213944362,7.226987734,7.212067487,7.225107954,5047,synthetic
900000001,2025-03-20T15:24:19.102028+00:00,2025-03-21T15:24:19.102028+00:00,7.225107954,7.246169448,7.217883644,7.238931317,5054,synthetic
900000001,2025-03-21T15:24:19.102028+00:00,2025-03-22T15:24:19.102028+00:00,7.238931317,7.27821479,7.236841016,7.276113753,5061,synthetic
900000001,2025-03-22T15:24:19.102028+00:00,2025-03-23T15:24:19.102028+00:00,7.276113753,7.31052441,7.269991896,7.304378772,5068,synthetic
900000001,2025-03-23T15:24:19.102028+00:00,2025-03-24T15:24:19.102028+00:00,7.304378772,7.309861877,7.265738439,7.271196636,5075,synthetic
900000001,2025-03-24T15:24:19.102028+00:00,2025-03-25T15:24:19.102028+00:00,7.271196636,7.27431785,7.213579099,7.21667691,5082,synthetic
900000001,2025-03-25T15:24:19.102028+00:00,2025-03-26T15:24:19.102028+00:00,7.21667691,7.223794855,7.201709715,7.20881991,5089,synthetic
900000001,2025-03-26T15:24:19.102028+00:00,2025-03-27T15:24:19.102028+00:00,7.20881991,7.231345323,7.208010908,7.230533884,5096,synthetic
900000001,2025-03-27T15:24:19.102028+00:00,2025-03-28T15:24:19.102028+00:00,7.230533884,7.254605993,7.223847746,7.247903792,5103,synthetic
900000001,2025-03-28T15:24:19.102028+00:00,2025-03-29T15:24:19.102028+00:00,7.247903792,7.281181534,7.24341095,7.276670859,5110,synthetic
900000001,2025-03-29T15:24:19.102028+00:00,2025-03-30T15:24:19.102028+00:00,7.276670859,7.304884735,7.272418382,7.300618263,5117,synthetic
900000001,2025-03-30T15:24:19.102028+00:00,2025-03-31T15:24:19.102028+00:00,7.300618263,7.307486042,7.262523341,7.269361716,5124,synthetic
900000001,2025-03-31T15:24:19.102028+00:00,2025-04-01T15:24:19.102028+00:00,7.269361716,7.269855709,7.211990628,7.212480755,5131,synthetic
900000001,2025-04-01T15:24:19.102028+00:00,2025-04-02T15:24:19.102028+00:00,7.212480755,7.219534697,7.1972714,7.204317358,5138,synthetic
900000001,2025-04-02T15:24:19.102028+00:00,2025-04-03T15:24:19.102028+00:00,7.204317358,7.238813655,7.200938755,7.235420466,5145,synthetic
900000001,2025-04-03T15:24:19.102028+00:00,2025-04-04T15:24:19.102028+00:00,7.235420466,7.26258717,7.230206922,7.257357819,5152,synthetic
900000001,2025-04-04T15:24:19.102028+00:00,2025-04-05T15:24:19.102028+00:00,7.257357819,7.283768778,7.25108347,7.277477035,5159,synthetic
900000001,2025-04-05T15:24:19.102028+00:00,2025-04-06T15:24:19.102028+00:00,7.277477035,7.297029849,7.275687303,7.295235751,5166,synthetic
900000001,2025-04-06T15:24:19.102028+00:00,2025-04-07T15:24:19.102028+00:00,7.295235751,7.302527793,7.259437794,7.266701314,5173,synthetic
900000001,2025-04-07T15:24:19.102028+00:00,2025-04-08T15:24:19.102028+00:00,7.266701314,7.268901847,7.207658267,7.209841582,5180,synthetic
900000001,2025-04-08T15:24:19.102028+00:00,2025-04-09T15:24:19.102028+00:00,7.209841582,7.215849645,7.194798088,7.200798616,5187,synthetic
900000001,2025-04-09T15:24:19.102028+00:00,2025-04-10T15:24:19.102028+00:00,7.200798616,7.245138543,7.195323798,7.239634198,5194,synthetic
900000001,2025-04-10T15:24:19.102028+00:00,2025-04-11T15:24:19.102028+00:00,7.239634198,7.26988071,7.23662315,7.266858339,5201,synthetic
900000001,2025-04-11T15:24:19.102028+00:00,2025-04-12T15:24:19.102028+00:00,7.266858339,7.285854248,7.259674038,7.278658281,5208,synthetic
900000001,2025-04-12T15:24:19.102028+00:00,2025-04-13T15:24:19.102028+00:00,7.278658281,7.289466506,7.277735031,7.288542002,5215,synthetic
900000001,2025-04-13T15:24:19.102028+00:00,2025-04-14T15:24:19.102028+00:00,7.288542002,7.295240196,7.256371118,7.263045881,5222,synthetic
900000001,2025-04-14T15:24:19.102028+00:00,2025-04-15T15:24:19.102028+00:00,7.263045881,7.267631541,7.204120754,7.208672085,5229,synthetic
900000001,2025-04-15T15:24:19.102028+00:00,2025-04-16T15:24:19.102028+00:00,7.208672085,7.212798234,7.194473207,7.198593587,5236,synthetic
900000001,2025-04-16T15:24:19.102028+00:00,2025-04-17T15:24:19.102028+00:00,7.198593587,7.249986977,7.191786564,7.243137832,5243,synthetic
900000001,2025-04-17T15:24:19.102028+00:00,2025-04-18T15:24:19.102028+00:00,7.243137832,7.276340839,7.242752082,7.275953341,5250,synthetic
900000001,2025-04-18T15:24:19.102028+00:00,2025-04-19T15:24:19.102028+00:00,7.275953341,7.287352646,7.268860432,7.280255543,5257,synthetic
900000001,2025-04-19T15:24:19.102028+00:00,2025-04-20T15:24:19.102028+00:00,7.280255543,7.284424685,7.276747018,7.280915842,5264,synthetic
900000001,2025-04-20T15:24:19.102028+00:00,2025-04-21T15:24:19.102028+00:00,7.280915842,7.286087262,7.253150752,7.258306113,5271,synthetic
900000001,2025-04-21T15:24:19.102028+00:00,2025-04-22T15:24:19.102028+00:00,7.258306113,7.264634311,7.202506542,7.208791571,5278,synthetic
900000001,2025-04-22T15:24:19.102028+00:00,2025-04-23T15:24:19.102028+00:00,7.208791571,7.210461332,7.196303037,7.197970292,5285,synthetic
900000001,2025-04-23T15:24:19.102028+00:00,2025-04-24T15:24:19.102028+00:00,7.197970292,7.253226423,7.190779388,7.245987549,5292,synthetic
900000001,2025-04-24T15:24:19.102028+00:00,2025-04-25T15:24:19.102028+00:00,7.245987549,7.286515019,7.243691841,7.284207203,5299,synthetic
900000001,2025-04-25T15:24:19.102028+00:00,2025-04-26T15:24:19.102028+00:00,7.284207203,7.290217286,7.276209937,7.282218379,5306,synthetic
900000001,2025-04-26T15:24:19.102028+00:00,2025-04-27T15:24:19.102028+00:00,7.282218379,7.287824153,7.267175638,7.272774141,5313,synthetic
900000001,2025-04-27T15:24:19.102028+00:00,2025-04-28T15:24:19.102028+00:00,7.272774141,7.275701258,7.249569567,7.252488519,5320,synthetic
900000001,2025-04-28T15:24:19.102028+00:00,2025-04-29T15:24:19.102028+00:00,7.252488519,7.259673888,7.202804129,7.209947351,5327,synthetic
900000001,2025-04-29T15:24:19.102028+00:00,2025-04-30T15:24:19.102028+00:00,7.209947351,7.210967092,7.198091315,7.199109524,5334,synthetic
900000001,2025-04-30T15:24:19.102028+00:00,2025-05-01T15:24:19.102028+00:00,7.199109524,7.254939641,7.192536028,7.248321211,5341,synthetic
900000001,2025-05-01T15:24:19.102028+00:00,2025-05-02T15:24:19.102028+00:00,7.248321211,7.295919147,7.243662576,7.291232933,5348,synthetic
900000001,2025-05-02T15:24:19.102028+00:00,2025-05-03T15:24:19.102028+00:00,7.291232933,7.295317852,7.280326714,7.28440781,5355,synthetic
900000001,2025-05-03T15:24:19.102028+00:00,2025-05-04T15:24:19.102028+00:00,7.28440781,7.291330126,7.257635784,7.26453922,5362,synthetic
900000001,2025-05-04T15:24:19.102028+00:00,2025-05-05T15:24:19.102028+00:00,7.26453922,7.264819253,7.245423106,7.245702412,5369,synthetic
900000001,2025-05-05T15:24:19.102028+00:00,2025-05-06T15:24:19.102028+00:00,7.245702412,7.252741285,7.20483583,7.211841808,5376,synthetic
900000001,2025-05-06T15:24:19.102028+00:00,2025-05-07T15:24:19.102028+00:00,7.211841808,7.215410033,7.198522965,7.202086363,5383,synthetic
900000001,2025-05-07T15:24:19.102028+00:00,2025-05-08T15:24:19.102028+00:00,7.202086363,7.255412861,7.197046138,7.250338868,5390,synthetic
900000001,2025-05-08T15:24:19.102028+00:00,2025-05-09T15:24:19.102028+00:00,7.250338868,7.303134147,7.243966015,7.296720526,5397,synthetic
900000001,2025-05-09T15:24:19.102028+00:00,2025-05-10T15:24:19.102028+00:00,7.296720526,7.29830595,7.285024897,7.286608125,5404,synthetic
900000001,2025-05-10T15:24:19.102028+00:00,2025-05-11T15:24:19.102028+00:00,7.286608125,7.293882037,7.249362534,7.256606497,5411,synthetic
900000001,2025-05-11T15:24:19.102028+00:00,2025-05-12T15:24:19.102028+00:00,7.256606497,7.259006666,7.235763485,7.238157552,5418,synthetic
900000001,2025-05-12T15:24:19.102028+00:00,2025-05-13T15:24:19.102028+00:00,7.238157552,7.244068775,7.208271004,7.214162631,5425,synthetic
900000001,2025-05-13T15:24:19.102028+00:00,2025-05-14T15:24:19.102028+00:00,7.214162631,7.219783217,7.201245324,7.206860221,5432,synthetic
900000001,2025-05-14T15:24:19.102028+00:00,2025-05-15T15:24:19.102028+00:00,7.206860221,7.255098182,7.204057092,7.252277387,5439,synthetic
900000001,2025-05-15T15:24:19.102028+00:00,2025-05-16T15:24:19.102028+00:00,7.252277387,7.307705706,7.245078512,7.300459004,5446,synthetic
900000001,2025-05-16T15:24:19.102028+00:00,2025-05-17T15:24:19.102028+00:00,7.300459004,7.301597851,7.287409615,7.288546603,5453,synthetic
900000001,2025-05-17T15:24:19.102028+00:00,2025-05-18T15:24:19.102028+00:00,7.288546603,7.295157283,7.242740099,7.249315197,5460,synthetic
900000001,2025-05-18T15:24:19.102028+00:00,2025-05-19T15:24:19.102028+00:00,7.249315197,7.254055741,7.225424518,7.230152531,5467,synthetic
900000001,2025-05-19T15:24:19.102028+00:00,2025-05-20T15:24:19.102028+00:00,7.230152531,7.234114606,7.212658777,7.216613433,5474,synthetic
900000001,2025-05-20T15:24:19.102028+00:00,2025-05-21T15:24:19.102028+00:00,7.216613433,7.223503667,7.20638735,7.213274396,5481,synthetic
900000001,2025-05-21T15:24:19.102028+00:00,2025-05-22T15:24:19.102028+00:00,7.213274396,7.254554494,7.213102503,7.254381622,5488,synthetic
900000001,2025-05-22T15:24:19.102028+00:00,2025-05-23T15:24:19.102028+00:00,7.254381622,7.309417902,7.247360422,7.302350276,5495,synthetic
900000001,2025-05-23T15:24:19.102028+00:00,2025-05-24T15:24:19.102028+00:00,7.302350276,7.306056331,7.28621962,7.289919367,5502,synthetic
900000001,2025-05-24T15:24:19.102028+00:00,2025-05-25T15:24:19.102028+00:00,7.289919367,7.294943831,7.237932547,7.24292462,5509,synthetic
900000001,2025-05-25T15:24:19.102028+00:00,2025-05-26T15:24:19.102028+00:00,7.24292462,7.249341125,7.215656788,7.222054804,5516,synthetic
900000001,2025-05-26T15:24:19.102028+00:00,2025-05-27T15:24:19.102028+00:00,7.222054804,7.223520034,7.217477361,7.218941959,5523,synthetic
900000001,2025-05-27T15:24:19.102028+00:00,2025-05-28T15:24:19.102028+00:00,7.218941959,7.228266653,7.211742648,7.221065224,5530,synthetic
900000001,2025-05-28T15:24:19.102028+00:00,2025-05-29T15:24:19.102028+00:00,7.221065224,7.25937569,7.218576726,7.256874852,5537,synthetic
900000001,2025-05-29T15:24:19.102028+00:00,2025-05-30T15:24:19.102028+00:00,7.256874852,7.308314651,7.251010651,7.302413651,5544,synthetic
900000001,2025-05-30T15:24:19.102028+00:00,2025-05-31T15:24:19.102028+00:00,7.302413651,7.308169784,7.284674334,7.290421014,5551,synthetic
900000001,2025-05-31T15:24:19.102028+00:00,2025-06-01T15:24:19.102028+00:00,7.290421014,7.293157441,7.234881408,7.237598008,5558,synthetic
900000001,2025-06-01T15:24:19.102028+00:00,2025-06-02T15:24:19.102028+00:00,7.237598008,7.244794442,7.207100792,7.214274035,5565,synthetic
900000001,2025-06-02T15:24:19.102028+00:00,2025-06-03T15:24:19.102028+00:00,7.214274035,7.222194676,7.213043827,7.220963328,5572,synthetic
900000001,2025-06-03T15:24:19.102028+00:00,2025-06-04T15:24:19.102028+00:00,7.220963328,7.236392047,7.214459434,7.229880122,5579,synthetic
900000001,2025-06-04T15:24:19.102028+00:00,2025-06-05T15:24:19.102028+00:00,7.229880122,7.264759128,7.225072258,7.25993128,5586,synthetic
900000001,2025-06-05T15:24:19.102028+00:00,2025-06-06T15:24:19.102028+00:00,7.25993128,7.30469111,7.256042737,7.300780688,5593,synthetic
900000001,2025-06-06T15:24:19.102028+00:00,2025-06-07T15:24:19.102028+00:00,7.300780688,7.307782491,7.282784096,7.289775344,5600,synthetic
900000001,2025-06-07T15:24:19.102028+00:00,2025-06-08T15:24:19.102028+00:00,7.289775344,7.289841732,7.233329421,7.233395295,5607,synthetic
900000001,2025-06-08T15:24:19.102028+00:00,2025-06-09T15:24:19.102028+00:00,7.233395295,7.240368637,7.200282924,7.207231043,5614,synthetic
900000001,2025-06-09T15:24:19.102028+00:00,2025-06-10T15:24:19.102028+00:00,7.207231043,7.226333001,7.203482217,7.222576194,5621,synthetic
900000001,2025-06-10T15:24:19.102028+00:00,2025-06-11T15:24:19.102028+00:00,7.222576194,7.244214782,7.21767574,7.239302978,5628,synthetic
900000001,2025-06-11T15:24:19.102028+00:00,2025-06-12T15:24:19.102028+00:00,7.239302978,7.270136977,7.23284093,7.263653193,5635,synthetic
900000001,2025-06-12T15:24:19.102028+00:00,2025-06-13T15:24:19.102028+00:00,7.263653193,7.299056089,7.262284413,7.297680897,5642,synthetic
900000001,2025-06-13T15:24:19.102028+00:00,2025-06-14T15:24:19.102028+00:00,7.297680897,7.304950025,7.280505091,7.28776434,5649,synthetic
900000001,2025-06-14T15:24:19.102028+00:00,2025-06-15T15:24:19.102028+00:00,7.28776434,7.290376288,7.227683949,7.230275292,5656,synthetic
900000001,2025-06-15T15:24:19.102028+00:00,2025-06-16T15:24:19.102028+00:00,7.230275292,7.236054651,7.195568808,7.201325026,5663,synthetic
900000001,2025-06-16T15:24:19.102028+00:00,2025-06-17T15:24:19.102028+00:00,7.201325026,7.229529385,7.195583941,7.223770405,5670,synthetic
900000001,2025-06-17T15:24:19.102028+00:00,2025-06-18T15:24:19.102028+00:00,7.223770405,7.251506352,7.22115788,7.248884744,5677,synthetic
900000001,2025-06-18T15:24:19.102028+00:00,2025-06-19T15:24:19.102028+00:00,7.248884744,7.275292296,7.2416665,7.268054964,5684,synthetic
900000001,2025-06-19T15:24:19.102028+00:00,2025-06-20T15:24:19.102028+00:00,7.268054964,7.294769021,7.266710268,7.293419632,5691,synthetic
900000001,2025-06-20T15:24:19.102028+00:00,2025-06-21T15:24:19.102028+00:00,7.293419632,7.299941418,7.277739147,7.284252736,5698,synthetic
900000001,2025-06-21T15:24:19.102028+00:00,2025-06-22T15:24:19.102028+00:00,7.284252736,7.289176337,7.223221296,7.228106947,5705,synthetic
900000001,2025-06-22T15:24:19.102028+00:00,2025-06-23T15:24:19.102028+00:00,7.228106947,7.231888147,7.193137052,7.196901928,5712,synthetic
900000001,2025-06-23T15:24:19.102028+00:00,2025-06-24T15:24:19.102028+00:00,7.196901928,7.231583624,7.189970483,7.224625477,5719,synthetic
900000001,2025-06-24T15:24:19.102028+00:00,2025-06-25T15:24:19.102028+00:00,7.224625477,7.258217359,7.224584889,7.258176583,5726,synthetic
900000001,2025-06-25T15:24:19.102028+00:00,2025-06-26T15:24:19.102028+00:00,7.258176583,7.280037824,7.251208509,7.273055466,5733,synthetic
900000001,2025-06-26T15:24:19.102028+00:00,2025-06-27T15:24:19.102028+00:00,7.273055466,7.29223244,7.269181346,7.288350174,5740,synthetic
900000001,2025-06-27T15:24:19.102028+00:00,2025-06-28T15:24:19.102028+00:00,7.288350174,7.293215883,7.27434627,7.279205874,5747,synthetic
900000001,2025-06-28T15:24:19.102028+00:00,2025-06-29T15:24:19.102028+00:00,7.279205874,7.285751153,7.22019049,7.226688547,5754,synthetic
900000001,2025-06-29T15:24:19.102028+00:00,2025-06-30T15:24:19.102028+00:00,7.226688547,7.227945709,7.19297518,7.194226695,5761,synthetic
900000001,2025-06-30T15:24:19.102028+00:00,2025-07-01T15:24:19.102028+00:00,7.194226695,7.232486927,7.187070755,7.225300079,5768,synthetic
900000001,2025-07-01T15:24:19.102028+00:00,2025-07-02T15:24:19.102028+00:00,7.225300079,7.26946678,7.222611478,7.26676275,5775,synthetic
900000001,2025-07-02T15:24:19.102028+00:00,2025-07-03T15:24:19.102028+00:00,7.26676275,7.284232535,7.261019151,7.278479676,5782,synthetic
900000001,2025-07-03T15:24:19.102028+00:00,2025-07-04T15:24:19.102028+00:00,7.278479676,7.288712718,7.272613012,7.282842538,5789,synthetic
900000001,2025-07-04T15:24:19.102028+00:00,2025-07-05T15:24:19.102028+00:00,7.282842538,7.285376163,7.270169045,7.272699142,5796,synthetic
900000001,2025-07-05T15:24:19.102028+00:00,2025-07-06T15:24:19.102028+00:00,7.272699142,7.27995015,7.218568779,7.225773001,5803,synthetic
900000001,2025-07-06T15:24:19.102028+00:00,2025-07-07T15:24:19.102028+00:00,7.225773001,7.227214289,7.192027028,7.193461872,5810,synthetic
900000001,2025-07-07T15:24:19.102028+00:00,2025-07-08T15:24:19.102028+00:00,7.193461872,7.232426708,7.187077583,7.226013528,5817,synthetic
900000001,2025-07-08T15:24:19.102028+00:00,2025-07-09T15:24:19.102028+00:00,7.226013528,7.279285633,7.221051408,7.27429036,5824,synthetic
900000001,2025-07-09T15:24:19.102028+00:00,2025-07-10T15:24:19.102028+00:00,7.27429036,7.287788101,7.270576699,7.284069447,5831,synthetic
900000001,2025-07-10T15:24:19.102028+00:00,2025-07-11T15:24:19.102028+00:00,7.284069447,7.291112946,7.270214868,7.277251774,5838,synthetic
900000001,2025-07-11T15:24:19.102028+00:00,2025-07-12T15:24:19.102028+00:00,7.277251774,7.277399807,7.26477025,7.264918032,5845,synthetic
900000001,2025-07-12T15:24:19.102028+00:00,2025-07-13T15:24:19.102028+00:00,7.264918032,7.271861881,7.218191008,7.225096795,5852,synthetic
900000001,2025-07-13T15:24:19.102028+00:00,2025-07-14T15:24:19.102028+00:00,7.225096795,7.229034989,7.190732809,7.19465441,5859,synthetic
900000001,2025-07-14T15:24:19.102028+00:00,2025-07-15T15:24:19.102028+00:00,7.19465441,7.231766047,7.189930647,7.227021033,5866,synthetic
900000001,2025-07-15T15:24:19.102028+00:00,2025-07-16T15:24:19.102028+00:00,7.227021033,7.287086168,7.220476815,7.28049353,5873,synthetic
900000001,2025-07-16T15:24:19.102028+00:00,2025-07-17T15:24:19.102028+00:00,7.28049353,7.290664808,7.279332714,7.289502555,5880,synthetic
900000001,2025-07-17T15:24:19.102028+00:00,2025-07-18T15:24:19.102028+00:00,7.289502555,7.296741418,7.264667235,7.271888607,5887,synthetic
900000001,2025-07-18T15:24:19.102028+00:00,2025-07-19T15:24:19.102028+00:00,7.271888607,7.274693638,7.253349725,7.256148684,5894,synthetic
900000001,2025-07-19T15:24:19.102028+00:00,2025-07-20T15:24:19.102028+00:00,7.256148684,7.261817819,7.218765574,7.224409912,5901,synthetic
900000001,2025-07-20T15:24:19.102028+00:00,2025-07-21T15:24:19.102028+00:00,7.224409912,7.230295325,7.191868159,7.197731838,5908,synthetic
900000001,2025-07-21T15:24:19.102028+00:00,2025-07-22T15:24:19.102028+00:00,7.197731838,7.230999689,7.195327457,7.228585001,5915,synthetic
900000001,2025-07-22T15:24:19.102028+00:00,2025-07-23T15:24:19.102028+00:00,7.228585001,7.292480817,7.221370543,7.285209844,5922,synthetic
900000001,2025-07-23T15:24:19.102028+00:00,2025-07-24T15:24:19.102028+00:00,7.285209844,7.29597846,7.283651741,7.294418387,5929,synthetic
900000001,2025-07-24T15:24:19.102028+00:00,2025-07-25T15:24:19.102028+00:00,7.294418387,7.300842083,7.260595436,7.266994982,5936,synthetic
900000001,2025-07-25T15:24:19.102028+00:00,2025-07-26T15:24:19.102028+00:00,7.266994982,7.272062489,7.241706252,7.246759648,5943,synthetic
900000001,2025-07-26T15:24:19.102028+00:00,2025-07-27T15:24:19.102028+00:00,7.246759648,7.2503671,7.219908021,7.223503897,5950,synthetic
900000001,2025-07-27T15:24:19.102028+00:00,2025-07-28T15:24:19.102028+00:00,7.223503897,7.230515182,7.195517243,7.20250815,5957,synthetic
900000001,2025-07-28T15:24:19.102028+00:00,2025-07-29T15:24:19.102028+00:00,7.20250815,7.231198626,7.202255622,7.2309451,5964,synthetic
900000001,2025-07-29T15:24:19.102028+00:00,2025-07-30T15:24:19.102028+00:00,7.2309451,7.295321785,7.224065775,7.288387811,5971,synthetic
900000001,2025-07-30T15:24:19.102028+00:00,2025-07-31T15:24:19.102028+00:00,7.288387811,7.302515879,7.284325575,7.298448035,5978,synthetic
900000001,2025-07-31T15:24:19.102028+00:00,2025-08-01T15:24:19.102028+00:00,7.298448035,7.303158367,7.258039389,7.262726667,5985,synthetic
900000001,2025-08-01T15:24:19.102028+00:00,2025-08-02T15:24:19.102028+00:00,7.262726667,7.269347879,7.230578428,7.237176347,5992,synthetic
900000001,2025-08-02T15:24:19.102028+00:00,2025-08-03T15:24:19.102028+00:00,7.237176347,7.23822493,7.221189045,7.222235463,5999,synthetic
900000001,2025-08-03T15:24:19.102028+00:00,2025-08-04T15:24:19.102028+00:00,7.222235463,7.229394236,7.201553521,7.208698876,6006,synthetic
900000001,2025-08-04T15:24:19.102028+00:00,2025-08-05T15:24:19.102028+00:00,7.208698876,7.237178358,7.205820591,7.234289855,6013,synthetic
900000001,2025-08-05T15:24:19.102028+00:00,2025-08-06T15:24:19.102028+00:00,7.234289855,7.295712796,7.228704899,7.290084766,6020,synthetic
900000001,2025-08-06T15:24:19.102028+00:00,2025-08-07T15:24:19.102028+00:00,7.290084766,7.307255826,7.284084241,7.301246114,6027,synthetic
900000001,2025-08-07T15:24:19.102028+00:00,2025-08-08T15:24:19.102028+00:00,7.301246114,7.303583477,7.256820506,7.259144391,6034,synthetic
900000001,2025-08-08T15:24:19.102028+00:00,2025-08-09T15:24:19.102028+00:00,7.259144391,7.266395243,7.220630829,7.227850423,6041,synthetic
900000001,2025-08-09T15:24:19.102028+00:00,2025-08-10T15:24:19.102028+00:00,7.227850423,7.229500055,7.218895458,7.220543423,6048,synthetic
900000001,2025-08-10T15:24:19.102028+00:00,2025-08-11T15:24:19.102028+00:00,7.220543423,7.226850998,7.209640464,7.215944021,6055,synthetic
900000001,2025-08-11T15:24:19.102028+00:00,2025-08-12T15:24:19.102028+00:00,7.215944021,7.243856134,7.210836503,7.238732486,6062,synthetic
900000001,2025-08-12T15:24:19.102028+00:00,2025-08-13T15:24:19.102028+00:00,7.238732486,7.293991234,7.235221863,7.290455526,6069,synthetic
900000001,2025-08-13T15:24:19.102028+00:00,2025-08-14T15:24:19.102028+00:00,7.290455526,7.309634571,7.283354193,7.302521485,6076,synthetic
900000001,2025-08-14T15:24:19.102028+00:00,2025-08-15T15:24:19.102028+00:00,7.302521485,7.302884954,7.255853053,7.256214216,6083,synthetic
900000001,2025-08-15T15:24:19.102028+00:00,2025-08-16T15:24:19.102028+00:00,7.256214216,7.26308392,7.212391874,7.219226561,6090,synthetic
900000001,2025-08-16T15:24:19.102028+00:00,2025-08-17T15:24:19.102028+00:00,7.219226561,7.223338072,7.21434627,7.218457343,6097,synthetic
900000001,2025-08-17T15:24:19.102028+00:00,2025-08-18T15:24:19.102028+00:00,7.218457343,7.228417281,7.213880331,7.223836858,6104,synthetic
900000001,2025-08-18T15:24:19.102028+00:00,2025-08-19T15:24:19.102028+00:00,7.223836858,7.250940787,7.217208105,7.244293264,6111,synthetic
900000001,2025-08-19T15:24:19.102028+00:00,2025-08-20T15:24:19.102028+00:00,7.244293264,7.290682816,7.243349307,7.289732939,6118,synthetic
900000001,2025-08-20T15:24:19.102028+00:00,2025-08-21T15:24:19.102028+00:00,7.289732939,7.309287018,7.282522243,7.302064126,6125,synthetic
900000001,2025-08-21T15:24:19.102028+00:00,2025-08-22T15:24:19.102028+00:00,7.302064126,7.305077952,7.250823101,7.253817013,6132,synthetic
900000001,2025-08-22T15:24:19.102028+00:00,2025-08-23T15:24:19.102028+00:00,7.253817013,7.259348548,7.206210222,7.211709647,6139,synthetic
900000001,2025-08-23T15:24:19.102028+00:00,2025-08-24T15:24:19.102028+00:00,7.211709647,7.222096425,7.205713973,7.216097104,6146,synthetic
900000001,2025-08-24T15:24:19.102028+00:00,2025-08-25T15:24:19.102028+00:00,7.216097104,7.234170094,7.213887913,7.231956048,6153,synthetic
900000001,2025-08-25T15:24:19.102028+00:00,2025-08-26T15:24:19.102028+00:00,7.231956048,7.258137035,7.224728048,7.250890111,6160,synthetic
900000001,2025-08-26T15:24:19.102028+00:00,2025-08-27T15:24:19.102028+00:00,7.250890111,7.289969863,7.249131451,7.288202153,6167,synthetic
900000001,2025-08-27T15:24:19.102028+00:00,2025-08-28T15:24:19.102028+00:00,7.288202153,7.30608949,7.281888396,7.299765716,6174,synthetic
900000001,2025-08-28T15:24:19.102028+00:00,2025-08-29T15:24:19.102028+00:00,7.299765716,7.305007932,7.246558324,7.25176607,6181,synthetic
900000001,2025-08-29T15:24:19.102028+00:00,2025-08-30T15:24:19.102028+00:00,7.25176607,7.255189251,7.20223368,7.205635085,6188,synthetic
900000001,2025-08-30T15:24:19.102028+00:00,2025-08-31T15:24:19.102028+00:00,7.205635085,7.220713158,7.198593123,7.21366335,6195,synthetic
900000001,2025-08-31T15:24:19.102028+00:00,2025-09-01T15:24:19.102028+00:00,7.21366335,7.240365076,7.213198256,7.239898291,6202,synthetic
900000001,2025-09-01T15:24:19.102028+00:00,2025-09-02T15:24:19.102028+00:00,7.239898291,7.265174991,7.233079105,7.258338437,6209,synthetic
900000001,2025-09-02T15:24:19.102028+00:00,2025-09-03T15:24:19.102028+00:00,7.258338437,7.290408407,7.254117249,7.286171033,6216,synthetic
900000001,2025-09-03T15:24:19.102028+00:00,2025-09-04T15:24:19.102028+00:00,7.286171033,7.300174445,7.281634548,7.29563207,6223,synthetic
900000001,2025-09-04T15:24:19.102028+00:00,2025-09-05T15:24:19.102028+00:00,7.29563207,7.302368674,7.24313681,7.249831123,6230,synthetic
900000001,2025-09-05T15:24:19.102028+00:00,2025-09-06T15:24:19.102028+00:00,7.249831123,7.250669858,7.200411693,7.201244806,6237,synthetic
900000001,2025-09-06T15:24:19.102028+00:00,2025-09-07T15:24:19.102028+00:00,7.201244806,7.218536538,7.194137984,7.211419674,6244,synthetic
900000001,2025-09-07T15:24:19.102028+00:00,2025-09-08T15:24:19.102028+00:00,7.211419674,7.25039676,7.208346864,7.247308658,6251,synthetic
900000001,2025-09-08T15:24:19.102028+00:00,2025-09-09T15:24:19.102028+00:00,7.247308658,7.271831626,7.241851719,7.266360343,6258,synthetic
900000001,2025-09-09T15:24:19.102028+00:00,2025-09-10T15:24:19.102028+00:00,7.266360343,7.290054097,7.260260431,7.283939428,6265,synthetic
900000001,2025-09-10T15:24:19.102028+00:00,2025-09-11T15:24:19.102028+00:00,7.283939428,7.291915558,7.281811812,7.289786234,6272,synthetic
900000001,2025-09-11T15:24:19.102028+00:00,2025-09-12T15:24:19.102028+00:00,7.289786234,7.297074793,7.240519984,7.24776653,6279,synthetic
900000001,2025-09-12T15:24:19.102028+00:00,2025-09-13T15:24:19.102028+00:00,7.24776653,7.249627776,7.196822392,7.19867103,6286,synthetic
900000001,2025-09-13T15:24:19.102028+00:00,2025-09-14T15:24:19.102028+00:00,7.19867103,7.215860145,7.192488459,7.20966813,6293,synthetic
900000001,2025-09-14T15:24:19.102028+00:00,2025-09-15T15:24:19.102028+00:00,7.20966813,7.259189041,7.2044173,7.253905993,6300,synthetic
900000001,2025-09-15T15:24:19.102028+00:00,2025-09-16T15:24:19.102028+00:00,7.253905993,7.277941679,7.250576335,7.274602521,6307,synthetic
900000001,2025-09-16T15:24:19.102028+00:00,2025-09-17T15:24:19.102028+00:00,7.274602521,7.288908437,7.267471228,7.281770118,6314,synthetic
900000001,2025-09-17T15:24:19.102028+00:00,2025-09-18T15:24:19.102028+00:00,7.281770118,7.283038413,7.281193686,7.282461926,6321,synthetic
900000001,2025-09-18T15:24:19.102028+00:00,2025-09-19T15:24:19.102028+00:00,7.282461926,7.289284436,7.238553173,7.245340907,6328,synthetic
900000001,2025-09-19T15:24:19.102028+00:00,2025-09-20T15:24:19.102028+00:00,7.245340907,7.249640867,7.193657298,7.197929121,6335,synthetic
900000001,2025-09-20T15:24:19.102028+00:00,2025-09-21T15:24:19.102028+00:00,7.197929121,7.213124998,7.193531,7.208720284,6342,synthetic
900000001,2025-09-21T15:24:19.102028+00:00,2025-09-22T15:24:19.102028+00:00,7.208720284,7.266244773,7.202023904,7.259501222,6349,synthetic
900000001,2025-09-22T15:24:19.102028+00:00,2025-09-23T15:24:19.102028+00:00,7.259501222,7.283397274,7.258767635,7.282661347,6356,synthetic
900000001,2025-09-23T15:24:19.102028+00:00,2025-09-24T15:24:19.102028+00:00,7.282661347,7.289830431,7.272697756,7.279864086,6363,synthetic
900000001,2025-09-24T15:24:19.102028+00:00,2025-09-25T15:24:19.102028+00:00,7.279864086,7.283062699,7.270791768,7.273987799,6370,synthetic
900000001,2025-09-25T15:24:19.102028+00:00,2025-09-26T15:24:19.102028+00:00,7.273987799,7.279393749,7.236982999,7.242365448,6377,synthetic
900000001,2025-09-26T15:24:19.102028+00:00,2025-09-27T15:24:19.102028+00:00,7.242365448,7.248502506,7.192819866,7.198920109,6384,synthetic
900000001,2025-09-27T15:24:19.102028+00:00,2025-09-28T15:24:19.102028+00:00,7.198920109,7.210870387,7.196918934,7.208866447,6391,synthetic
900000001,2025-09-28T15:24:19.102028+00:00,2025-09-29T15:24:19.102028+00:00,7.208866447,7.271271004,7.201657628,7.264007045,6398,synthetic
900000001,2025-09-29T15:24:19.102028+00:00,2025-09-30T15:24:19.102028+00:00,7.264007045,7.292088718,7.262038457,7.290113055,6405,synthetic
900000001,2025-09-30T15:24:19.102028+00:00,2025-10-01T15:24:19.102028+00:00,7.290113055,7.296318497,7.272146932,7.278342355,6412,synthetic
900000001,2025-10-01T15:24:19.102028+00:00,2025-10-02T15:24:19.102028+00:00,7.278342355,7.283716065,7.259400196,7.264763881,6419,synthetic
900000001,2025-10-02T15:24:19.102028+00:00,2025-10-03T15:24:19.102028+00:00,7.264763881,7.268003125,7.235490591,7.238718222,6426,synthetic
900000001,2025-10-03T15:24:19.102028+00:00,2025-10-04T15:24:19.102028+00:00,7.238718222,7.245834621,7.19436282,7.201442573,6433,synthetic
900000001,2025-10-04T15:24:19.102028+00:00,2025-10-05T15:24:19.102028+00:00,7.201442573,7.211022444,7.200766856,7.210345891,6440,synthetic
900000001,2025-10-05T15:24:19.102028+00:00,2025-10-06T15:24:19.102028+00:00,7.210345891,7.274208543,7.203628808,7.267438272,6447,synthetic
900000001,2025-10-06T15:24:19.102028+00:00,2025-10-07T15:24:19.102028+00:00,7.267438272,7.300962728,7.263039538,7.296546375,6454,synthetic
900000001,2025-10-07T15:24:19.102028+00:00,2025-10-08T15:24:19.102028+00:00,7.296546375,7.30091922,7.272874754,7.277236026,6461,synthetic
900000001,2025-10-08T15:24:19.102028+00:00,2025-10-09T15:24:19.102028+00:00,7.277236026,7.284034994,7.248453747,7.255232158,6468,synthetic
900000001,2025-10-09T15:24:19.102028+00:00,2025-10-10T15:24:19.102028+00:00,7.255232158,7.25585895,7.233737176,7.234362165,6475,synthetic
900000001,2025-10-10T15:24:19.102028+00:00,2025-10-11T15:24:19.102028+00:00,7.234362165,7.241464191,7.198139349,7.205212759,6482,synthetic
900000001,2025-10-11T15:24:19.102028+00:00,2025-10-12T15:24:19.102028+00:00,7.205212759,7.216585243,7.201951984,7.213320799,6489,synthetic
900000001,2025-10-12T15:24:19.102028+00:00,2025-10-13T15:24:19.102028+00:00,7.213320799,7.275233622,7.208031583,7.269902917,6496,synthetic
900000001,2025-10-13T15:24:19.102028+00:00,2025-10-14T15:24:19.102028+00:00,7.269902917,7.307838476,7.263686352,7.30159481,6503,synthetic
900000001,2025-10-14T15:24:19.102028+00:00,2025-10-15T15:24:19.102028+00:00,7.30159481,7.303521031,7.274565793,7.27648539,6510,synthetic
900000001,2025-10-15T15:24:19.102028+00:00,2025-10-16T15:24:19.102028+00:00,7.27648539,7.283761427,7.23859847,7.245843868,6517,synthetic
900000001,2025-10-16T15:24:19.102028+00:00,2025-10-17T15:24:19.102028+00:00,7.245843868,7.24791002,7.227293539,7.22935499,6524,synthetic
900000001,2025-10-17T15:24:19.102028+00:00,2025-10-18T15:24:19.102028+00:00,7.22935499,7.23545218,7.203810326,7.209891101,6531,synthetic
900000001,2025-10-18T15:24:19.102028+00:00,2025-10-19T15:24:19.102028+00:00,7.209891101,7.22325652,7.204496904,7.217856364,6538,synthetic
900000001,2025-10-19T15:24:19.102028+00:00,2025-10-20T15:24:19.102028+00:00,7.217856364,7.27473107,7.214733514,7.271584974,6545,synthetic
900000001,2025-10-20T15:24:19.102028+00:00,2025-10-21T15:24:19.102028+00:00,7.271584974,7.312166175,7.264417439,7.304965737,6552,synthetic
900000001,2025-10-21T15:24:19.102028+00:00,2025-10-22T15:24:19.102028+00:00,7.304965737,7.305758182,7.275158867,7.275948165,6559,synthetic
900000001,2025-10-22T15:24:19.102028+00:00,2025-10-23T15:24:19.102028+00:00,7.275948165,7.282686683,7.230323814,7.237026285,6566,synthetic
900000001,2025-10-23T15:24:19.102028+00:00,2025-10-24T15:24:19.102028+00:00,7.237026285,7.241490963,7.219393483,7.223850033,6573,synthetic
900000001,2025-10-24T15:24:19.102028+00:00,2025-10-25T15:24:19.102028+00:00,7.223850033,7.228093691,7.210874212,7.215112738,6580,synthetic
900000001,2025-10-25T15:24:19.102028+00:00,2025-10-26T15:24:19.102028+00:00,7.215112738,7.230695272,7.208334662,7.223908933,6587,synthetic
900000001,2025-10-26T15:24:19.102028+00:00,2025-10-27T15:24:19.102028+00:00,7.223908933,7.273242114,7.223390886,7.272720567,6594,synthetic
900000001,2025-10-27T15:24:19.102028+00:00,2025-10-28T15:24:19.102028+00:00,7.272720567,7.313615329,7.265602047,7.306463781,6601,synthetic
900000001,2025-10-28T15:24:19.102028+00:00,2025-10-29T15:24:19.102028+00:00,7.306463781,7.309865957,7.272028348,7.275416066,6608,synthetic
900000001,2025-10-29T15:24:19.102028+00:00,2025-10-30T15:24:19.102028+00:00,7.275416066,7.280677394,7.223923983,7.229151854,6615,synthetic
900000001,2025-10-30T15:24:19.102028+00:00,2025-10-31T15:24:19.102028+00:00,7.229151854,7.23538809,7.211861146,7.218087837,6622,synthetic
900000001,2025-10-31T15:24:19.102028+00:00,2025-11-01T15:24:19.102028+00:00,7.218087837,7.222321356,7.216286371,7.220519284,6629,synthetic
900000001,2025-11-01T15:24:19.102028+00:00,2025-11-02T15:24:19.102028+00:00,7.220519284,7.238552265,7.213301172,7.231323353,6636,synthetic
900000001,2025-11-02T15:24:19.102028+00:00,2025-11-03T15:24:19.102028+00:00,7.231323353,7.275746236,7.229159507,7.273569748,6643,synthetic
900000001,2025-11-03T15:24:19.102028+00:00,2025-11-04T15:24:19.102028+00:00,7.273569748,7.312109796,7.267493478,7.306006428,6650,synthetic
900000001,2025-11-04T15:24:19.102028+00:00,2025-11-05T15:24:19.102028+00:00,7.306006428,7.311543322,7.269125026,7.274638148,6657,synthetic
900000001,2025-11-05T15:24:19.102028+00:00,2025-11-06T15:24:19.102028+00:00,7.274638148,7.277688651,7.219483679,7.222512325,6664,synthetic
900000001,2025-11-06T15:24:19.102028+00:00,2025-11-07T15:24:19.102028+00:00,7.222512325,7.229648644,7.205252823,7.21237913,6671,synthetic
900000001,2025-11-07T15:24:19.102028+00:00,2025-11-08T15:24:19.102028+00:00,7.21237913,7.226678558,7.211491241,7.225789017,6678,synthetic
900000001,2025-11-08T15:24:19.102028+00:00,2025-11-09T15:24:19.102028+00:00,7.225789017,7.246504029,7.219137811,7.239839888,6685,synthetic
900000001,2025-11-09T15:24:19.102028+00:00,2025-11-10T15:24:19.102028+00:00,7.239839888,7.27895814,7.235290059,7.274386599,6692,synthetic
900000001,2025-11-10T15:24:19.102028+00:00,2025-11-11T15:24:19.102028+00:00,7.274386599,7.307833519,7.270200399,7.30363049,6699,synthetic
900000001,2025-11-11T15:24:19.102028+00:00,2025-11-12T15:24:19.102028+00:00,7.30363049,7.310527838,7.266479987,7.273348738,6706,synthetic
900000001,2025-11-12T15:24:19.102028+00:00,2025-11-13T15:24:19.102028+00:00,7.273348738,7.273763452,7.216888532,7.21730005,6713,synthetic
900000001,2025-11-13T15:24:19.102028+00:00,2025-11-14T15:24:19.102028+00:00,7.21730005,7.22434179,7.200048891,7.20708066,6720,synthetic
900000001,2025-11-14T15:24:19.102028+00:00,2025-11-15T15:24:19.102028+00:00,7.20708066,7.234123556,7.20363121,7.230662819,6727,synthetic
900000001,2025-11-15T15:24:19.102028+00:00,2025-11-16T15:24:19.102028+00:00,7.230662819,7.254278223,7.225507958,7.249110211,6734,synthetic
900000001,2025-11-16T15:24:19.102028+00:00,2025-11-17T15:24:19.102028+00:00,7.249110211,7.281720068,7.242803447,7.27539044,6741,synthetic
900000001,2025-11-17T15:24:19.102028+00:00,2025-11-18T15:24:19.102028+00:00,7.27539044,7.301206382,7.273678607,7.299488879,6748,synthetic
900000001,2025-11-18T15:24:19.102028+00:00,2025-11-19T15:24:19.102028+00:00,7.299488879,7.306782368,7.264032046,7.271297366,6755,synthetic
900000001,2025-11-19T15:24:19.102028+00:00,2025-11-20T15:24:19.102028+00:00,7.271297366,7.2735751,7.211338353,7.213598011,6762,synthetic
900000001,2025-11-20T15:24:19.102028+00:00,2025-11-21T15:24:19.102028+00:00,7.213598011,7.219565146,7.196607956,7.202565964,6769,synthetic
900000001,2025-11-21T15:24:19.102028+00:00,2025-11-22T15:24:19.102028+00:00,7.202565964,7.240515537,7.197038862,7.234963574,6776,synthetic
900000001,2025-11-22T15:24:19.102028+00:00,2025-11-23T15:24:19.102028+00:00,7.234963574,7.261667624,7.23202675,7.258721156,6783,synthetic
900000001,2025-11-23T15:24:19.102028+00:00,2025-11-24T15:24:19.102028+00:00,7.258721156,7.283946469,7.251533374,7.276740843,6790,synthetic
900000001,2025-11-24T15:24:19.102028+00:00,2025-11-25T15:24:19.102028+00:00,7.276740843,7.294842369,7.275738795,7.293837967,6797,synthetic
900000001,2025-11-25T15:24:19.102028+00:00,2025-11-26T15:24:19.102028+00:00,7.293837967,7.300509113,7.261630107,7.268277875,6804,synthetic
900000001,2025-11-26T15:24:19.102028+00:00,2025-11-27T15:24:19.102028+00:00,7.268277875,7.27292833,7.206765275,7.211379324,6811,synthetic
900000001,2025-11-27T15:24:19.102028+00:00,2025-11-28T15:24:19.102028+00:00,7.211379324,7.215441975,7.195137886,7.199193673,6818,synthetic
900000001,2025-11-28T15:24:19.102028+00:00,2025-11-29T15:24:19.102028+00:00,7.199193673,7.245477624,7.192360826,7.238607369,6825,synthetic
900000001,2025-11-29T15:24:19.102028+00:00,2025-11-30T15:24:19.102028+00:00,7.238607369,7.268531787,7.238301093,7.268224258,6832,synthetic
900000001,2025-11-30T15:24:19.102028+00:00,2025-12-01T15:24:19.102028+00:00,7.268224258,7.285595996,7.261157062,7.27851879,6839,synthetic
900000001,2025-12-01T15:24:19.102028+00:00,2025-12-02T15:24:19.102028+00:00,7.27851879,7.290598185,7.274941425,7.287016643,6846,synthetic
900000001,2025-12-02T15:24:19.102028+00:00,2025-12-03T15:24:19.102028+00:00,7.287016643,7.292135874,7.259050822,7.264153991,6853,synthetic
900000001,2025-12-03T15:24:19.102028+00:00,2025-12-04T15:24:19.102028+00:00,7.264153991,7.270525894,7.20419129,7.210516145,6860,synthetic
900000001,2025-12-04T15:24:19.102028+00:00,2025-12-05T15:24:19.102028+00:00,7.210516145,7.212109338,7.195685874,7.197276142,6867,synthetic
900000001,2025-12-05T15:24:19.102028+00:00,2025-12-06T15:24:19.102028+00:00,7.197276142,7.248836115,7.190089857,7.241605568,6874,synthetic
900000001,2025-12-06T15:24:19.102028+00:00,2025-12-07T15:24:19.102028+00:00,7.241605568,7.279549616,7.239236119,7.27716853,6881,synthetic
900000001,2025-12-07T15:24:19.102028+00:00,2025-12-08T15:24:19.102028+00:00,7.27716853,7.286677503,7.271209672,7.280715741,6888,synthetic
900000001,2025-12-08T15:24:19.102028+00:00,2025-12-09T15:24:19.102028+00:00,7.280715741,7.286370947,7.273764732,7.279418931,6895,synthetic
900000001,2025-12-09T15:24:19.102028+00:00,2025-12-10T15:24:19.102028+00:00,7.279418931,7.282275521,7.256030396,7.258878926,6902,synthetic
900000001,2025-12-10T15:24:19.102028+00:00,2025-12-11T15:24:19.102028+00:00,7.258878926,7.266080992,7.203642704,7.210797064,6909,synthetic
900000001,2025-12-11T15:24:19.102028+00:00,2025-12-12T15:24:19.102028+00:00,7.210797064,7.211895089,7.1959553,7.197051232,6916,synthetic
900000001,2025-12-12T15:24:19.102028+00:00,2025-12-13T15:24:19.102028+00:00,7.197051232,7.250639447,7.190512168,7.244057674,6923,synthetic
900000001,2025-12-13T15:24:19.102028+00:00,2025-12-14T15:24:19.102028+00:00,7.244057674,7.289876877,7.239341244,7.285133704,6930,synthetic
900000001,2025-12-14T15:24:19.102028+00:00,2025-12-15T15:24:19.102028+00:00,7.285133704,7.289148833,7.279217591,7.283231672,6937,synthetic
900000001,2025-12-15T15:24:19.102028+00:00,2025-12-16T15:24:19.102028+00:00,7.283231672,7.290177305,7.26452813,7.27146254,6944,synthetic
900000001,2025-12-16T15:24:19.102028+00:00,2025-12-17T15:24:19.102028+00:00,7.27146254,7.271663199,7.252306985,7.252507121,6951,synthetic
900000001,2025-12-17T15:24:19.102028+00:00,2025-12-18T15:24:19.102028+00:00,7.252507121,7.259533327,7.204964402,7.211951318,6958,synthetic
900000001,2025-12-18T15:24:19.102028+00:00,2025-12-19T15:24:19.102028+00:00,7.211951318,7.215588062,7.195029709,7.198659751,6965,synthetic
900000001,2025-12-19T15:24:19.102028+00:00,2025-12-20T15:24:19.102028+00:00,7.198659751,7.251149752,7.193678577,7.246135726,6972,synthetic
900000001,2025-12-20T15:24:19.102028+00:00,2025-12-21T15:24:19.102028+00:00,7.246135726,7.298208032,7.239729083,7.291761049,6979,synthetic
900000001,2025-12-21T15:24:19.102028+00:00,2025-12-22T15:24:19.102028+00:00,7.291761049,7.293267304,7.284377261,7.285882302,6986,synthetic
900000001,2025-12-22T15:24:19.102028+00:00,2025-12-23T15:24:19.102028+00:00,7.285882302,7.293150342,7.256310369,7.263556138,6993,synthetic
900000001,2025-12-23T15:24:19.102028+00:00,2025-12-24T15:24:19.102028+00:00,7.263556138,7.266033578,7.242725747,7.245196925,7000,synthetic
900000001,2025-12-24T15:24:19.102028+00:00,2025-12-25T15:24:19.102028+00:00,7.245196925,7.251067722,7.207832281,7.213677538,7007,synthetic
900000001,2025-12-25T15:24:19.102028+00:00,2025-12-26T15:24:19.102028+00:00,7.213677538,7.219346965,7.196470285,7.202130638,7014,synthetic
900000001,2025-12-26T15:24:19.102028+00:00,2025-12-27T15:24:19.102028+00:00,7.202130638,7.250807574,7.199402225,7.248061761,7021,synthetic
900000001,2025-12-27T15:24:19.102028+00:00,2025-12-28T15:24:19.102028+00:00,7.248061761,7.304031454,7.240857881,7.296779154,7028,synthetic
900000001,2025-12-28T15:24:19.102028+00:00,2025-12-29T15:24:19.102028+00:00,7.296779154,7.29799634,7.287199098,7.288414889,7035,synthetic
900000001,2025-12-29T15:24:19.102028+00:00,2025-12-30T15:24:19.102028+00:00,7.288414889,7.294991417,7.249520828,7.256068169,7042,synthetic
900000001,2025-12-30T15:24:19.102028+00:00,2025-12-31T15:24:19.102028+00:00,7.256068169,7.260873001,7.23241152,7.237203861,7049,synthetic
900000001,2025-12-31T15:24:19.102028+00:00,2026-01-01T15:24:19.102028+00:00,7.237203861,7.241103222,7.211786635,7.215674397,7056,synthetic
900000001,2026-01-01T15:24:19.102028+00:00,2026-01-02T15:24:19.102028+00:00,7.215674397,7.222586832,7.200470735,7.207375219,7063,synthetic
900000001,2026-01-02T15:24:19.102028+00:00,2026-01-03T15:24:19.102028+00:00,7.207375219,7.250173821,7.207282436,7.250080489,7070,synthetic
900000001,2026-01-03T15:24:19.102028+00:00,2026-01-04T15:24:19.102028+00:00,7.250080489,7.307067279,7.243083855,7.300022449,7077,synthetic
900000001,2026-01-04T15:24:19.102028+00:00,2026-01-05T15:24:19.102028+00:00,7.300022449,7.303796029,7.286762525,7.290531199,7084,synthetic
900000001,2026-01-05T15:24:19.102028+00:00,2026-01-06T15:24:19.102028+00:00,7.290531199,7.295497898,7.244361326,7.249299936,7091,synthetic
900000001,2026-01-06T15:24:19.102028+00:00,2026-01-07T15:24:19.102028+00:00,7.249299936,7.255758553,7.222424503,7.228864914,7098,synthetic
900000001,2026-01-07T15:24:19.102028+00:00,2026-01-08T15:24:19.102028+00:00,7.228864914,7.230253868,7.216283508,7.217670311,7105,synthetic
900000001,2026-01-08T15:24:19.102028+00:00,2026-01-09T15:24:19.102028+00:00,7.217670311,7.224862093,7.207002838,7.214191153,7112,synthetic
900000001,2026-01-09T15:24:19.102028+00:00,2026-01-10T15:24:19.102028+00:00,7.214191153,7.255003524,7.211630961,7.252429761,7119,synthetic
900000001,2026-01-10T15:24:19.102028+00:00,2026-01-11T15:24:19.102028+00:00,7.252429761,7.307293655,7.24661632,7.301440927,7126,synthetic
900000001,2026-01-11T15:24:19.102028+00:00,2026-01-12T15:24:19.102028+00:00,7.301440927,7.307245184,7.28611888,7.291915565,7133,synthetic
900000001,2026-01-12T15:24:19.102028+00:00,2026-01-13T15:24:19.102028+00:00,7.291915565,7.294578324,7.240820181,7.243465247,7140,synthetic
900000001,2026-01-13T15:24:19.102028+00:00,2026-01-14T15:24:19.102028+00:00,7.243465247,7.250675537,7.213387648,7.220575152,7147,synthetic
900000001,2026-01-14T15:24:19.102028+00:00,2026-01-15T15:24:19.102028+00:00,7.220575152,7.221884327,7.218140533,7.219449503,7154,synthetic
900000001,2026-01-15T15:24:19.102028+00:00,2026-01-16T15:24:19.102028+00:00,7.219449503,7.228746043,7.212981734,7.222275742,7161,synthetic
900000001,2026-01-16T15:24:19.102028+00:00,2026-01-17T15:24:19.102028+00:00,7.222275742,7.260195507,7.217414115,7.255311642,7168,synthetic
900000001,2026-01-17T15:24:19.102028+00:00,2026-01-18T15:24:19.102028+00:00,7.255311642,7.30494307,7.251492948,7.301100276,7175,synthetic
900000001,2026-01-18T15:24:19.102028+00:00,2026-01-19T15:24:19.102028+00:00,7.301100276,7.308124626,7.285249664,7.292265515,7182,synthetic
900000001,2026-01-19T15:24:19.102028+00:00,2026-01-20T15:24:19.102028+00:00,7.292265515,7.292279016,7.238664929,7.238678331,7189,synthetic
900000001,2026-01-20T15:24:19.102028+00:00,2026-01-21T15:24:19.102028+00:00,7.238678331,7.245635268,7.205826607,7.212758633,7196,synthetic
900000001,2026-01-21T15:24:19.102028+00:00,2026-01-22T15:24:19.102028+00:00,7.212758633,7.224695319,7.208939652,7.220872041,7203,synthetic
900000001,2026-01-22T15:24:19.102028+00:00,2026-01-23T15:24:19.102028+00:00,7.220872041,7.236095361,7.216031166,7.23124753,7210,synthetic
900000001,2026-01-23T15:24:19.102028+00:00,2026-01-24T15:24:19.102028+00:00,7.23124753,7.26538177,7.224757338,7.25886679,7217,synthetic
900000001,2026-01-24T15:24:19.102028+00:00,2026-01-25T15:24:19.102028+00:00,7.25886679,7.300469323,7.257577115,7.299172487,7224,synthetic
900000001,2026-01-25T15:24:19.102028+00:00,2026-01-26T15:24:19.102028+00:00,7.299172487,7.306435595,7.284066858,7.291322154,7231,synthetic
900000001,2026-01-26T15:24:19.102028+00:00,2026-01-27T15:24:19.102028+00:00,7.291322154,7.294009812,7.232284102,7.234950981,7238,synthetic
900000001,2026-01-27T15:24:19.102028+00:00,2026-01-28T15:24:19.102028+00:00,7.234950981,7.24068609,7.200124083,7.205836112,7245,synthetic
900000001,2026-01-28T15:24:19.102028+00:00,2026-01-29T15:24:19.102028+00:00,7.205836112,7.227690954,7.200044106,7.221886047,7252,synthetic
900000001,2026-01-29T15:24:19.102028+00:00,2026-01-30T15:24:19.102028+00:00,7.221886047,7.243218843,7.219348143,7.240674336,7259,synthetic
900000001,2026-01-30T15:24:19.102028+00:00,2026-01-31T15:24:19.102028+00:00,7.240674336,7.270393939,7.233457414,7.26315461,7266,synthetic
900000001,2026-01-31T15:24:19.102028+00:00,2026-02-01T15:24:19.102028+00:00,7.26315461,7.297346198,7.261732683,7.295917857,7273,synthetic
900000001,2026-02-01T15:24:19.102028+00:00,2026-02-02T15:24:19.102028+00:00,7.295917857,7.302405693,7.282415933,7.288897527,7280,synthetic
900000001,2026-02-02T15:24:19.102028+00:00,2026-02-03T15:24:19.102028+00:00,7.288897527,7.293882837,7.227252524,7.232199054,7287,synthetic
900000001,2026-02-03T15:24:19.102028+00:00,2026-02-04T15:24:19.102028+00:00,7.232199054,7.235914624,7.1964932,7.200192326,7294,synthetic
900000001,2026-02-04T15:24:19.102028+00:00,2026-02-05T15:24:19.102028+00:00,7.200192326,7.229507994,7.193236896,7.222530985,7301,synthetic
900000001,2026-02-05T15:24:19.102028+00:00,2026-02-06T15:24:19.102028+00:00,7.222530985,7.250225499,7.222411265,7.250105322,7308,synthetic
900000001,2026-02-06T15:24:19.102028+00:00,2026-02-07T15:24:19.102028+00:00,7.250105322,7.275096001,7.243167652,7.268141072,7315,synthetic
900000001,2026-02-07T15:24:19.102028+00:00,2026-02-08T15:24:19.102028+00:00,7.268141072,7.295611451,7.264202396,7.291660029,7322,synthetic
900000001,2026-02-08T15:24:19.102028+00:00,2026-02-09T15:24:19.102028+00:00,7.291660029,7.296468165,7.280092753,7.284896428,7329,synthetic
900000001,2026-02-09T15:24:19.102028+00:00,2026-02-10T15:24:19.102028+00:00,7.284896428,7.291481364,7.223722048,7.230257594,7336,synthetic
900000001,2026-02-10T15:24:19.102028+00:00,2026-02-11T15:24:19.102028+00:00,7.230257594,7.231437278,7.19497161,7.196145728,7343,synthetic
900000001,2026-02-11T15:24:19.102028+00:00,2026-02-12T15:24:19.102028+00:00,7.196145728,7.230107665,7.188996434,7.22293176,7350,synthetic
900000001,2026-02-12T15:24:19.102028+00:00,2026-02-13T15:24:19.102028+00:00,7.22293176,7.261879186,7.220170734,7.259104333,7357,synthetic
900000001,2026-02-13T15:24:19.102028+00:00,2026-02-14T15:24:19.102028+00:00,7.259104333,7.279395332,7.253415863,7.273695428,7364,synthetic
900000001,2026-02-14T15:24:19.102028+00:00,2026-02-15T15:24:19.102028+00:00,7.273695428,7.29267661,7.267785795,7.286756365,7371,synthetic
900000001,2026-02-15T15:24:19.102028+00:00,2026-02-16T15:24:19.102028+00:00,7.286756365,7.289216337,7.276873142,7.279330607,7378,synthetic
900000001,2026-02-16T15:24:19.102028+00:00,2026-02-17T15:24:19.102028+00:00,7.279330607,7.286593947,7.221690072,7.228903095,7385,synthetic
900000001,2026-02-17T15:24:19.102028+00:00,2026-02-18T15:24:19.102028+00:00,7.228903095,7.230422546,7.192411187,7.193923286,7392,synthetic
900000001,2026-02-18T15:24:19.102028+00:00,2026-02-19T15:24:19.102028+00:00,7.193923286,7.229658093,7.187575295,7.223284194,7399,synthetic
900000001,2026-02-19T15:24:19.102028+00:00,2026-02-20T15:24:19.102028+00:00,7.223284194,7.272329695,7.218266704,7.267281644,7406,synthetic
900000001,2026-02-20T15:24:19.102028+00:00,2026-02-21T15:24:19.102028+00:00,7.267281644,7.283243777,7.263640262,7.279596224,7413,synthetic
900000001,2026-02-21T15:24:19.102028+00:00,2026-02-22T15:24:19.102028+00:00,7.279596224,7.288627287,7.272537141,7.281566294,7420,synthetic
900000001,2026-02-22T15:24:19.102028+00:00,2026-02-23T15:24:19.102028+00:00,7.281566294,7.281794183,7.272096392,7.272323992,7427,synthetic
900000001,2026-02-23T15:24:19.102028+00:00,2026-02-24T15:24:19.102028+00:00,7.272323992,7.279251072,7.220996018,7.227880765,7434,synthetic
900000001,2026-02-24T15:24:19.102028+00:00,2026-02-25T15:24:19.102028+00:00,7.227880765,7.231886645,7.189655656,7.193642561,7441,synthetic
900000001,2026-02-25T15:24:19.102028+00:00,2026-02-26T15:24:19.102028+00:00,7.193642561,7.228516178,7.188979205,7.223833251,7448,synthetic
900000001,2026-02-26T15:24:19.102028+00:00,2026-02-27T15:24:19.102028+00:00,7.223833251,7.280941883,7.217258725,7.274321407,7455,synthetic
900000001,2026-02-27T15:24:19.102028+00:00,2026-02-28T15:24:19.102028+00:00,7.274321407,7.286628912,7.273240339,7.285546176,7462,synthetic
900000001,2026-02-28T15:24:19.102028+00:00,2026-03-01T15:24:19.102028+00:00,7.285546176,7.292771282,7.269204442,7.276420498,7469,synthetic
900000001,2026-03-01T15:24:19.102028+00:00,2026-03-02T15:24:19.102028+00:00,7.276420498,7.279300675,7.261233051,7.264108355,7476,synthetic
900000001,2026-03-02T15:24:19.102028+00:00,2026-03-03T15:24:19.102028+00:00,7.264108355,7.269733682,7.221337673,7.226934212,7483,synthetic
900000001,2026-03-03T15:24:19.102028+00:00,2026-03-04T15:24:19.102028+00:00,7.226934212,7.232867257,7.189395559,7.195302635,7490,synthetic
900000001,2026-03-04T15:24:19.102028+00:00,2026-03-05T15:24:19.102028+00:00,7.195302635,7.227184705,7.192973529,7.224846035,7497,synthetic
900000001,2026-03-05T15:24:19.102028+00:00,2026-03-06T15:24:19.102028+00:00,7.224846035,7.287272776,7.217630794,7.280002452,7504,synthetic
900000001,2026-03-06T15:24:19.102028+00:00,2026-03-07T15:24:19.102028+00:00,7.280002452,7.29283201,7.278367625,7.29119467,7511,synthetic
900000001,2026-03-07T15:24:19.102028+00:00,2026-03-08T15:24:19.102028+00:00,7.29119467,7.297577285,7.265228199,7.271593655,7518,synthetic
900000001,2026-03-08T15:24:19.102028+00:00,2026-03-09T15:24:19.102028+00:00,7.271593655,7.276721178,7.249893846,7.255009675,7525,synthetic
900000001,2026-03-09T15:24:19.102028+00:00,2026-03-10T15:24:19.102028+00:00,7.255009675,7.258552065,7.222306618,7.225834763,7532,synthetic
900000001,2026-03-10T15:24:19.102028+00:00,2026-03-11T15:24:19.102028+00:00,7.225834763,7.232866943,7.191778809,7.198784664,7539,synthetic
900000001,2026-03-11T15:24:19.102028+00:00,2026-03-12T15:24:19.102028+00:00,7.198784664,7.226914587,7.198453442,7.226582087,7546,synthetic
900000001,2026-03-12T15:24:19.102028+00:00,2026-03-13T15:24:19.102028+00:00,7.226582087,7.291115721,7.21973172,7.284210726,7553,synthetic
900000001,2026-03-13T15:24:19.102028+00:00,2026-03-14T15:24:19.102028+00:00,7.284210726,7.300298641,7.280084787,7.29616593,7560,synthetic
900000001,2026-03-14T15:24:19.102028+00:00,2026-03-15T15:24:19.102028+00:00,7.29616593,7.300813433,7.262654056,7.267283162,7567,synthetic
900000001,2026-03-15T15:24:19.102028+00:00,2026-03-16T15:24:19.102028+00:00,7.267283162,7.273940855,7.238788634,7.245426303,7574,synthetic
900000001,2026-03-16T15:24:19.102028+00:00,2026-03-17T15:24:19.102028+00:00,7.245426303,7.246397458,7.223439333,7.224407672,7581,synthetic
900000001,2026-03-17T15:24:19.102028+00:00,2026-03-18T15:24:19.102028+00:00,7.224407672,7.231557695,7.196732313,7.203862003,7588,synthetic
900000001,2026-03-18T15:24:19.102028+00:00,2026-03-19T15:24:19.102028+00:00,7.203862003,7.232222689,7.200913444,7.229263733,7595,synthetic
900000001,2026-03-19T15:24:19.102028+00:00,2026-03-20T15:24:19.102028+00:00,7.229263733,7.29251689,7.223733346,7.286942378,7602,synthetic
900000001,2026-03-20T15:24:19.102028+00:00,2026-03-21T15:24:19.102028+00:00,7.286942378,7.306144223,7.280899453,7.300090394,7609,synthetic
900000001,2026-03-21T15:24:19.102028+00:00,2026-03-22T15:24:19.102028+00:00,7.300090394,7.30235146,7.261345901,7.263595663,7616,synthetic
900000001,2026-03-22T15:24:19.102028+00:00,2026-03-23T15:24:19.102028+00:00,7.263595663,7.270854329,7.228569862,7.235800752,7623,synthetic
900000001,2026-03-23T15:24:19.102028+00:00,2026-03-24T15:24:19.102028+00:00,7.235800752,7.2375293,7.220827371,7.222552753,7630,synthetic
900000001,2026-03-24T15:24:19.102028+00:00,2026-03-25T15:24:19.102028+00:00,7.222552753,7.228823183,7.203959289,7.210219011,7637,synthetic
900000001,2026-03-25T15:24:19.102028+00:00,2026-03-26T15:24:19.102028+00:00,7.210219011,7.2382246,7.205060037,7.233049291,7644,synthetic
900000001,2026-03-26T15:24:19.102028+00:00,2026-03-27T15:24:19.102028+00:00,7.233049291,7.291761948,7.229610953,7.288297346,7651,synthetic
900000001,2026-03-27T15:24:19.102028+00:00,2026-03-28T15:24:19.102028+00:00,7.288297346,7.309767395,7.281180468,7.302636515,7658,synthetic
900000001,2026-03-28T15:24:19.102028+00:00,2026-03-29T15:24:19.102028+00:00,7.302636515,7.303079893,7.260101725,7.260542547,7665,synthetic
900000001,2026-03-29T15:24:19.102028+00:00,2026-03-30T15:24:19.102028+00:00,7.260542547,7.267390316,7.219771763,7.226587507,7672,synthetic
900000001,2026-03-30T15:24:19.102028+00:00,2026-03-31T15:24:19.102028+00:00,7.226587507,7.230768056,7.216080624,7.220257512,7679,synthetic
900000001,2026-03-31T15:24:19.102028+00:00,2026-04-01T15:24:19.102028+00:00,7.220257512,7.224774207,7.212961906,7.217476862,7686,synthetic
900000001,2026-04-01T15:24:19.102028+00:00,2026-04-02T15:24:19.102028+00:00,7.217476862,7.244684518,7.210822908,7.238011633,7693,synthetic
900000001,2026-04-02T15:24:19.102028+00:00,2026-04-03T15:24:19.102028+00:00,7.238011633,7.289334606,7.237147192,7.28846414,7700,synthetic
900000001,2026-04-03T15:24:19.102028+00:00,2026-04-04T15:24:19.102028+00:00,7.28846414,7.310752328,7.281266862,7.303540163,7707,synthetic
900000001,2026-04-04T15:24:19.102028+00:00,2026-04-05T15:24:19.102028+00:00,7.303540163,7.306627317,7.254976776,7.2580447,7714,synthetic
900000001,2026-04-05T15:24:19.102028+00:00,2026-04-06T15:24:19.102028+00:00,7.2580447,7.263527673,7.212766725,7.218219613,7721,synthetic
900000001,2026-04-06T15:24:19.102028+00:00,2026-04-07T15:24:19.102028+00:00,7.218219613,7.224264295,7.21155733,7.217601494,7728,synthetic
900000001,2026-04-07T15:24:19.102028+00:00,2026-04-08T15:24:19.102028+00:00,7.217601494,7.227360575,7.21546727,7.225224098,7735,synthetic
900000001,2026-04-08T15:24:19.102028+00:00,2026-04-09T15:24:19.102028+00:00,7.225224098,7.251366531,7.218000641,7.244124179,7742,synthetic
900000001,2026-04-09T15:24:19.102028+00:00,2026-04-10T15:24:19.102028+00:00,7.244124179,7.289542265,7.242290252,7.287697307,7749,synthetic
900000001,2026-04-10T15:24:19.102028+00:00,2026-04-11T15:24:19.102028+00:00,7.287697307,7.308914885,7.28142426,7.302628985,7756,synthetic
900000001,2026-04-11T15:24:19.102028+00:00,2026-04-12T15:24:19.102028+00:00,7.302628985,7.307928633,7.250680223,7.255945992,7763,synthetic
900000001,2026-04-12T15:24:19.102028+00:00,2026-04-13T15:24:19.102028+00:00,7.255945992,7.259300844,7.207742805,7.211076911,7770,synthetic
900000001,2026-04-13T15:24:19.102028+00:00,2026-04-14T15:24:19.102028+00:00,7.211076911,7.22181864,7.204013307,7.214751436,7777,synthetic
900000001,2026-04-14T15:24:19.102028+00:00,2026-04-15T15:24:19.102028+00:00,7.214751436,7.233594655,7.214207403,7.233049242,7784,synthetic
900000001,2026-04-15T15:24:19.102028+00:00,2026-04-16T15:24:19.102028+00:00,7.233049242,7.258058497,7.226263543,7.251255717,7791,synthetic
900000001,2026-04-16T15:24:19.102028+00:00,2026-04-17T15:24:19.102028+00:00,7.251255717,7.290591845,7.246974259,7.286289701,7798,synthetic
900000001,2026-04-17T15:24:19.102028+00:00,2026-04-18T15:24:19.102028+00:00,7.286289701,7.304321665,7.281815896,7.29983954,7805,synthetic
900000001,2026-04-18T15:24:19.102028+00:00,2026-04-19T15:24:19.102028+00:00,7.29983954,7.306610335,7.247305871,7.254034179,7812,synthetic
900000001,2026-04-19T15:24:19.102028+00:00,2026-04-20T15:24:19.102028+00:00,7.254034179,7.254794392,7.204703509,7.205458631,7819,synthetic
900000001,2026-04-20T15:24:19.102028+00:00,2026-04-21T15:24:19.102028+00:00,7.205458631,7.219051785,7.198360822,7.211947584,7826,synthetic
900000001,2026-04-21T15:24:19.102028+00:00,2026-04-22T15:24:19.102028+00:00,7.211947584,7.243729449,7.208803236,7.24057262,7833,synthetic
900000001,2026-04-22T15:24:19.102028+00:00,2026-04-23T15:24:19.102028+00:00,7.24057262,7.264587832,7.235173295,7.259174635,7840,synthetic
900000001,2026-04-23T15:24:19.102028+00:00,2026-04-24T15:24:19.102028+00:00,7.259174635,7.290700316,7.253037895,7.28454213,7847,synthetic
900000001,2026-04-24T15:24:19.102028+00:00,2026-04-25T15:24:19.102028+00:00,7.28454213,7.297279942,7.282490812,7.295225615,7854,synthetic
900000001,2026-04-25T15:24:19.102028+00:00,2026-04-26T15:24:19.102028+00:00,7.295225615,7.302520642,7.244815337,7.252067206,7861,synthetic
900000001,2026-04-26T15:24:19.102028+00:00,2026-04-27T15:24:19.102028+00:00,7.252067206,7.25400625,7.199637167,7.201562708,7868,synthetic
900000001,2026-04-27T15:24:19.102028+00:00,2026-04-28T15:24:19.102028+00:00,7.201562708,7.215633416,7.195418449,7.2094824,7875,synthetic
900000001,2026-04-28T15:24:19.102028+00:00,2026-04-29T15:24:19.102028+00:00,7.2094824,7.25280709,7.204177883,7.247474619,7882,synthetic
900000001,2026-04-29T15:24:19.102028+00:00,2026-04-30T15:24:19.102028+00:00,7.247474619,7.27082731,7.244218672,7.267562339,7889,synthetic
900000001,2026-04-30T15:24:19.102028+00:00,2026-05-01T15:24:19.102028+00:00,7.267562339,7.289887786,7.260422645,7.282733188,7896,synthetic
900000001,2026-05-01T15:24:19.102028+00:00,2026-05-02T15:24:19.102028+00:00,7.282733188,7.289613543,7.282077158,7.288956952,7903,synthetic
900000001,2026-05-02T15:24:19.102028+00:00,2026-05-03T15:24:19.102028+00:00,7.288956952,7.295757201,7.2430387,7.249802419,7910,synthetic
900000001,2026-05-03T15:24:19.102028+00:00,2026-05-04T15:24:19.102028+00:00,7.249802419,7.254168711,7.195137562,7.199473542,7917,synthetic
900000001,2026-05-04T15:24:19.102028+00:00,2026-05-05T15:24:19.102028+00:00,7.199473542,7.212014843,7.195137196,7.207673558,7924,synthetic
900000001,2026-05-05T15:24:19.102028+00:00,2026-05-06T15:24:19.102028+00:00,7.207673558,7.260284983,7.200949308,7.253517963,7931,synthetic
900000001,2026-05-06T15:24:19.102028+00:00,2026-05-07T15:24:19.102028+00:00,7.253517963,7.276690657,7.252864105,7.276034769,7938,synthetic
900000001,2026-05-07T15:24:19.102028+00:00,2026-05-08T15:24:19.102028+00:00,7.276034769,7.288245108,7.268886665,7.281092036,7945,synthetic
900000001,2026-05-08T15:24:19.102028+00:00,2026-05-09T15:24:19.102028+00:00,7.281092036,7.284579155,7.277821401,7.281308422,7952,synthetic
900000001,2026-05-09T15:24:19.102028+00:00,2026-05-10T15:24:19.102028+00:00,7.281308422,7.286666101,7.24169349,7.247025943,7959,synthetic
900000001,2026-05-10T15:24:19.102028+00:00,2026-05-11T15:24:19.102028+00:00,7.247025943,7.25320875,7.193017245,7.199159215,7966,synthetic
900000001,2026-05-11T15:24:19.102028+00:00,2026-05-12T15:24:19.102028+00:00,7.199159215,7.208761069,7.197233875,7.206833677,7973,synthetic
900000001,2026-05-12T15:24:19.102028+00:00,2026-05-13T15:24:19.102028+00:00,7.206833677,7.265820476,7.199627037,7.258562109,7980,synthetic
900000001,2026-05-13T15:24:19.102028+00:00,2026-05-14T15:24:19.102028+00:00,7.258562109,7.286220994,7.25651855,7.284170225,7987,synthetic
900000001,2026-05-14T15:24:19.102028+00:00,2026-05-15T15:24:19.102028+00:00,7.284170225,7.290328344,7.27362221,7.279776614,7994,synthetic
